date,temp_max,temp_min,temp_mean,precipitation,snowfall,wind_max,city
2021-01-01,37.4,26,31.3,0.012,0.055,6.3,Boston
2021-01-02,43.5,31.1,38.9,0.37,0.469,14.8,Boston
2021-01-03,37,26.4,32.1,0.067,0.303,10.8,Boston
2021-01-04,37.4,29.9,33.6,0.004,0.028,11.5,Boston
2021-01-05,34.2,29.7,32,0.051,0.358,9.2,Boston
2021-01-06,38.6,28,32.9,0.008,0.055,12.1,Boston
2021-01-07,37,27.4,30.9,0,0,12.4,Boston
2021-01-08,38.8,25.1,29.5,0,0,11.7,Boston
2021-01-09,32.9,23.2,28.2,0,0,10.5,Boston
2021-01-10,40.1,24.6,30.6,0,0,10.4,Boston
2021-01-11,38.7,22.6,28.9,0,0,5.8,Boston
2021-01-12,40.8,25,31.3,0,0,8.5,Boston
2021-01-13,41,25.3,31.9,0.012,0.083,8.5,Boston
2021-01-14,37.9,27.9,33,0.102,0.055,5.5,Boston
2021-01-15,41.2,29.3,35.4,0.004,0,9.9,Boston
2021-01-16,51.6,37.3,43.7,1.106,0,22.6,Boston
2021-01-17,43.3,33.5,38.2,0,0,22,Boston
2021-01-18,44,31,37.1,0,0,15,Boston
2021-01-19,40.8,23.3,31,0,0,10.7,Boston
2021-01-20,37.9,24.7,31,0.008,0.055,11.1,Boston
2021-01-21,34.3,19.8,26,0,0,11.4,Boston
2021-01-22,44,26.1,32.6,0.035,0.165,9.6,Boston
2021-01-23,30.2,17,25.5,0,0,17.6,Boston
2021-01-24,29.3,15,21.3,0,0,20.4,Boston
2021-01-25,36.5,19.8,26.1,0,0,13.3,Boston
2021-01-26,34.6,22.8,28.6,0.165,1.157,8.7,Boston
2021-01-27,36.7,29.1,32.6,0.154,1.102,6.9,Boston
2021-01-28,31.5,19.6,28.3,0.11,0.744,13.8,Boston
2021-01-29,17,6.1,12,0.008,0.055,18.5,Boston
2021-01-30,20.3,6.2,12.1,0,0,13.8,Boston
2021-01-31,22.6,-2.4,12.4,0,0,7.8,Boston
2021-02-01,35.1,18.3,30,0.72,4.189,26.4,Boston
2021-02-02,35.6,30.8,33.5,0.634,2.646,29.8,Boston
2021-02-03,32.5,29.3,30.8,0,0,9,Boston
2021-02-04,37.6,20.9,30.5,0.008,0.055,10,Boston
2021-02-05,42.1,13.5,27.9,0.047,0.11,11.3,Boston
2021-02-06,41.7,25.7,32.2,0,0,19.2,Boston
2021-02-07,39.2,23.1,30.6,0.382,2.232,11,Boston
2021-02-08,30.4,6.9,19.9,0,0,13.3,Boston
2021-02-09,27.6,8.5,20.5,0.264,1.846,6.8,Boston
2021-02-10,30,8,17.9,0,0,8.9,Boston
2021-02-11,29.7,8.8,18.8,0.012,0.083,9.8,Boston
2021-02-12,24.3,6.1,15.4,0,0,11.4,Boston
2021-02-13,27.4,9.3,19.8,0,0,8.1,Boston
2021-02-14,33.6,25.6,29.2,0,0.028,7.6,Boston
2021-02-15,33.3,26.2,29.2,0.083,0.22,8.5,Boston
2021-02-16,44.4,32.4,38.3,0.571,0,15.1,Boston
2021-02-17,31.4,21.1,25.3,0,0,15.6,Boston
2021-02-18,29.8,20,25.2,0.102,0.689,9.7,Boston
2021-02-19,33.3,27.8,30.3,0.378,2.646,11.4,Boston
2021-02-20,32.6,19.5,27,0.051,0.358,10.8,Boston
2021-02-21,31.5,9.2,20.6,0,0,10.2,Boston
2021-02-22,40.3,2.3,26.1,0.287,0.055,16.4,Boston
2021-02-23,46.6,30.2,36.9,0,0,13.9,Boston
2021-02-24,50.6,32.5,41.2,0,0,17.7,Boston
2021-02-25,47.4,31.5,41.2,0,0,18.5,Boston
2021-02-26,39.6,22.5,30.7,0,0,9,Boston
2021-02-27,48.5,28.8,38,0.307,0.193,15.9,Boston
2021-02-28,47,29.7,38.6,0,0,10.8,Boston
2021-03-01,48.5,31.8,41,0.256,0,21.5,Boston
2021-03-02,28.6,10.3,19.8,0,0,25.9,Boston
2021-03-03,46.5,22.2,34.4,0,0,11.6,Boston
2021-03-04,39.2,26,32.1,0,0,16.8,Boston
2021-03-05,30.8,18.9,24.8,0,0,16,Boston
2021-03-06,34.9,17.5,25.5,0,0,12.2,Boston
2021-03-07,35.8,18.4,26.2,0,0,9.7,Boston
2021-03-08,37.9,19.8,28.4,0,0,8.9,Boston
2021-03-09,56.5,27,42.5,0,0,13.4,Boston
2021-03-10,48.6,26.7,37.7,0,0,10.9,Boston
2021-03-11,66.7,34.8,49.5,0,0,14.7,Boston
2021-03-12,59.8,43.2,53.7,0.02,0,15.4,Boston
2021-03-13,45,27,37.1,0,0,21.4,Boston
2021-03-14,44.6,22.4,34.9,0.012,0.083,22.2,Boston
2021-03-15,27,14.4,20.7,0,0,18.6,Boston
2021-03-16,39.9,18.6,27.4,0,0,10.9,Boston
2021-03-17,52.9,26.3,37.5,0,0,13.2,Boston
2021-03-18,49.2,33.2,40.6,0.535,0,15.2,Boston
2021-03-19,39.5,26.9,33.4,0.055,0.055,16.5,Boston
2021-03-20,56.5,25.1,39.5,0,0,9.9,Boston
2021-03-21,57.3,28.9,43,0,0,8.2,Boston
2021-03-22,57.1,30.6,44.1,0,0,8.5,Boston
2021-03-23,58.8,31.2,45.4,0,0,10.8,Boston
2021-03-24,55.1,36.9,46.9,0,0,7.4,Boston
2021-03-25,65.3,47.3,55.1,0.146,0,8.6,Boston
2021-03-26,68.1,52.4,59.2,0.079,0,19.6,Boston
2021-03-27,58.8,41.4,48.9,0,0,20.2,Boston
2021-03-28,57.8,40.5,47.5,0.579,0,19.7,Boston
2021-03-29,50.1,37.2,45,0.134,0,25.7,Boston
2021-03-30,57.4,29.5,43.1,0,0,14.1,Boston
2021-03-31,64.8,44,54.6,0.157,0,17.9,Boston
2021-04-01,54.7,34.8,45.5,0.965,0,17.6,Boston
2021-04-02,39.9,25.4,32.5,0,0,14,Boston
2021-04-03,48.7,25.8,36.2,0,0,10.6,Boston
2021-04-04,57.1,27.4,43,0,0,12.7,Boston
2021-04-05,54.1,42.3,48,0.004,0,15.4,Boston
2021-04-06,60.2,40.4,48.3,0,0,11.2,Boston
2021-04-07,56.7,40.3,47.7,0,0,10.2,Boston
2021-04-08,57.3,42.6,48.6,0,0,11.2,Boston
2021-04-09,59.9,39.1,50.2,0,0,9.7,Boston
2021-04-10,73.3,45.3,58.3,0,0,12.6,Boston
2021-04-11,55.6,43.4,48.3,0,0,15.7,Boston
2021-04-12,48.4,41.5,44.7,0.075,0,17.2,Boston
2021-04-13,54.1,38.7,47.2,0,0,13.4,Boston
2021-04-14,50.6,42.9,46.6,0.008,0,10.6,Boston
2021-04-15,49.4,41,44.4,0.181,0,13.1,Boston
2021-04-16,40.8,35.4,37.7,1.717,3.445,22.1,Boston
2021-04-17,47.5,36.4,40.7,0.098,0,15.9,Boston
2021-04-18,58.6,34.9,46.7,0.004,0,12.6,Boston
2021-04-19,63.3,37.6,51.3,0,0,7.6,Boston
2021-04-20,70.8,42,55.9,0.047,0,17.1,Boston
2021-04-21,66.6,38.4,53.5,0.106,0,18.9,Boston
2021-04-22,45.9,31.5,38.4,0.004,0,23.5,Boston
2021-04-23,56.5,34.5,45.8,0,0,21.6,Boston
2021-04-24,69.5,44.1,56.2,0,0,14.6,Boston
2021-04-25,53.8,43.5,49.9,0.323,0,9.1,Boston
2021-04-26,53.1,41.5,47.2,0,0,17.1,Boston
2021-04-27,65.4,38.2,50.2,0,0,13.3,Boston
2021-04-28,58,46.8,51.3,0.118,0,10.7,Boston
2021-04-29,54.2,46.4,48.5,0.78,0,8.7,Boston
2021-04-30,63,45.9,53.9,0.201,0,23.3,Boston
2021-05-01,61.1,40.6,50.1,0.122,0,15.8,Boston
2021-05-02,75.5,47.3,59,0.047,0,17.7,Boston
2021-05-03,63.3,49.5,55,0,0,10.8,Boston
2021-05-04,54.7,46.4,49.4,0.854,0,12.4,Boston
2021-05-05,49.9,46,48,0.52,0,7.9,Boston
2021-05-06,61.7,47.8,54.1,0.008,0,15.7,Boston
2021-05-07,55.8,43.2,48.8,0,0,14.9,Boston
2021-05-08,52.2,41.6,47.6,0.024,0,10.2,Boston
2021-05-09,65.3,43.2,54.4,0.02,0,13.2,Boston
2021-05-10,59.1,48.4,53.3,0.382,0,7.7,Boston
2021-05-11,61.6,47.8,54.2,0.004,0,19.3,Boston
2021-05-12,63.8,42.3,52.8,0.004,0,11.3,Boston
2021-05-13,67.3,42.2,56,0,0,8.9,Boston
2021-05-14,73.4,45.9,60.2,0,0,9.1,Boston
2021-05-15,72.9,47.6,61.8,0,0,13.2,Boston
2021-05-16,76.1,54,64.2,0.051,0,16.8,Boston
2021-05-17,74.2,48.9,62.3,0,0,11.9,Boston
2021-05-18,82.7,54.7,68.8,0,0,13.7,Boston
2021-05-19,72.7,59.6,65.8,0,0,12.4,Boston
2021-05-20,71.1,52.9,62.8,0,0,12.3,Boston
2021-05-21,78.2,52.2,64.9,0,0,12.1,Boston
2021-05-22,89.1,60.7,74.6,0,0,10.9,Boston
2021-05-23,90.9,64.4,76.1,0.004,0,17,Boston
2021-05-24,67.5,53.4,60.4,0,0,15.6,Boston
2021-05-25,79.8,50.7,64.6,0,0,16.4,Boston
2021-05-26,93.1,61.5,75.7,0.165,0,15.8,Boston
2021-05-27,83,63.7,72,0.059,0,11.1,Boston
2021-05-28,61.5,48.6,54.7,0.472,0,11.2,Boston
2021-05-29,49.3,45.6,47.7,1.307,0,20.6,Boston
2021-05-30,51.2,48.6,49.7,0.819,0,18.6,Boston
2021-05-31,62.1,49.4,54.2,0.63,0,10.3,Boston
2021-06-01,75.3,50.4,63.4,0,0,10.3,Boston
2021-06-02,79,55.4,67.3,0,0,13.7,Boston
2021-06-03,72.2,55.9,65.4,0.055,0,14.4,Boston
2021-06-04,77.3,64.5,70,0.193,0,11.8,Boston
2021-06-05,88.1,61.6,75.8,0.012,0,14.8,Boston
2021-06-06,91.4,69.8,80.7,0,0,12.4,Boston
2021-06-07,93.9,70.3,81.9,0.008,0,15,Boston
2021-06-08,94,73,81.2,0.15,0,9.7,Boston
2021-06-09,84.8,71.1,77.4,0.429,0,9.5,Boston
2021-06-10,70.3,56.9,65.1,0,0,12.3,Boston
2021-06-11,63.9,52.9,59.6,0.087,0,8.1,Boston
2021-06-12,69.3,58.7,63.5,0.642,0,7.1,Boston
2021-06-13,80.7,58.3,68.9,0,0,12.5,Boston
2021-06-14,71.8,57.5,65.3,0.102,0,13.7,Boston
2021-06-15,76.4,62,67.9,0.37,0,8.5,Boston
2021-06-16,74.6,57.7,65.9,0,0,12.7,Boston
2021-06-17,77.4,52.5,65.8,0,0,8.9,Boston
2021-06-18,84.9,54.9,69.8,0,0,15.9,Boston
2021-06-19,88.7,66.2,76.3,0.02,0,12.6,Boston
2021-06-20,90.3,67.6,77.3,0.004,0,14.5,Boston
2021-06-21,87.1,67.9,77.2,0,0,20,Boston
2021-06-22,85.6,63.4,73.8,0.417,0,11.8,Boston
2021-06-23,76.3,56.1,65.3,0,0,12.7,Boston
2021-06-24,74.3,54.8,64.6,0,0,13.2,Boston
2021-06-25,73.8,60.5,65,0.13,0,7.9,Boston
2021-06-26,82.9,63.7,74,0.024,0,17.9,Boston
2021-06-27,88.7,71.9,79,0.02,0,16.6,Boston
2021-06-28,96.3,73.8,84.5,0,0,13.9,Boston
2021-06-29,99.3,76.5,86.2,0.035,0,11,Boston
2021-06-30,98.7,73.5,84.3,0.126,0,14.1,Boston
2021-07-01,84.7,68.1,76.1,0.394,0,9.2,Boston
2021-07-02,67.1,59.5,63.6,1.921,0,15.7,Boston
2021-07-03,61.3,57.1,59.7,0.921,0,13.8,Boston
2021-07-04,67.2,56.5,60.5,0.402,0,8.6,Boston
2021-07-05,73.4,55.9,64.9,0.024,0,9.8,Boston
2021-07-06,86.5,66,75.9,0.189,0,13.6,Boston
2021-07-07,89.3,71,79.2,0.008,0,11.3,Boston
2021-07-08,70.8,62,66,0.378,0,10.4,Boston
2021-07-09,73.1,62.7,69,1.878,0,19.1,Boston
2021-07-10,72.5,63.1,67.6,0.264,0,9.5,Boston
2021-07-11,79.1,60,69.7,0.142,0,9.3,Boston
2021-07-12,68.9,62.9,66.6,1.177,0,10.9,Boston
2021-07-13,67.9,62,64.6,0.02,0,11,Boston
2021-07-14,78.4,64.2,71.2,0.157,0,7.4,Boston
2021-07-15,83,68.9,76.2,0,0,7.4,Boston
2021-07-16,89.9,72.4,80.4,0,0,13.2,Boston
2021-07-17,75.9,66.9,71.6,0.157,0,9.9,Boston
2021-07-18,73.8,65.8,69.4,0.457,0,9.4,Boston
2021-07-19,73.7,65.9,69.4,0.11,0,9,Boston
2021-07-20,85.5,65.7,75.6,0.004,0,7.8,Boston
2021-07-21,82.3,66.2,73.9,0.016,0,9.7,Boston
2021-07-22,77.4,61.3,69.5,0.008,0,8.5,Boston
2021-07-23,77.5,61.6,68.9,0.071,0,10.9,Boston
2021-07-24,76.1,61,68.5,0,0,8.7,Boston
2021-07-25,76.7,64.9,70.3,0.091,0,20.4,Boston
2021-07-26,88.5,66.4,77.4,0,0,11,Boston
2021-07-27,87.4,66.2,76.2,0.248,0,13.7,Boston
2021-07-28,72,63.2,67.6,0.114,0,8.9,Boston
2021-07-29,77.4,61.9,68.9,0.126,0,16,Boston
2021-07-30,78.2,62.3,70.4,0.039,0,17.1,Boston
2021-07-31,74.7,55.9,65.1,0,0,9.3,Boston
2021-08-01,76.9,56.3,67.3,0,0,9.1,Boston
2021-08-02,78.2,60.9,69.6,0.016,0,11.5,Boston
2021-08-03,77.4,58.5,69.1,0,0,7.4,Boston
2021-08-04,74.8,62.2,68,0.402,0,8.4,Boston
2021-08-05,70.2,62.7,65.5,0.76,0,10.6,Boston
2021-08-06,82.8,63.2,73.1,0.008,0,8.5,Boston
2021-08-07,88.4,66.4,77,0.004,0,10.6,Boston
2021-08-08,83.2,68.8,74.6,0.004,0,7.1,Boston
2021-08-09,72.6,66.4,69.5,0.295,0,10.1,Boston
2021-08-10,77.3,65.8,70.4,0.181,0,9,Boston
2021-08-11,90.2,71.4,80.1,0,0,13.5,Boston
2021-08-12,96,73.8,83.1,0,0,11.1,Boston
2021-08-13,91.8,73.4,82.7,0.004,0,7.3,Boston
2021-08-14,91.7,73.8,81.2,0.075,0,10.8,Boston
2021-08-15,81.2,64.6,72.9,0,0,8.6,Boston
2021-08-16,77.9,62.2,69.9,0,0,11,Boston
2021-08-17,82.6,63.9,72.9,0.035,0,9.4,Boston
2021-08-18,89.3,68,76.4,0.004,0,11.9,Boston
2021-08-19,80.2,70.1,74.3,0.969,0,14.2,Boston
2021-08-20,80.1,71.5,75.4,0.091,0,7.5,Boston
2021-08-21,82.8,71,76.8,0.059,0,10.7,Boston
2021-08-22,76.2,69.4,72.3,0.421,0,25.3,Boston
2021-08-23,77.1,70.6,73.5,0.886,0,12.2,Boston
2021-08-24,86.3,69.8,77.1,0.138,0,9.8,Boston
2021-08-25,90.3,69.9,79.4,0,0,5.4,Boston
2021-08-26,93.1,70.8,81.5,0,0,7.1,Boston
2021-08-27,87.3,73,78.4,0.004,0,10.5,Boston
2021-08-28,72.4,64.5,68.4,0.043,0,13.3,Boston
2021-08-29,76.7,63.4,68.8,0.008,0,8.4,Boston
2021-08-30,86.6,68.2,75.6,0.394,0,13.2,Boston
2021-08-31,83.4,66.7,75,0,0,12.1,Boston
2021-09-01,70.5,62.2,67,1,0,13.1,Boston
2021-09-02,72.4,60.6,64.9,3.531,0,23.3,Boston
2021-09-03,72.2,55.7,63.5,0.004,0,9.9,Boston
2021-09-04,76.5,58.1,66.4,0,0,8.6,Boston
2021-09-05,72.3,58.5,65.6,0.02,0,12.3,Boston
2021-09-06,80.1,64.6,71.1,0,0,12.3,Boston
2021-09-07,77.5,59.4,67.9,0,0,11,Boston
2021-09-08,81.7,60.9,71.4,0.004,0,17,Boston
2021-09-09,74.7,67.6,71.2,0.996,0,11.4,Boston
2021-09-10,73.5,59.6,67,0.24,0,12.7,Boston
2021-09-11,75.2,54.2,64.4,0,0,11.2,Boston
2021-09-12,81,62.3,71.4,0,0,17.9,Boston
2021-09-13,77.9,63,71.1,0.173,0,10.5,Boston
2021-09-14,71.7,58.5,65.7,0.024,0,11.9,Boston
2021-09-15,83.8,64.1,74.3,0.087,0,17,Boston
2021-09-16,69.8,62.9,66.5,0.157,0,13.6,Boston
2021-09-17,69.3,62.2,65.5,0.012,0,10.2,Boston
2021-09-18,77.2,64.3,67.9,0.055,0,7.1,Boston
2021-09-19,70.6,58.5,64.5,0.091,0,9.5,Boston
2021-09-20,69.2,54,61.4,0,0,10.3,Boston
2021-09-21,70.6,54.5,63.3,0.008,0,8.3,Boston
2021-09-22,74.9,65.6,70,0.008,0,9.7,Boston
2021-09-23,80.2,67.5,72.8,0.024,0,13.6,Boston
2021-09-24,74.3,67.5,71,0.122,0,14.7,Boston
2021-09-25,71.3,60.2,65.2,0.083,0,9,Boston
2021-09-26,72.3,57.7,65,0.272,0,14.2,Boston
2021-09-27,75.3,53.5,64.9,0,0,14.1,Boston
2021-09-28,70.2,59.5,65.3,0.713,0,12.5,Boston
2021-09-29,64.1,49.6,56.7,0,0,10.8,Boston
2021-09-30,61.3,50.1,55.4,0.059,0,11.2,Boston
2021-10-01,65.2,46.6,55.2,0,0,10,Boston
2021-10-02,73,48.3,59.9,0,0,11.5,Boston
2021-10-03,66.6,53.8,60.4,0.161,0,9.4,Boston
2021-10-04,60.7,55.9,59.1,0.795,0,13.5,Boston
2021-10-05,60.5,54.2,56.7,0.87,0,9.7,Boston
2021-10-06,68.7,52.1,59.2,0,0,4.8,Boston
2021-10-07,72.1,53.3,61.8,0,0,5.2,Boston
2021-10-08,69,53,60.2,0,0,11.3,Boston
2021-10-09,62,57.2,59.6,0.024,0,12.8,Boston
2021-10-10,62.8,57.9,60.2,0.012,0,10.3,Boston
2021-10-11,67.1,57.8,61.2,0,0,8.7,Boston
2021-10-12,72.9,55.3,61.6,0,0,5.1,Boston
2021-10-13,75.3,55.3,63.7,0,0,7.2,Boston
2021-10-14,73.5,57.6,64,0,0,7,Boston
2021-10-15,71,56.5,64,0,0,9,Boston
2021-10-16,75,64.2,68.7,0.528,0,19.1,Boston
2021-10-17,65.2,52.1,58.5,0.146,0,13.6,Boston
2021-10-18,59.8,47.6,52.5,0,0,13.2,Boston
2021-10-19,59.6,45,52,0,0,16.3,Boston
2021-10-20,71.1,52.6,60,0,0,10.3,Boston
2021-10-21,74,53.8,63.2,0,0,10.6,Boston
2021-10-22,70.5,53.8,62.8,0.004,0,11.4,Boston
2021-10-23,58.6,46.2,52,0,0,11,Boston
2021-10-24,57.1,40.7,48.4,0,0,9.8,Boston
2021-10-25,57.6,49.1,53.6,0.618,0,11.6,Boston
2021-10-26,61.6,51.5,57.3,1.15,0,24.7,Boston
2021-10-27,53,48.9,50.6,0.961,0,33.2,Boston
2021-10-28,51,42.8,47,0,0,13.4,Boston
2021-10-29,51.6,40.8,46.6,0,0,11.8,Boston
2021-10-30,60,51.5,56.1,1.22,0,17.9,Boston
2021-10-31,66.4,55,59.3,0.382,0,16.4,Boston
2021-11-01,58.6,45.1,53,0,0,15.4,Boston
2021-11-02,56.4,44.6,49.1,0.008,0,13,Boston
2021-11-03,50.5,37.5,43.8,0,0,10.9,Boston
2021-11-04,48,32.8,40.4,0,0,5.6,Boston
2021-11-05,48.7,33.6,40.1,0,0,9.1,Boston
2021-11-06,50.1,31.5,38.9,0,0,6.3,Boston
2021-11-07,52.5,30.5,40.7,0,0,6.2,Boston
2021-11-08,58.8,36.1,45.4,0,0,8.2,Boston
2021-11-09,65.8,40.2,50.8,0,0,6,Boston
2021-11-10,59.1,42.3,51.1,0,0,11.2,Boston
2021-11-11,52.2,34.6,44.1,0,0,9.3,Boston
2021-11-12,61.2,47,54.4,1.244,0,19.6,Boston
2021-11-13,56.5,36.9,46.8,0.346,0,20.6,Boston
2021-11-14,50.1,37.9,43.4,0,0,15.4,Boston
2021-11-15,48,38.6,42.9,0.091,0,14.1,Boston
2021-11-16,47.6,33.9,39.8,0,0,12.5,Boston
2021-11-17,46.2,29.5,38.1,0,0,8.1,Boston
2021-11-18,66.9,47,57.1,0,0,13.3,Boston
2021-11-19,55.5,36.2,44.1,0.114,0,17.1,Boston
2021-11-20,44,30.3,36.6,0,0,8.2,Boston
2021-11-21,52.6,36,44.6,0.028,0,8.5,Boston
2021-11-22,52.5,38,49.3,0.272,0,13.9,Boston
2021-11-23,38.4,27.2,33.6,0,0,13.8,Boston
2021-11-24,41.4,25.9,32,0,0,13.2,Boston
2021-11-25,51,30.7,38.9,0,0,7.2,Boston
2021-11-26,45.1,34.5,40.7,0.228,0.083,15.2,Boston
2021-11-27,36.8,28.4,33.7,0.043,0.276,18.1,Boston
2021-11-28,39.6,26.5,32.8,0,0,9,Boston
2021-11-29,40.1,27.7,33.5,0,0,10.3,Boston
2021-11-30,41,24.1,31.6,0.008,0.055,13.2,Boston
2021-12-01,46.3,29.7,35.7,0,0,13,Boston
2021-12-02,58.6,31.6,45.9,0.126,0,14.4,Boston
2021-12-03,47,29,38.4,0.012,0,16.6,Boston
2021-12-04,42.1,25.6,33,0.004,0,9.6,Boston
2021-12-05,44.2,31.9,36.8,0,0,8.5,Boston
2021-12-06,59.4,35.7,50.8,0.138,0,20.2,Boston
2021-12-07,43.2,31,37.4,0.138,0,18.5,Boston
2021-12-08,37.8,27.2,32.4,0.035,0.165,11.8,Boston
2021-12-09,37.7,24.9,30.7,0.02,0.138,11.7,Boston
2021-12-10,42.7,27.1,34.8,0,0,5.4,Boston
2021-12-11,61.4,28.8,47.2,0.205,0,20.6,Boston
2021-12-12,61,35.9,43.1,0.228,0,22.3,Boston
2021-12-13,50.3,36.4,42.8,0,0,14.6,Boston
2021-12-14,47.8,35,41.7,0,0,13.6,Boston
2021-12-15,43.6,25.9,35.2,0.028,0,8.8,Boston
2021-12-16,58.7,44.1,53.4,0.075,0,15,Boston
2021-12-17,58.7,41.6,51.8,0,0,16.5,Boston
2021-12-18,42,35.3,38.1,0.382,0.303,11.1,Boston
2021-12-19,43.9,23.4,34.9,0.421,0.028,17.3,Boston
2021-12-20,33.8,18.6,25.1,0,0,11.2,Boston
2021-12-21,44.2,28.4,34.5,0,0,13.5,Boston
2021-12-22,43,30.8,36.9,0.15,0,14.3,Boston
2021-12-23,31.1,22.7,27.4,0,0,13.2,Boston
2021-12-24,31.4,22.5,26,0.055,0.413,5.9,Boston
2021-12-25,36.4,24.3,30.7,0.327,0,9.2,Boston
2021-12-26,38.5,31.7,34.8,0.272,0.469,13.6,Boston
2021-12-27,34.6,26.5,30.3,0,0,12.8,Boston
2021-12-28,46,31.8,37.5,0.051,0.193,10.6,Boston
2021-12-29,40.5,34.3,37.2,0.035,0,6.1,Boston
2021-12-30,41.8,36.6,38.9,0.004,0,4.5,Boston
2021-12-31,46.8,37.4,41.3,0.024,0,6.3,Boston
2022-01-01,52.2,41.4,46.9,0.087,0,6.4,Boston
2022-01-02,46.3,32.8,42.9,0.244,0,14.4,Boston
2022-01-03,30.3,21.6,24.9,0,0,13.9,Boston
2022-01-04,32.3,14.4,22.6,0,0,11.4,Boston
2022-01-05,48,24.1,37.7,0.252,0,16.4,Boston
2022-01-06,39.5,29.1,34.7,0,0,13.9,Boston
2022-01-07,30.4,23.3,28.5,0.539,3.776,16.5,Boston
2022-01-08,26.8,9.8,18.3,0,0,10.9,Boston
2022-01-09,41.1,7.9,31.4,0.114,0,18.9,Boston
2022-01-10,38.5,21.2,28,0,0,13.5,Boston
2022-01-11,21.3,8.2,13.1,0.004,0.028,16.1,Boston
2022-01-12,41.3,10.4,25.6,0,0,16.8,Boston
2022-01-13,44.8,26.4,33.1,0,0,6.7,Boston
2022-01-14,40.2,16.6,31.9,0.004,0,19.3,Boston
2022-01-15,12.7,1.3,7.3,0,0,18.5,Boston
2022-01-16,30,5.5,16,0,0,10.3,Boston
2022-01-17,46.8,31.7,39.5,1.094,0.331,33.6,Boston
2022-01-18,34.4,19.7,26.3,0,0,20,Boston
2022-01-19,45.9,17.1,31.1,0,0,20.7,Boston
2022-01-20,38.2,19.8,32.4,0.173,0.386,13.1,Boston
2022-01-21,22.2,9.5,15.6,0,0,11.8,Boston
2022-01-22,26.2,12.4,18.8,0,0,10.4,Boston
2022-01-23,35.4,19.4,26.2,0.008,0.055,9.6,Boston
2022-01-24,30.8,20.1,26,0.016,0.11,8,Boston
2022-01-25,42.5,24.7,32.9,0.063,0.441,12.1,Boston
2022-01-26,25.2,14.9,20.8,0,0,11.1,Boston
2022-01-27,28.4,10.3,18.1,0,0,10.1,Boston
2022-01-28,35.7,23.3,30.1,0,0,9.7,Boston
2022-01-29,29.8,8.8,16.9,1.508,10.555,27.6,Boston
2022-01-30,19.4,4.7,11.4,0,0,19,Boston
2022-01-31,28.3,-3.6,11.1,0,0,9.6,Boston
2022-02-01,33.6,2.8,20.8,0.004,0.028,10.3,Boston
2022-02-02,41.6,27.3,34.1,0,0,6.9,Boston
2022-02-03,42.3,31.8,38.8,0.283,0,9,Boston
2022-02-04,42.7,23,31,1.429,0.22,11.4,Boston
2022-02-05,23.1,9.6,19,0.071,0.496,14.5,Boston
2022-02-06,25.4,-2.8,11.4,0,0,8.6,Boston
2022-02-07,39.5,7.2,24.8,0.256,0,8.5,Boston
2022-02-08,39.7,31.7,36.2,0.406,0,12.1,Boston
2022-02-09,40.6,23.3,30.9,0,0,12.3,Boston
2022-02-10,50.2,24.4,36.5,0.012,0,17.4,Boston
2022-02-11,52.7,26.2,38.9,0,0,14,Boston
2022-02-12,59.6,37.8,48.2,0,0,15,Boston
2022-02-13,36.4,25.2,29.9,0.248,1.736,9.4,Boston
2022-02-14,25.1,6.4,17.7,0.098,0.689,14,Boston
2022-02-15,25.8,-2.2,12.4,0,0,12.1,Boston
2022-02-16,42.2,8.4,27.5,0,0,18.6,Boston
2022-02-17,60.1,42.6,52.5,0,0,21.7,Boston
2022-02-18,60.3,25.2,44.6,0.429,0,26.5,Boston
2022-02-19,39.7,19.8,27.3,0.055,0.386,18.8,Boston
2022-02-20,35.1,15.3,24.4,0,0,17.4,Boston
2022-02-21,54.9,30.2,39.5,0,0,18.2,Boston
2022-02-22,53.6,27,40.3,0.354,0,24,Boston
2022-02-23,68.4,35.1,54.7,0.071,0,23.6,Boston
2022-02-24,32,19.2,25.4,0,0,15.7,Boston
2022-02-25,34.2,17.4,28.1,0.929,6.366,19.5,Boston
2022-02-26,27.8,4.6,15.9,0,0,8.7,Boston
2022-02-27,38.4,10.5,25.2,0.004,0.028,14.6,Boston
2022-02-28,24.4,6.2,15.8,0,0,12,Boston
2022-03-01,37.8,-4.7,20.7,0.031,0,13,Boston
2022-03-02,40.2,23.4,34.7,0.067,0,11.4,Boston
2022-03-03,35.8,15.1,30.4,0.059,0.083,14,Boston
2022-03-04,32,0.3,16.9,0,0,8.3,Boston
2022-03-05,38.9,8.9,25.9,0,0,8.9,Boston
2022-03-06,64.2,33.5,50,0.008,0,21.3,Boston
2022-03-07,60.7,46.1,54.7,0.201,0,22.2,Boston
2022-03-08,59.6,30,39.7,0.087,0,23.8,Boston
2022-03-09,37.8,27.9,32.4,0.39,2.563,6.7,Boston
2022-03-10,48,19,34.4,0,0,8.5,Boston
2022-03-11,49.3,27.1,38.4,0,0,10.7,Boston
2022-03-12,47.5,24.4,38.2,0.492,0.441,21.8,Boston
2022-03-13,37.1,20.4,27.8,0.004,0.028,19.9,Boston
2022-03-14,51.8,26.1,38.3,0,0,12.6,Boston
2022-03-15,58.5,40.2,46,0.004,0,13.3,Boston
2022-03-16,51.4,33.1,42,0.118,0,10.1,Boston
2022-03-17,56.5,36.5,46.1,0.087,0,7.5,Boston
2022-03-18,71.6,45.5,56.4,0.004,0,7.3,Boston
2022-03-19,57.4,43.5,50.6,0.358,0,9.6,Boston
2022-03-20,63.3,43.9,51.9,0.016,0,13.1,Boston
2022-03-21,55.8,39.1,47,0.012,0,20.2,Boston
2022-03-22,48.7,31.3,40.4,0,0,18.5,Boston
2022-03-23,42.8,27.9,36.6,0,0,9.5,Boston
2022-03-24,44.8,38.3,40.8,0.504,0,15.1,Boston
2022-03-25,61.8,37.4,47.8,0.39,0,11.8,Boston
2022-03-26,52.7,37.1,44.8,0.106,0,8.8,Boston
2022-03-27,49.3,32.7,41,0,0,15.3,Boston
2022-03-28,33.3,21.5,27.9,0,0,16.6,Boston
2022-03-29,38.7,17.8,27.9,0,0,14.6,Boston
2022-03-30,48.6,25.9,36.6,0,0,15.4,Boston
2022-03-31,67.2,36,52,0.043,0,20.5,Boston
2022-04-01,58.9,40.5,52.8,0.217,0,17.7,Boston
2022-04-02,51.3,33.4,41.5,0,0,16.1,Boston
2022-04-03,48,31.6,40.1,0.024,0,10.9,Boston
2022-04-04,56.2,36.2,44.4,0.047,0,15.1,Boston
2022-04-05,59.8,33.4,46.8,0,0,9.4,Boston
2022-04-06,46.1,39.2,42.9,0.213,0,14.5,Boston
2022-04-07,48.9,36.6,44,0.008,0,19.1,Boston
2022-04-08,63.4,44.3,53.1,0.213,0,19.5,Boston
2022-04-09,56.5,41.4,47.9,0.232,0,14.8,Boston
2022-04-10,54.7,37.5,44.9,0.012,0,15.9,Boston
2022-04-11,61.7,36.4,48.2,0,0,13,Boston
2022-04-12,67.8,45,54.7,0.047,0,13.4,Boston
2022-04-13,69.3,42.7,56.3,0,0,12.6,Boston
2022-04-14,55.8,44.6,49.4,0.059,0,9,Boston
2022-04-15,65.5,44.1,54.5,0.02,0,15.9,Boston
2022-04-16,67.1,44.9,56.5,0.319,0,18,Boston
2022-04-17,48.8,37.6,43.4,0.118,0,15.8,Boston
2022-04-18,49.1,32.8,42.6,0,0,14.6,Boston
2022-04-19,58.1,41.9,48.6,0.823,0,26.2,Boston
2022-04-20,55.7,39.5,46.4,0,0,18.4,Boston
2022-04-21,59,35.3,48.3,0.051,0,17.4,Boston
2022-04-22,61.8,45.7,53.7,0,0,15.9,Boston
2022-04-23,61.4,39.9,50.3,0,0,9.1,Boston
2022-04-24,47.6,41.2,44.8,0.008,0,10.6,Boston
2022-04-25,54.3,36.9,45.8,0,0,11.7,Boston
2022-04-26,56,42,49.6,0.343,0,8.6,Boston
2022-04-27,57.9,41.9,50.9,0.071,0,17.4,Boston
2022-04-28,49.6,36.9,43.8,0,0,18.6,Boston
2022-04-29,54.2,36.2,45.1,0,0,17.6,Boston
2022-04-30,53.2,36,45.6,0,0,10.4,Boston
2022-05-01,64.8,37.3,51.3,0,0,10.3,Boston
2022-05-02,57.8,41.6,49.4,0.079,0,10.7,Boston
2022-05-03,51.3,45.3,48.1,0.236,0,9.7,Boston
2022-05-04,54,45.9,49.9,0.303,0,7.4,Boston
2022-05-05,67.9,47.4,56.3,0,0,9.8,Boston
2022-05-06,61.2,46.3,54.2,0,0,9.7,Boston
2022-05-07,51.5,44.5,47.4,0,0,20.2,Boston
2022-05-08,52.2,41.7,47.1,0,0,19.7,Boston
2022-05-09,54.1,40.4,47.5,0,0,18.3,Boston
2022-05-10,57.1,44.8,50.7,0,0,17.1,Boston
2022-05-11,57.7,44.1,51.3,0,0,12.1,Boston
2022-05-12,62.4,47.7,56,0,0,7.5,Boston
2022-05-13,77,54,65.1,0.012,0,13.2,Boston
2022-05-14,86.7,64.1,73.4,0.016,0,14.4,Boston
2022-05-15,79.2,62.1,69.6,0.079,0,11.4,Boston
2022-05-16,78.5,60.4,67.8,0.472,0,13.9,Boston
2022-05-17,73.8,55.2,64.6,0,0,19.2,Boston
2022-05-18,72.3,51.5,61.3,0,0,13.8,Boston
2022-05-19,64.2,53.1,57.8,0.039,0,11.8,Boston
2022-05-20,70.4,50.6,59.1,0.008,0,13.2,Boston
2022-05-21,82.7,58.1,69.4,0.067,0,9,Boston
2022-05-22,92.5,69.2,79.8,0.016,0,13.2,Boston
2022-05-23,72,59.4,64.4,0.004,0,13.4,Boston
2022-05-24,61.5,51.6,57,0,0,12.5,Boston
2022-05-25,69.5,48.6,59,0,0,13.6,Boston
2022-05-26,73.1,49.3,61.5,0,0,16.3,Boston
2022-05-27,85.7,58.9,70.5,0.004,0,20.4,Boston
2022-05-28,76.8,64,68.9,0.154,0,12.4,Boston
2022-05-29,75.5,57.2,67.1,0,0,12.4,Boston
2022-05-30,90.3,58.8,74.6,0,0,11.5,Boston
2022-05-31,81,55.5,66.3,0.047,0,15.3,Boston
2022-06-01,63.2,55.5,59,0.059,0,9.5,Boston
2022-06-02,69.4,54.2,58.7,0.209,0,12.4,Boston
2022-06-03,64.6,54,57.8,0.079,0,9,Boston
2022-06-04,71.6,55.5,63,0.004,0,12.3,Boston
2022-06-05,76.4,52.3,64.2,0,0,11.9,Boston
2022-06-06,77.5,53.1,66.1,0,0,10.3,Boston
2022-06-07,81.9,59.1,70,0,0,16.9,Boston
2022-06-08,81,62.9,70.7,0.406,0,15.5,Boston
2022-06-09,82.5,61.9,69.1,0.5,0,17.6,Boston
2022-06-10,77.9,56.7,67.3,0,0,16.6,Boston
2022-06-11,80.6,56.9,67.9,0,0,10.7,Boston
2022-06-12,78.4,57,67.6,0.02,0,14.9,Boston
2022-06-13,84.3,62.8,72.1,0.106,0,9.8,Boston
2022-06-14,81.7,59.7,70.3,0,0,10.4,Boston
2022-06-15,70.3,60.8,66.1,0,0,10.3,Boston
2022-06-16,75.1,56.6,66.6,0.02,0,16.8,Boston
2022-06-17,86,63.4,75,0.276,0,14.2,Boston
2022-06-18,71.7,54.8,65.6,0.008,0,15.9,Boston
2022-06-19,63.6,51.4,56.7,0.398,0,13.2,Boston
2022-06-20,77.8,51.1,63.2,0,0,12.5,Boston
2022-06-21,74.7,51.4,63.4,0,0,11.7,Boston
2022-06-22,69.3,54.9,61.7,0,0,16.7,Boston
2022-06-23,71.9,57.1,64.5,0.028,0,13.8,Boston
2022-06-24,80.1,58.6,68.7,0.012,0,11.9,Boston
2022-06-25,84.7,61.6,74.2,0,0,8.9,Boston
2022-06-26,91.2,66.1,78.9,0,0,17,Boston
2022-06-27,83.6,67.7,74.2,0.244,0,21.5,Boston
2022-06-28,79.4,59.9,69.6,0,0,7.8,Boston
2022-06-29,82.8,59.2,71.9,0,0,13.7,Boston
2022-06-30,83.5,61.4,71.9,0,0,10.1,Boston
2022-07-01,93.7,64.8,78.4,0,0,17.2,Boston
2022-07-02,87.8,71.1,77.6,0.087,0,14.9,Boston
2022-07-03,89.1,66.8,77.5,0,0,9.4,Boston
2022-07-04,85.2,61.5,73.8,0,0,9,Boston
2022-07-05,83.8,65.9,74.2,0.024,0,15.8,Boston
2022-07-06,84.6,67.6,76.2,0.024,0,16.5,Boston
2022-07-07,78.8,62.6,71.1,0.004,0,13.3,Boston
2022-07-08,87.9,62.7,75.2,0.024,0,11.1,Boston
2022-07-09,76.7,65.4,71.2,0,0,14.1,Boston
2022-07-10,76.8,59,69.1,0,0,11.4,Boston
2022-07-11,89.4,61,74.6,0,0,17.2,Boston
2022-07-12,91.1,66.6,78.3,0,0,19.8,Boston
2022-07-13,91.8,69.3,78.5,0,0,12.6,Boston
2022-07-14,81.1,67.2,73.5,0.429,0,8.8,Boston
2022-07-15,82.1,61.1,72,0,0,10,Boston
2022-07-16,82.8,63.6,73.6,0,0,12,Boston
2022-07-17,86.6,66,76.6,0.012,0,10.3,Boston
2022-07-18,83,68.3,75.3,0.118,0,13.1,Boston
2022-07-19,93,72.4,82,0.012,0,15.7,Boston
2022-07-20,94.5,73.4,84.1,0.004,0,9.6,Boston
2022-07-21,94.2,74.5,84,0.055,0,18.9,Boston
2022-07-22,96.3,72.5,85,0,0,10.6,Boston
2022-07-23,95.7,74.9,86.1,0,0,9.9,Boston
2022-07-24,101.7,74.2,88.3,0,0,17.7,Boston
2022-07-25,89.7,74.8,82.1,0.476,0,15.5,Boston
2022-07-26,83.5,65.8,74.3,0,0,13.2,Boston
2022-07-27,85,63,73.6,0,0,8.5,Boston
2022-07-28,88.8,67,78.1,0.028,0,15.2,Boston
2022-07-29,93.8,71.2,82.3,0.004,0,13,Boston
2022-07-30,87.6,72.4,79.8,0.031,0,16.5,Boston
2022-07-31,88,65.2,77.2,0,0,10.5,Boston
2022-08-01,84.6,70.4,76.7,0.102,0,9,Boston
2022-08-02,93.6,67.6,80.3,0.008,0,12.8,Boston
2022-08-03,81.7,70,76.8,0,0,14.5,Boston
2022-08-04,99.9,69.8,83.9,0,0,14.5,Boston
2022-08-05,95.9,73.2,80.2,0.476,0,17,Boston
2022-08-06,92,72.7,81.1,0.067,0,10.8,Boston
2022-08-07,93.9,76.1,83.3,0.031,0,16.5,Boston
2022-08-08,94.6,77,84.7,0.02,0,14.3,Boston
2022-08-09,96.8,70.4,84,0.201,0,12.3,Boston
2022-08-10,73.8,67.9,69.9,0.035,0,9.6,Boston
2022-08-11,79.3,68.4,72.7,0.012,0,9.6,Boston
2022-08-12,79.7,65.7,71.2,0,0,11.9,Boston
2022-08-13,74.1,61.3,67.7,0,0,8.6,Boston
2022-08-14,82.8,58.6,70.6,0,0,13.8,Boston
2022-08-15,78.5,60.3,70,0,0,11.3,Boston
2022-08-16,77,60.9,69.1,0,0,12.4,Boston
2022-08-17,75.8,64.8,69.6,0.122,0,11.9,Boston
2022-08-18,84,61.7,71.7,0.043,0,16.5,Boston
2022-08-19,92.4,64.6,78.5,0,0,10,Boston
2022-08-20,89.1,68.4,78,0.008,0,9.4,Boston
2022-08-21,88.2,67.5,77.5,0,0,11.9,Boston
2022-08-22,73.1,65.7,68.8,0.319,0,10.4,Boston
2022-08-23,77.2,67.8,71.2,0.114,0,7.4,Boston
2022-08-24,85.1,66.8,74.5,0.075,0,6,Boston
2022-08-25,85.7,66,76.3,0,0,10.3,Boston
2022-08-26,86.8,65.7,74.8,0.114,0,14.5,Boston
2022-08-27,76.9,66.4,70.6,0.091,0,9.5,Boston
2022-08-28,76.6,63.8,70.4,0.004,0,10.4,Boston
2022-08-29,90.2,63.8,75.1,0,0,15.4,Boston
2022-08-30,90.9,70.8,78.7,0,0,16.3,Boston
2022-08-31,85.5,66.3,76.1,0.165,0,14,Boston
2022-09-01,80.5,63.7,70.8,0,0,14.3,Boston
2022-09-02,71.1,55.2,63.5,0,0,8.1,Boston
2022-09-03,78.3,57.1,67.3,0,0,11.8,Boston
2022-09-04,84.9,61.6,73.1,0,0,9.6,Boston
2022-09-05,72.9,65.6,69.1,0.799,0,9.1,Boston
2022-09-06,66.6,62.7,64.9,2.177,0,11.1,Boston
2022-09-07,69.1,59.9,64.1,0.039,0,10.6,Boston
2022-09-08,70,58.7,63.7,0,0,10.3,Boston
2022-09-09,76.4,55.1,65.5,0,0,5.4,Boston
2022-09-10,80.6,61.5,70.4,0,0,7.7,Boston
2022-09-11,78.3,65.3,70,0.028,0,8.3,Boston
2022-09-12,75.1,65.1,69.9,0.126,0,6.1,Boston
2022-09-13,73.8,66.1,69.7,0.303,0,10,Boston
2022-09-14,78.5,59.7,68.5,0,0,14.2,Boston
2022-09-15,68.8,54.7,62.7,0,0,12.5,Boston
2022-09-16,76.2,50.3,59.8,0,0,17.4,Boston
2022-09-17,68.4,47.5,58.6,0,0,9.6,Boston
2022-09-18,83.2,58.5,70.4,0.016,0,13.8,Boston
2022-09-19,69.7,60.6,64.4,0.413,0,10.7,Boston
2022-09-20,65.4,58.8,61.2,0.028,0,8.8,Boston
2022-09-21,73,58.3,63.5,0.024,0,9.1,Boston
2022-09-22,69.8,54.8,63.3,0.626,0,14.8,Boston
2022-09-23,59,49.3,53.2,0,0,20.3,Boston
2022-09-24,66.1,47.4,55.2,0,0,15.8,Boston
2022-09-25,69.3,48,58.6,0.083,0,13.2,Boston
2022-09-26,73.6,57.5,64.9,0.028,0,13.8,Boston
2022-09-27,73.5,56.4,63.1,0,0,14.4,Boston
2022-09-28,69.3,50.6,60,0,0,11.4,Boston
2022-09-29,65.6,50.7,57.1,0,0,9.4,Boston
2022-09-30,60.3,46.8,52.7,0,0,9.3,Boston
2022-10-01,57.1,50,53.4,0.126,0,10.1,Boston
2022-10-02,56.6,50.7,53.4,0,0,19.6,Boston
2022-10-03,55.5,49.9,52.2,0,0,17.5,Boston
2022-10-04,58.7,51.4,55.1,0.063,0,16.2,Boston
2022-10-05,58.6,55,56.8,1.079,0,14.4,Boston
2022-10-06,73,57.3,62.6,0,0,8.4,Boston
2022-10-07,76.7,54.8,63.7,0,0,11.7,Boston
2022-10-08,58.3,45.3,52.6,0,0,9.7,Boston
2022-10-09,61.3,40.4,50.4,0,0,13.8,Boston
2022-10-10,66.4,41.4,52.7,0.016,0,12,Boston
2022-10-11,65.2,42.3,52.6,0,0,7,Boston
2022-10-12,73.2,47.6,58.7,0,0,11.2,Boston
2022-10-13,68.4,54,62,0.524,0,14.3,Boston
2022-10-14,70.4,55.4,64.1,1.63,0,14.2,Boston
2022-10-15,69.6,48.4,57.6,0,0,7.2,Boston
2022-10-16,67.5,47,56,0,0,5.6,Boston
2022-10-17,59.3,45.5,52.7,0.402,0,9.4,Boston
2022-10-18,66.6,46.4,57.6,0.362,0,13.3,Boston
2022-10-19,55.5,40.2,47.2,0,0,13.4,Boston
2022-10-20,56.8,40.7,47.9,0,0,14.4,Boston
2022-10-21,62.3,41.2,50.4,0,0,8,Boston
2022-10-22,66.8,44.1,53.3,0,0,7.7,Boston
2022-10-23,61.1,45.7,52.4,0.213,0,9.7,Boston
2022-10-24,60.3,52.3,56.4,0.331,0,9.2,Boston
2022-10-25,63.2,56.7,59.4,0.126,0,7.9,Boston
2022-10-26,65.6,60,61.6,1.228,0,10.2,Boston
2022-10-27,66,46.8,59,0,0,14.8,Boston
2022-10-28,51.5,39.6,45.1,0,0,9.2,Boston
2022-10-29,55.3,37.7,45.9,0,0,5.4,Boston
2022-10-30,63.8,35.8,47,0,0,5.9,Boston
2022-10-31,67,41.4,53.9,0,0,13.1,Boston
2022-11-01,64.9,54.6,58.9,0.047,0,8.9,Boston
2022-11-02,66.8,46.8,56.6,0,0,11,Boston
2022-11-03,64.7,40.5,50.9,0,0,8.8,Boston
2022-11-04,70.1,48.1,57.6,0,0,13.1,Boston
2022-11-05,75.3,58.6,65.3,0.004,0,15.5,Boston
2022-11-06,76.1,65.4,69.1,0,0,17.5,Boston
2022-11-07,74.1,54.5,66.8,0.008,0,15.4,Boston
2022-11-08,53.1,39.7,47.5,0,0,14.2,Boston
2022-11-09,49.2,34.1,41.3,0,0,9.3,Boston
2022-11-10,64.8,41.1,52.5,0,0,14.9,Boston
2022-11-11,72,52.7,61.5,0.276,0,15.5,Boston
2022-11-12,73,54,65.5,0.362,0,16.4,Boston
2022-11-13,53,42.2,50.2,0.669,0,16.1,Boston
2022-11-14,42.2,32.9,38,0,0,13.7,Boston
2022-11-15,42.2,28.5,35.5,0.012,0,5.3,Boston
2022-11-16,53.8,36,45.3,0.768,0.193,19.1,Boston
2022-11-17,45,34.2,39.3,0.047,0.193,16.8,Boston
2022-11-18,44.3,29.7,36.1,0,0,12.5,Boston
2022-11-19,42.6,28.4,34.5,0,0,9.4,Boston
2022-11-20,36.9,27.4,31.5,0,0,21.4,Boston
2022-11-21,37.5,23.4,30.7,0,0,14.9,Boston
2022-11-22,46.8,32.5,38.4,0,0,13.7,Boston
2022-11-23,49.9,34.2,40.6,0,0,10,Boston
2022-11-24,45.7,28.6,36.1,0,0,8.6,Boston
2022-11-25,50.9,38.2,44.7,0.028,0,15.6,Boston
2022-11-26,49.9,34.6,42.3,0,0,15.2,Boston
2022-11-27,55.9,40.5,47.4,0.437,0,14,Boston
2022-11-28,56.9,37.7,48.9,0.016,0,18.6,Boston
2022-11-29,42.5,30.1,36.8,0,0,8.3,Boston
2022-11-30,56.9,32.9,47.2,0.811,0,19.5,Boston
2022-12-01,45.1,33.1,37.6,0,0,21.9,Boston
2022-12-02,43.9,28.9,35.1,0,0,7.2,Boston
2022-12-03,56.7,34.2,48.4,0.35,0,21.7,Boston
2022-12-04,42.4,29.7,37.2,0,0,13.9,Boston
2022-12-05,47.3,27.5,35.2,0,0,12.1,Boston
2022-12-06,54.1,32.9,44.6,0.059,0,9.1,Boston
2022-12-07,57.5,47.9,52.8,0.575,0,13.5,Boston
2022-12-08,56.2,35.9,47,0,0,15.2,Boston
2022-12-09,43.6,29.9,35.4,0,0,11.9,Boston
2022-12-10,33.7,27.7,31.4,0,0,12.5,Boston
2022-12-11,33.6,23.5,28.3,0.067,0.469,11.2,Boston
2022-12-12,30.9,16.8,25.6,0.02,0.138,11.6,Boston
2022-12-13,38.8,23.8,29.9,0,0,11.9,Boston
2022-12-14,35.1,21.6,29,0.004,0.028,17,Boston
2022-12-15,42.5,31.5,37.7,0.051,0,18.7,Boston
2022-12-16,43.8,41.5,42.8,1.118,0,24.1,Boston
2022-12-17,45.1,33.6,38.9,0.319,0.248,17.4,Boston
2022-12-18,40.3,28.6,33.4,0,0,12,Boston
2022-12-19,39.8,27.8,32.9,0,0,18,Boston
2022-12-20,38.5,27.1,31.1,0,0,12.8,Boston
2022-12-21,38.7,23.2,29.1,0,0,6.6,Boston
2022-12-22,43.2,26,34.7,0.213,0,16.1,Boston
2022-12-23,55.9,24.9,46.5,1.213,0,25.5,Boston
2022-12-24,20.4,10.6,15.3,0,0,20,Boston
2022-12-25,27.6,14,19.8,0,0,14,Boston
2022-12-26,34.4,19,25.3,0,0,10.4,Boston
2022-12-27,35.3,24.1,28.2,0,0,10.9,Boston
2022-12-28,41.2,22.6,31.1,0,0,10.1,Boston
2022-12-29,48.9,28.2,37.3,0,0,10,Boston
2022-12-30,58.8,35.7,45.1,0,0,11.2,Boston
2022-12-31,55.8,44.1,50,0.394,0,11.1,Boston
2023-01-01,53.2,39.6,48.8,0.22,0,15.8,Boston
2023-01-02,49.5,33.9,40.2,0,0,9.6,Boston
2023-01-03,43.4,30.5,37.7,0.346,0,6.7,Boston
2023-01-04,48.3,38,41.3,0.311,0,8.6,Boston
2023-01-05,44.3,36.9,41.7,0.236,0,12.4,Boston
2023-01-06,36.7,32.8,34.9,0.28,1.323,8.6,Boston
2023-01-07,44.1,30.1,35.7,0.004,0,10.7,Boston
2023-01-08,36.7,22.3,28.2,0,0,11.1,Boston
2023-01-09,42.5,26.4,32.5,0,0,8.8,Boston
2023-01-10,39.7,26,32.5,0,0,11.6,Boston
2023-01-11,33.3,21.3,27.7,0,0,8.2,Boston
2023-01-12,43.8,29.9,36.1,0.165,0.055,15.4,Boston
2023-01-13,55.2,39.9,51.4,0.445,0,18.1,Boston
2023-01-14,37.8,32.6,34.6,0.031,0.055,13.1,Boston
2023-01-15,34.3,29.4,32.3,0.181,1.268,18.9,Boston
2023-01-16,32.4,29.9,30.8,0.102,0.661,15.5,Boston
2023-01-17,50.2,28.8,37.2,0.016,0,10.6,Boston
2023-01-18,49.5,33.3,40.3,0.126,0,15.6,Boston
2023-01-19,40.9,31.5,36.8,0.398,0.248,10.9,Boston
2023-01-20,37.8,32,34.1,0.807,2.976,15.7,Boston
2023-01-21,37.2,24.3,30.6,0.004,0.028,9.3,Boston
2023-01-22,39.6,22.3,30.6,0.126,0,12.2,Boston
2023-01-23,35.1,31.9,33.3,1.205,2.756,14.8,Boston
2023-01-24,42.1,24.5,32.7,0,0,17.2,Boston
2023-01-25,37.8,26.2,32.2,0.146,0.331,13,Boston
2023-01-26,53.1,34.5,46.1,0.906,0,23.3,Boston
2023-01-27,41.4,25.3,32.7,0,0,13.3,Boston
2023-01-28,49.1,28.7,37.8,0,0,15.4,Boston
2023-01-29,51.8,31.4,41.5,0,0,14.5,Boston
2023-01-30,48.6,36.2,41.1,0,0,9.3,Boston
2023-01-31,36.8,23.2,32.5,0.11,0.579,10.9,Boston
2023-02-01,32.3,20.1,24.6,0.008,0.055,7.9,Boston
2023-02-02,37.9,22.2,28.8,0,0,11.5,Boston
2023-02-03,31.6,-3.8,17.1,0.004,0.028,23.5,Boston
2023-02-04,15.6,-12.2,2.1,0,0,21.1,Boston
2023-02-05,48.8,15.8,33.5,0,0,14.9,Boston
2023-02-06,48.1,30.5,38.6,0,0,13.7,Boston
2023-02-07,31.8,21.4,28,0.035,0.165,10.4,Boston
2023-02-08,48.2,30.9,38.5,0,0,13,Boston
2023-02-09,45.9,27.3,37.1,0.02,0,7.2,Boston
2023-02-10,58,40,50.7,0.004,0,19.5,Boston
2023-02-11,42.6,30.6,36.8,0,0,17.9,Boston
2023-02-12,49.6,29.1,37.5,0,0,9.8,Boston
2023-02-13,43.9,32.6,38.2,0,0,15.4,Boston
2023-02-14,49.2,32.8,39.1,0.004,0,17.4,Boston
2023-02-15,54.6,30.6,42.9,0.012,0,17,Boston
2023-02-16,60,47.5,54.1,0.024,0,15.1,Boston
2023-02-17,60.3,27.4,47.6,0.291,0.276,17.3,Boston
2023-02-18,39.9,20.9,28.8,0,0,16.4,Boston
2023-02-19,45.8,28.9,37.2,0,0,13,Boston
2023-02-20,58.5,41.7,48.6,0,0,13.2,Boston
2023-02-21,40.8,34.2,37.2,0.205,1.02,11.9,Boston
2023-02-22,44,29.8,37.2,0.087,0.441,11.7,Boston
2023-02-23,34.7,24.5,31.1,0.661,3.5,16.6,Boston
2023-02-24,36.4,18.3,28.8,0.157,0.138,19,Boston
2023-02-25,22.5,10,17.1,0.047,0.331,11.5,Boston
2023-02-26,38.2,12.9,24.2,0.039,0.193,12.3,Boston
2023-02-27,33.8,17.9,26.3,0,0,11.2,Boston
2023-02-28,35,29.1,32.8,0.469,2.591,16.3,Boston
2023-03-01,38.5,20.6,32.2,0,0,8.4,Boston
2023-03-02,48.6,34.2,39.5,0.291,0,12.6,Boston
2023-03-03,44.4,28.1,36.2,0.004,0.028,15,Boston
2023-03-04,35.9,28.8,34.1,0.756,3.996,25.3,Boston
2023-03-05,42.3,16.2,31.5,0.004,0,12.2,Boston
2023-03-06,46.6,32.2,38.2,0,0,18.2,Boston
2023-03-07,37.2,26.3,31.9,0.008,0.055,15.2,Boston
2023-03-08,45,24.8,33.6,0,0,15.1,Boston
2023-03-09,48,30.5,37.2,0.004,0,13.6,Boston
2023-03-10,48.1,25.3,36.3,0,0,10,Boston
2023-03-11,38,32.3,36.7,0.122,0.028,15.3,Boston
2023-03-12,41.1,28.2,34.8,0,0,10.9,Boston
2023-03-13,41.7,32.6,38.1,0.272,0,11.6,Boston
2023-03-14,41.1,33.9,37.1,2.748,7.055,26.8,Boston
2023-03-15,40,33.2,36.2,0.051,0.358,22.5,Boston
2023-03-16,49.5,28.8,38.5,0,0,13,Boston
2023-03-17,53.5,29.1,41.7,0,0,11.7,Boston
2023-03-18,50.8,34.4,44.6,0.039,0,12,Boston
2023-03-19,37,26.9,32.3,0,0,20,Boston
2023-03-20,50.4,25.9,37,0,0,14.6,Boston
2023-03-21,56.8,30.7,43.6,0,0,14.5,Boston
2023-03-22,46.9,33.3,41.9,0,0,12.9,Boston
2023-03-23,60.7,39.8,51.2,0.016,0,14.2,Boston
2023-03-24,52.3,37.4,45.2,0.004,0,12.2,Boston
2023-03-25,41,31.5,37.4,0.142,0,17.3,Boston
2023-03-26,56.1,39.6,47,0.039,0,20,Boston
2023-03-27,55.3,32.4,43.3,0.224,0,11.9,Boston
2023-03-28,47.7,34.3,40.4,0.28,0,8.1,Boston
2023-03-29,49.1,27.9,38.9,0,0,11,Boston
2023-03-30,40.4,28.9,35,0.004,0.028,15.5,Boston
2023-03-31,50.3,25.5,36.7,0.213,0,14.1,Boston
2023-04-01,62.9,38.7,50.1,0.378,0,16.8,Boston
2023-04-02,52.5,32.2,42.9,0,0,18,Boston
2023-04-03,51.3,26.8,40.1,0,0,18.6,Boston
2023-04-04,56.6,41.4,47.9,0.028,0,11.8,Boston
2023-04-05,45.4,38.7,42.1,0.016,0,15.8,Boston
2023-04-06,56.3,38.5,47.4,0.039,0,10.1,Boston
2023-04-07,55.9,41,49.4,0,0,18.8,Boston
2023-04-08,49.5,29.8,40.1,0,0,9.4,Boston
2023-04-09,51.2,30.8,41.1,0,0,11.1,Boston
2023-04-10,62.4,33.3,47.3,0,0,8.6,Boston
2023-04-11,72.7,41.6,57.5,0.004,0,15.9,Boston
2023-04-12,68.6,52.2,61.5,0,0,15.5,Boston
2023-04-13,85.5,47.8,67,0,0,10.2,Boston
2023-04-14,82.5,50.1,64.8,0,0,13.2,Boston
2023-04-15,63.7,45.4,52,0.008,0,12.5,Boston
2023-04-16,59,49.2,52.9,0.075,0,8.6,Boston
2023-04-17,61.5,47.7,52.4,0.024,0,11,Boston
2023-04-18,58.2,45.5,51.7,0,0,20.1,Boston
2023-04-19,53.9,39.6,46.8,0,0,15.2,Boston
2023-04-20,60.8,36.6,47.2,0,0,9,Boston
2023-04-21,51.5,41,46.1,0,0,14,Boston
2023-04-22,52.4,43.2,47.1,0,0,14.3,Boston
2023-04-23,52.3,47,49.4,1.094,0,15.4,Boston
2023-04-24,60,43.4,49,0.008,0,15.5,Boston
2023-04-25,56.1,42.5,48,0.012,0,10.1,Boston
2023-04-26,50.9,43.3,46.8,0.02,0,10.7,Boston
2023-04-27,57.9,42.6,49.4,0.02,0,6.6,Boston
2023-04-28,56.9,36.9,48.1,0,0,10.8,Boston
2023-04-29,52.1,45.9,48.1,0.047,0,14.3,Boston
2023-04-30,55.3,47.8,51.2,0.677,0,17.5,Boston
2023-05-01,64.6,47.9,57.5,0.378,0,20.9,Boston
2023-05-02,58,45,49.7,0.252,0,10.8,Boston
2023-05-03,54.5,37.6,47.4,0.087,0,13.5,Boston
2023-05-04,47.3,44.4,46,0.079,0,13,Boston
2023-05-05,55,45.3,49.6,0.055,0,8.8,Boston
2023-05-06,72.2,45.5,58.4,0,0,11.8,Boston
2023-05-07,76.2,49.9,62.5,0,0,10.9,Boston
2023-05-08,71.3,52.2,61.8,0.071,0,14.6,Boston
2023-05-09,57.6,42.8,51.4,0,0,15.1,Boston
2023-05-10,70.5,40,56.8,0,0,10.2,Boston
2023-05-11,78.7,50.5,63.9,0.028,0,12.9,Boston
2023-05-12,82.8,54.5,68.3,0,0,13.8,Boston
2023-05-13,79.2,59.5,68.3,0,0,17.4,Boston
2023-05-14,65.9,47.1,57.3,0,0,13.4,Boston
2023-05-15,76.8,46.4,62.1,0,0,15.7,Boston
2023-05-16,82.9,58.4,69.4,0,0,18.3,Boston
2023-05-17,65.8,43.2,53.4,0,0,17.5,Boston
2023-05-18,64.9,37.4,50.9,0,0,14.7,Boston
2023-05-19,70.6,43.5,56.8,0,0,16.9,Boston
2023-05-20,67.6,50.8,60.2,1.11,0,13.1,Boston
2023-05-21,74.3,58.2,64.9,0.37,0,13.2,Boston
2023-05-22,59.3,49,55.5,0,0,12.2,Boston
2023-05-23,62.1,45.2,53.9,0,0,11.9,Boston
2023-05-24,74.4,45.1,58.6,0.201,0,13.5,Boston
2023-05-25,66.3,46.8,56.7,0.004,0,12,Boston
2023-05-26,67.2,45.5,56.2,0,0,10.7,Boston
2023-05-27,76.7,46,62.7,0,0,11.5,Boston
2023-05-28,87.5,55.5,71.6,0,0,12.5,Boston
2023-05-29,66.6,51.5,61.3,0,0,15.3,Boston
2023-05-30,65.6,47,57.2,0,0,12.1,Boston
2023-05-31,78,46.8,63.6,0,0,10.4,Boston
2023-06-01,88.9,55.5,73,0,0,9.9,Boston
2023-06-02,88.8,58.9,73,0.406,0,10.9,Boston
2023-06-03,57.6,48.1,53.1,0.165,0,16.2,Boston
2023-06-04,55,46.5,50.7,0.028,0,16.1,Boston
2023-06-05,60.5,50.2,55.1,0.169,0,12.1,Boston
2023-06-06,74.9,52.2,63,0.016,0,15.1,Boston
2023-06-07,67.5,52.7,59.4,0.028,0,14.2,Boston
2023-06-08,64.8,51.6,57.6,0.043,0,6.4,Boston
2023-06-09,65.4,48.6,56.3,0.382,0,10.7,Boston
2023-06-10,66.7,49.7,58.2,0.016,0,8.1,Boston
2023-06-11,77.1,51.1,65.5,0,0,12,Boston
2023-06-12,80,61.3,69,0.217,0,11.5,Boston
2023-06-13,77,60.4,65.7,0.299,0,12.8,Boston
2023-06-14,77.6,57.5,66.2,0.028,0,13.8,Boston
2023-06-15,77.1,56.1,66.6,0.035,0,10.6,Boston
2023-06-16,80.1,59.8,70.6,0.004,0,8.7,Boston
2023-06-17,65.5,58.1,62.6,1.051,0,9.6,Boston
2023-06-18,69.4,57.5,62.1,0.197,0,10.4,Boston
2023-06-19,64.9,54,60.4,0,0,9.6,Boston
2023-06-20,67.1,53.4,60.6,0.004,0,12.9,Boston
2023-06-21,66.3,55.5,61,0,0,9.6,Boston
2023-06-22,66.2,52,60.2,0,0,11.2,Boston
2023-06-23,74.6,58,66.2,0,0,9.8,Boston
2023-06-24,79.6,64.8,71,0.346,0,11.4,Boston
2023-06-25,83.4,66.9,74,0.091,0,10.7,Boston
2023-06-26,77.9,67.8,71.5,0.394,0,11.2,Boston
2023-06-27,76.9,68.1,71.2,0.543,0,16,Boston
2023-06-28,76.2,66.8,70.6,0.138,0,11.5,Boston
2023-06-29,81,63.4,71.9,0.047,0,9.5,Boston
2023-06-30,78.7,62.8,71.5,0.016,0,9.9,Boston
2023-07-01,74.6,62.5,68.9,0,0,11.2,Boston
2023-07-02,76.5,64.3,69.8,0.236,0,12.3,Boston
2023-07-03,78.8,67.5,72.2,0.559,0,11.9,Boston
2023-07-04,76.5,67.2,71.2,0.37,0,5.9,Boston
2023-07-05,87.5,67.5,76.9,0,0,6.8,Boston
2023-07-06,89.3,70.2,80,0.02,0,9.1,Boston
2023-07-07,88.3,67.9,77.5,0,0,10.7,Boston
2023-07-08,82.7,70.4,74.7,0.024,0,11.2,Boston
2023-07-09,80,68.6,72.7,0.016,0,10.2,Boston
2023-07-10,75.4,68.6,70.9,0.232,0,12.8,Boston
2023-07-11,85.4,64.8,74.8,0.008,0,11.2,Boston
2023-07-12,89.5,67.4,78.8,0.051,0,7.6,Boston
2023-07-13,88.2,68.4,77.9,0,0,15.7,Boston
2023-07-14,84.1,69.7,75.7,0.591,0,11.3,Boston
2023-07-15,82.3,69.9,76.3,0.181,0,10.9,Boston
2023-07-16,75.7,71.1,73.7,1.035,0,15.4,Boston
2023-07-17,88.7,70.8,79.1,0.008,0,8.1,Boston
2023-07-18,84.9,70.2,76.8,0.256,0,10.5,Boston
2023-07-19,83.8,69.4,76.3,0.02,0,9.8,Boston
2023-07-20,80.2,64.9,72.4,0,0,9.9,Boston
2023-07-21,80.2,64.9,71.8,1.283,0,10,Boston
2023-07-22,82.1,66,73.1,0.004,0,7.3,Boston
2023-07-23,84.5,64.2,74.7,0,0,6.7,Boston
2023-07-24,85,66.1,75,0.051,0,10,Boston
2023-07-25,84.4,65.9,73.2,0.531,0,11.4,Boston
2023-07-26,89.1,66.3,77.4,0,0,10.4,Boston
2023-07-27,89.2,70.5,79,0.035,0,18.7,Boston
2023-07-28,91,71.4,80.3,0,0,8.5,Boston
2023-07-29,87.3,65.5,77.7,1.409,0,14.2,Boston
2023-07-30,76.4,58.1,67.1,0,0,12,Boston
2023-07-31,79.7,59.4,69.5,0,0,11.3,Boston
2023-08-01,75.3,58,67.2,0,0,9,Boston
2023-08-02,74.9,55.6,65.4,0,0,8.6,Boston
2023-08-03,81.8,58.3,69.5,0,0,17.5,Boston
2023-08-04,77.8,64.4,69.1,0.299,0,12.8,Boston
2023-08-05,79.8,62.4,71,0.008,0,6.1,Boston
2023-08-06,82.6,59.4,71.4,0,0,7.6,Boston
2023-08-07,77.3,63.7,69.6,0.024,0,12.8,Boston
2023-08-08,81.6,69.1,73.7,0.78,0,12.8,Boston
2023-08-09,82.8,66.6,73.6,0.059,0,16.3,Boston
2023-08-10,82.8,64.8,72.2,0.24,0,13.7,Boston
2023-08-11,80.2,64.1,71.9,0.004,0,16.4,Boston
2023-08-12,81.7,59.4,71.6,0,0,9,Boston
2023-08-13,85.4,70.2,76,0.067,0,11.5,Boston
2023-08-14,83.3,64.9,74.6,0.004,0,13.3,Boston
2023-08-15,71.9,66.4,68.8,0.63,0,11.3,Boston
2023-08-16,70.8,64.9,67.6,0.146,0,8.4,Boston
2023-08-17,72.4,63.6,67,0,0,10.5,Boston
2023-08-18,81.1,65.1,70.7,0.622,0,11.2,Boston
2023-08-19,72.9,60.1,66.8,0,0,15.3,Boston
2023-08-20,82.7,61.6,71.5,0,0,10.1,Boston
2023-08-21,85,65.4,74.2,0.311,0,8.7,Boston
2023-08-22,77.4,60.9,69.1,0.008,0,10.3,Boston
2023-08-23,75.5,56.7,66.1,0,0,7.9,Boston
2023-08-24,78.3,56.3,67.3,0.008,0,11.4,Boston
2023-08-25,73.2,62.6,67.5,1.346,0,16.6,Boston
2023-08-26,82.5,69.3,74.1,0.028,0,9.9,Boston
2023-08-27,73.6,63.2,67.3,0.114,0,9.6,Boston
2023-08-28,73.8,59.9,66.4,0,0,10.3,Boston
2023-08-29,74.7,63.6,68.3,0.012,0,10.9,Boston
2023-08-30,81.2,65.8,71.8,0.972,0,16.1,Boston
2023-08-31,71.9,60.5,65.7,0,0,13.2,Boston
2023-09-01,72.4,53.9,63,0,0,8.2,Boston
2023-09-02,80.1,55.4,66.9,0,0,11.2,Boston
2023-09-03,85,62.6,73.8,0.004,0,9.4,Boston
2023-09-04,85.5,65.2,73.6,0,0,10,Boston
2023-09-05,86.7,67.9,76,0.008,0,8.1,Boston
2023-09-06,85.5,71.9,78.2,0.008,0,7,Boston
2023-09-07,92.6,71.1,80.7,0.402,0,9.7,Boston
2023-09-08,86.4,70.5,76.8,0.024,0,11.3,Boston
2023-09-09,82.1,69.7,74,0.35,0,8.7,Boston
2023-09-10,75.7,68.6,71.5,0.26,0,7,Boston
2023-09-11,76.7,67.9,70.6,1.902,0,6.5,Boston
2023-09-12,78.3,67.5,71.6,0.358,0,6.8,Boston
2023-09-13,76.3,64.2,69.2,0.323,0,12.9,Boston
2023-09-14,75.2,60.7,67.2,0,0,8.9,Boston
2023-09-15,68,55.6,61.9,0,0,14.6,Boston
2023-09-16,70,56.6,62.7,0.539,0,20.3,Boston
2023-09-17,77.3,55.8,65.7,0,0,11.4,Boston
2023-09-18,66.4,59.8,63.8,2.713,0,11.5,Boston
2023-09-19,72.7,58.7,65.2,0.13,0,15.5,Boston
2023-09-20,72.3,56,63.4,0,0,8.8,Boston
2023-09-21,71.7,52.5,61.2,0,0,7,Boston
2023-09-22,67.4,52.4,59.4,0.004,0,10.5,Boston
2023-09-23,60.7,57.3,58.5,0.433,0,13.3,Boston
2023-09-24,61.8,58.6,60.2,0.161,0,14.7,Boston
2023-09-25,61.9,58.1,59.3,0.398,0,15.4,Boston
2023-09-26,60.9,49.3,56.7,0.039,0,15,Boston
2023-09-27,65.1,46.9,55,0,0,8.8,Boston
2023-09-28,63.8,49.4,55.8,0,0,8.3,Boston
2023-09-29,59.6,51.4,56.3,0.646,0,10.8,Boston
2023-09-30,65.2,55.6,59,0.004,0,10.9,Boston
2023-10-01,72.9,52.7,60.7,0,0,8.6,Boston
2023-10-02,68.7,51.8,61,0,0,9.4,Boston
2023-10-03,81.3,50.4,64.9,0,0,7.7,Boston
2023-10-04,78.9,55.4,66,0,0,6.8,Boston
2023-10-05,77,60.5,67,0,0,7.2,Boston
2023-10-06,69.5,60.1,63.8,0.039,0,10.2,Boston
2023-10-07,66.6,61.8,63.7,0.346,0,12.8,Boston
2023-10-08,64.7,51.1,57.2,0.039,0,15.5,Boston
2023-10-09,60.7,45,53.2,0,0,10.6,Boston
2023-10-10,63,43.6,53.4,0.004,0,9.7,Boston
2023-10-11,67.2,46.5,56.7,0.004,0,11.6,Boston
2023-10-12,68.4,46.9,57,0,0,9,Boston
2023-10-13,61.5,44.7,52.8,0,0,14.4,Boston
2023-10-14,60.3,46.6,53.1,0,0,8.3,Boston
2023-10-15,59.3,47.7,52.5,0,0,11.2,Boston
2023-10-16,57.6,46.6,51.7,0.079,0,11.4,Boston
2023-10-17,59.6,45.8,51.8,0.02,0,6.4,Boston
2023-10-18,61.9,41.7,52.3,0.016,0,6.2,Boston
2023-10-19,65.3,46.8,55,0,0,11.5,Boston
2023-10-20,66.6,51.2,58.3,0.047,0,11.7,Boston
2023-10-21,59.5,54.6,57.5,1.559,0,16.9,Boston
2023-10-22,58,46.7,52.9,0.008,0,17,Boston
2023-10-23,61.3,45.5,51.8,0,0,11.9,Boston
2023-10-24,62.1,39.6,50.2,0,0,8.8,Boston
2023-10-25,72.9,49.2,59.5,0,0,9.3,Boston
2023-10-26,76.1,58.6,65.2,0,0,8.4,Boston
2023-10-27,77.1,58.4,66.5,0,0,7.9,Boston
2023-10-28,78,60.2,67.9,0,0,11.7,Boston
2023-10-29,58.9,48.2,51.5,0.472,0,9.9,Boston
2023-10-30,54.1,47.3,50.8,0.563,0,13.5,Boston
2023-10-31,47.7,37,42.5,0,0,12.5,Boston
2023-11-01,45.6,35.6,40.4,0,0,11.5,Boston
2023-11-02,45.6,29,36.5,0,0,9.5,Boston
2023-11-03,53.9,32.4,42.6,0,0,13.2,Boston
2023-11-04,57.6,44.9,49.2,0,0,12.5,Boston
2023-11-05,61.4,39.3,49,0.012,0,8.9,Boston
2023-11-06,49.2,38.2,44.5,0,0,8.2,Boston
2023-11-07,65.9,45.9,55.2,0.142,0,16.5,Boston
2023-11-08,49.1,34.1,39.9,0,0,14.1,Boston
2023-11-09,45.8,35,39.4,0.157,0,7,Boston
2023-11-10,51,37.6,43.5,0,0,10.5,Boston
2023-11-11,47.3,33.4,40.7,0,0,10.8,Boston
2023-11-12,41.2,27.3,33.3,0,0,7.5,Boston
2023-11-13,43.7,25.2,33.2,0.004,0,6.8,Boston
2023-11-14,47.3,29,37.6,0.008,0.055,11.6,Boston
2023-11-15,48.4,30.3,38.7,0,0,12,Boston
2023-11-16,60.1,38.8,47,0,0,13.5,Boston
2023-11-17,63.9,39.1,51.2,0,0,15.2,Boston
2023-11-18,55.8,34.5,48,0.087,0,13,Boston
2023-11-19,50.7,31.4,39.7,0,0,15.2,Boston
2023-11-20,38.6,27.6,33.4,0,0,12.1,Boston
2023-11-21,40.8,24.3,32.5,0.004,0,9.8,Boston
2023-11-22,49.7,36.8,43.2,1.169,0.028,15.7,Boston
2023-11-23,48.8,38.5,42.4,0,0,14,Boston
2023-11-24,46.7,29.9,39,0,0,12.5,Boston
2023-11-25,35.5,23.6,28.5,0,0,12,Boston
2023-11-26,45,25.8,34.5,0,0,10.9,Boston
2023-11-27,53.4,36.4,45.7,0.303,0,22.8,Boston
2023-11-28,38.6,28.5,33.6,0,0,16.3,Boston
2023-11-29,36,24,29.5,0,0,13,Boston
2023-11-30,45.3,26,34.7,0,0,12,Boston
2023-12-01,53.8,37.8,45.2,0.083,0,14.3,Boston
2023-12-02,56.2,40.3,47,0.012,0,9.4,Boston
2023-12-03,45.8,38.7,43.4,0.866,0.248,16.2,Boston
2023-12-04,51.5,39.4,44.6,0.106,0,10.5,Boston
2023-12-05,41.4,31.5,36.2,0,0,10.4,Boston
2023-12-06,35.6,25.2,29.8,0,0,9.7,Boston
2023-12-07,34.4,20.2,25.7,0,0,9.7,Boston
2023-12-08,41.9,23.4,30.6,0,0,5.8,Boston
2023-12-09,51.3,28.9,38.3,0,0,6.3,Boston
2023-12-10,60.7,38,50.6,0.217,0,18.5,Boston
2023-12-11,59.6,36.7,46.1,1.614,0,22.6,Boston
2023-12-12,42.3,27.8,35.4,0,0,12.6,Boston
2023-12-13,43.1,31.4,36.4,0,0,12.8,Boston
2023-12-14,35.1,23.5,29,0,0,11.1,Boston
2023-12-15,52.7,29.6,39.5,0,0,10.9,Boston
2023-12-16,48.6,37.7,40.9,0,0,9.7,Boston
2023-12-17,51.8,37.3,44.5,0.461,0,10.4,Boston
2023-12-18,60.4,45.7,55.7,2.114,0,28,Boston
2023-12-19,47.5,34.1,41.3,0,0,11.1,Boston
2023-12-20,41.3,26.6,33.3,0,0,13.4,Boston
2023-12-21,32.8,23.9,29.6,0,0,12.8,Boston
2023-12-22,34,20.2,25.7,0,0,8.6,Boston
2023-12-23,42,22.7,31,0.004,0,6.2,Boston
2023-12-24,46.1,33.1,39.1,0.028,0.028,4.9,Boston
2023-12-25,49.3,37.4,41.5,0,0,4.3,Boston
2023-12-26,50.2,34.5,40.6,0,0,6.8,Boston
2023-12-27,47.7,40.5,43.8,0.071,0,9.8,Boston
2023-12-28,45.3,41.4,43.7,0.835,0,15.4,Boston
2023-12-29,44.1,39.7,41.9,0.028,0,9.5,Boston
2023-12-30,43.9,33.1,39.8,0.098,0,9.5,Boston
2023-12-31,39.7,26.3,32.2,0,0,7.9,Boston
2024-01-01,37.6,25,29.8,0,0,6.9,Boston
2024-01-02,40.4,22.7,28.9,0,0,6,Boston
2024-01-03,42.2,26.6,32.5,0,0,7.4,Boston
2024-01-04,43.7,23.4,33.2,0.004,0.028,15.9,Boston
2024-01-05,33.9,20.1,25.3,0,0,13.1,Boston
2024-01-06,36.2,24.2,30.8,0.02,0.055,16.2,Boston
2024-01-07,35.4,23.4,31.2,1.15,6.394,20.1,Boston
2024-01-08,33.4,18.9,24.8,0,0,10.6,Boston
2024-01-09,40.4,10.6,25.4,0.327,0.11,19.6,Boston
2024-01-10,54.5,40.7,47.7,1.937,0,27.9,Boston
2024-01-11,42.8,30.9,36.6,0,0,13.4,Boston
2024-01-12,45,29.8,37,0,0,9.4,Boston
2024-01-13,59,38.8,46.5,1.378,0.028,27.5,Boston
2024-01-14,40.5,26.2,33.7,0.059,0.386,21.6,Boston
2024-01-15,32.5,21,26.2,0,0,11.9,Boston
2024-01-16,36.1,24.9,29.6,0.65,3.031,14.8,Boston
2024-01-17,25.7,15.3,20.7,0,0,14.1,Boston
2024-01-18,29.6,17.1,22.4,0,0,11,Boston
2024-01-19,27.9,17.1,23,0.012,0.11,11.7,Boston
2024-01-20,19.6,11.5,15.5,0.012,0.055,14,Boston
2024-01-21,25.2,11.7,17.6,0,0,14.1,Boston
2024-01-22,39.6,17.1,27.4,0,0,13.8,Boston
2024-01-23,39.8,32.1,35.2,0.055,0.358,14.8,Boston
2024-01-24,36.7,30.4,33.7,0.209,0.579,5.8,Boston
2024-01-25,51.3,36.6,43.5,0.37,0,13.5,Boston
2024-01-26,42.3,36.6,38.8,0.654,0,10,Boston
2024-01-27,40.4,31.6,35.4,0.004,0,7.6,Boston
2024-01-28,36.2,29.4,33.5,0.571,2.094,13.8,Boston
2024-01-29,39.3,31.4,34.5,0.173,1.047,16.2,Boston
2024-01-30,29.8,23.2,26.8,0,0,12.9,Boston
2024-01-31,39.3,24.1,29.5,0,0,7.3,Boston
2024-02-01,45.9,24.3,32.8,0,0,11.5,Boston
2024-02-02,44.5,29.7,35.7,0.055,0,10.4,Boston
2024-02-03,37.1,23.4,29.7,0,0,12.5,Boston
2024-02-04,39.9,21.2,29.4,0,0,10.9,Boston
2024-02-05,39.3,22.5,30.2,0,0,12.3,Boston
2024-02-06,38.1,25,30.5,0,0,11.1,Boston
2024-02-07,39.8,26.6,31.8,0,0,9,Boston
2024-02-08,43.5,24.6,32.2,0,0,7,Boston
2024-02-09,47.7,28.7,35.7,0,0,10.7,Boston
2024-02-10,58.4,33.5,43.8,0.087,0,9.6,Boston
2024-02-11,48.1,34.2,41,0,0,10.7,Boston
2024-02-12,46.6,27.3,35.6,0,0,7.7,Boston
2024-02-13,35.7,26.7,32,0.386,1.791,20.6,Boston
2024-02-14,30.4,24.3,26.8,0,0,18.3,Boston
2024-02-15,35.2,21.1,27.6,0.035,0.248,13.5,Boston
2024-02-16,37.7,26.8,32.7,0.004,0.028,21.8,Boston
2024-02-17,36,24.6,29.3,0.035,0.248,11.2,Boston
2024-02-18,38.8,19.8,27.8,0,0,17.3,Boston
2024-02-19,34.7,23,29.3,0,0,12.3,Boston
2024-02-20,37.2,19.2,26.5,0,0,8.5,Boston
2024-02-21,38,20.8,28.1,0,0,10.8,Boston
2024-02-22,43.9,21,31.2,0.004,0,9.2,Boston
2024-02-23,41.4,33.3,36.7,0.118,0.11,9.1,Boston
2024-02-24,37.7,20.1,32,0,0,14.2,Boston
2024-02-25,38.7,16.5,25.2,0,0,10.3,Boston
2024-02-26,53.8,25.6,38.7,0,0,13.6,Boston
2024-02-27,57.5,28,41.5,0,0,14,Boston
2024-02-28,59.4,49.3,53.1,0.425,0,20.4,Boston
2024-02-29,49.5,22.8,30.5,0.224,0.496,26.2,Boston
2024-03-01,42.7,21.2,30.8,0,0,11.7,Boston
2024-03-02,48.5,31.4,40.9,0.417,0,10.3,Boston
2024-03-03,57.6,43.8,48.7,0.524,0,12,Boston
2024-03-04,50,39.6,43.5,0.008,0,11.3,Boston
2024-03-05,42.3,39.5,40.9,0.228,0,9.3,Boston
2024-03-06,56.7,39.8,46.3,0.177,0,11.1,Boston
2024-03-07,44.1,40.9,42.2,1.157,0,16.3,Boston
2024-03-08,47.4,32.8,39.3,0,0,13.2,Boston
2024-03-09,42.6,27.9,36.4,0.047,0.028,13.6,Boston
2024-03-10,53.4,38.9,46.6,0.823,0,19.6,Boston
2024-03-11,42.5,31,37,0.02,0.138,24.8,Boston
2024-03-12,51.2,33.1,41.4,0,0,15.4,Boston
2024-03-13,49.3,30.8,40.1,0,0,10.3,Boston
2024-03-14,53.5,32.2,41.8,0,0,9.2,Boston
2024-03-15,48.2,40,43.2,0.421,0,11.2,Boston
2024-03-16,56.2,32.3,44.4,0.016,0,9.9,Boston
2024-03-17,57.7,39.3,47,0.079,0,15.9,Boston
2024-03-18,47.9,35.3,41.3,0,0,16,Boston
2024-03-19,44.9,31.3,37.3,0,0,15.7,Boston
2024-03-20,52.2,32.2,40.5,0.091,0.138,17.5,Boston
2024-03-21,39.4,25.3,31.5,0,0,22.2,Boston
2024-03-22,41.2,22.6,32.1,0,0,12,Boston
2024-03-23,47.9,33.5,39.2,2.031,0.248,18.4,Boston
2024-03-24,42.9,25.1,33.1,0,0,20.1,Boston
2024-03-25,40.5,29.7,34.9,0,0,17.9,Boston
2024-03-26,39.8,33.9,37,0.024,0,15,Boston
2024-03-27,52,37.9,42.9,0.154,0,7.6,Boston
2024-03-28,50.9,42.1,46.2,1.366,0,10,Boston
2024-03-29,49.5,36.5,42.3,0.65,0,19.2,Boston
2024-03-30,54.2,33.4,43.4,0,0,17.3,Boston
2024-03-31,57.1,36,45.7,0,0,15.2,Boston
2024-04-01,54.2,32.5,43.1,0,0,9.9,Boston
2024-04-02,47.8,35.2,41.1,0.083,0,12.7,Boston
2024-04-03,41.8,37.6,39.5,0.508,0.276,24.7,Boston
2024-04-04,37.3,33.9,36.1,1.268,1.378,31.9,Boston
2024-04-05,45.1,33,39.2,0.016,0.083,14.7,Boston
2024-04-06,43.3,35.4,38.9,0.11,0.055,14,Boston
2024-04-07,48.3,34.9,40.3,0,0,12.7,Boston
2024-04-08,65.4,32.2,48.7,0,0,8.1,Boston
2024-04-09,61,38.4,47.4,0,0,12.3,Boston
2024-04-10,61.6,36,48.6,0.031,0,7.6,Boston
2024-04-11,55.7,45.4,48.8,0.189,0,9.6,Boston
2024-04-12,65.4,52.3,58.5,0.697,0,21.7,Boston
2024-04-13,55.8,45.7,50.6,0,0,17.9,Boston
2024-04-14,59.5,42.4,50.4,0.031,0,14.8,Boston
2024-04-15,70.6,41.1,54.9,0.004,0,16.4,Boston
2024-04-16,65,41.5,53.3,0.004,0,13.4,Boston
2024-04-17,53.1,38.4,46.5,0,0,11.9,Boston
2024-04-18,46.6,42.8,44.6,0.26,0,10.6,Boston
2024-04-19,55.1,42.7,48.2,0,0,11.9,Boston
2024-04-20,61,43.9,50.2,0.276,0,14.2,Boston
2024-04-21,54.5,35.2,45.5,0,0,14.2,Boston
2024-04-22,54.5,35.4,44.6,0,0,10.3,Boston
2024-04-23,60.6,34.3,46.7,0,0,13.5,Boston
2024-04-24,63.9,38.2,48.6,0.087,0,16,Boston
2024-04-25,53.4,29.4,40.9,0,0,12.4,Boston
2024-04-26,52.3,32.3,43.3,0,0,9.9,Boston
2024-04-27,62.4,35.4,49.4,0,0,11.1,Boston
2024-04-28,74.3,43.3,55.8,0.083,0,10.3,Boston
2024-04-29,66.9,52.2,59.7,0,0,10.2,Boston
2024-04-30,54.8,46.7,51.1,0.035,0,14.1,Boston
2024-05-01,51.9,44.1,47.2,0.185,0,8.5,Boston
2024-05-02,73,43.1,55,0.075,0,14.7,Boston
2024-05-03,55.9,43.4,49.9,0,0,10,Boston
2024-05-04,52,43.6,47.8,0,0,11.6,Boston
2024-05-05,58.3,45,50,0.252,0,10.1,Boston
2024-05-06,74.4,48.7,60.9,0.071,0,8.9,Boston
2024-05-07,71.4,52.2,62,0,0,9.8,Boston
2024-05-08,65.8,51.3,57.6,0.996,0,7.5,Boston
2024-05-09,63.5,47.7,53.8,0,0,13.4,Boston
2024-05-10,54,45.7,49.5,0.024,0,12.4,Boston
2024-05-11,52.4,40.5,46.9,0.028,0,12.5,Boston
2024-05-12,57.6,39.9,49.5,0.008,0,6.6,Boston
2024-05-13,63.2,42.8,54.6,0.012,0,11.1,Boston
2024-05-14,75.6,48.9,61.6,0,0,13.9,Boston
2024-05-15,71.2,57.1,63,0.173,0,9.8,Boston
2024-05-16,60.5,52.8,56.2,1.287,0,16,Boston
2024-05-17,67.7,50.4,57,0,0,13.1,Boston
2024-05-18,57.1,52.5,54.2,0.587,0,10,Boston
2024-05-19,57.4,52.2,54.2,0.063,0,13.2,Boston
2024-05-20,62.7,49.5,56.3,0,0,10.5,Boston
2024-05-21,84.5,52.2,67.2,0.02,0,8.8,Boston
2024-05-22,87,59.8,72.8,0,0,12.6,Boston
2024-05-23,81.5,62.8,71.6,0.142,0,11.1,Boston
2024-05-24,84.1,56.8,71.5,0,0,16.1,Boston
2024-05-25,76.5,54.7,65.6,0,0,9.6,Boston
2024-05-26,74.6,58.1,65.2,0.016,0,10.4,Boston
2024-05-27,72.3,59.4,65.8,0.165,0,15,Boston
2024-05-28,82.1,63.8,71.8,0.402,0,14.5,Boston
2024-05-29,75.9,58.4,66.9,0.008,0,8.1,Boston
2024-05-30,60.3,53.8,56.9,0.811,0,12.9,Boston
2024-05-31,73.8,49.7,62.2,0,0,11.1,Boston
2024-06-01,79,50.8,65.3,0,0,9.7,Boston
2024-06-02,82.2,50.9,67.4,0,0,8.1,Boston
2024-06-03,76.3,59.4,67.2,0,0,11,Boston
2024-06-04,69.7,55.2,63.5,0,0,11.3,Boston
2024-06-05,86,57.4,70.9,0,0,12.1,Boston
2024-06-06,74.4,62,67.5,0.142,0,12.2,Boston
2024-06-07,79.1,62.4,69.7,0.071,0,9.2,Boston
2024-06-08,75.6,58,67.3,0.004,0,16.7,Boston
2024-06-09,69.3,59,62.8,0.319,0,11.2,Boston
2024-06-10,75.8,56.2,65.1,0,0,11.7,Boston
2024-06-11,72.1,54.5,63.7,0.024,0,7.9,Boston
2024-06-12,74.7,55.2,66.2,0.024,0,8.1,Boston
2024-06-13,81.8,57.2,70.5,0,0,14.4,Boston
2024-06-14,84,65.1,72.3,0.409,0,12,Boston
2024-06-15,75.3,60.8,68.3,0.075,0,12.2,Boston
2024-06-16,70.1,51.4,62.2,0,0,9.5,Boston
2024-06-17,80.8,55.8,69,0,0,13.4,Boston
2024-06-18,93.6,66,79.1,0,0,11.7,Boston
2024-06-19,96.2,69.8,81.1,0.016,0,14.3,Boston
2024-06-20,95.6,71.3,81.9,0.008,0,9.9,Boston
2024-06-21,84.2,64.9,73.6,0.268,0,10.9,Boston
2024-06-22,72.3,63,66.6,0.063,0,8.7,Boston
2024-06-23,88.8,62.9,74.5,0.094,0,17.6,Boston
2024-06-24,81,65.6,76.4,0.016,0,15.1,Boston
2024-06-25,88.7,62.2,75.6,0.602,0,13.8,Boston
2024-06-26,89,70.4,79,0.055,0,13.6,Boston
2024-06-27,81.9,65,72.9,0.406,0,14,Boston
2024-06-28,75.5,56.3,65.9,0,0,10.9,Boston
2024-06-29,76.1,59.1,67.1,0.146,0,15.5,Boston
2024-06-30,88.7,70.2,77.5,0.39,0,15.7,Boston
2024-07-01,77,65.4,70.2,0.756,0,12.9,Boston
2024-07-02,79.3,60.5,70.3,0,0,9.7,Boston
2024-07-03,81.9,59.8,71.6,0,0,13.4,Boston
2024-07-04,89.8,63.5,74.7,0.004,0,10.5,Boston
2024-07-05,86.8,69.6,76.6,0.055,0,10.9,Boston
2024-07-06,84.6,72.8,77.7,0.173,0,16.9,Boston
2024-07-07,88,72.4,79.8,0,0,8.8,Boston
2024-07-08,92.1,69.1,80.6,0,0,10.4,Boston
2024-07-09,88.4,73,80.1,0.094,0,13.4,Boston
2024-07-10,91.2,74.5,81.2,0,0,16,Boston
2024-07-11,90.9,75.3,81.2,0.043,0,18.7,Boston
2024-07-12,87.3,71.2,79.2,0.083,0,14.2,Boston
2024-07-13,80.7,73,76.7,0.508,0,12.4,Boston
2024-07-14,91.3,69.8,80.3,0,0,9.5,Boston
2024-07-15,96.3,71.1,81.1,0.185,0,13.2,Boston
2024-07-16,95.9,74.5,84,0.016,0,15.7,Boston
2024-07-17,92.7,72.3,81.7,0.122,0,13.2,Boston
2024-07-18,88.1,71.4,78.3,0.24,0,11.8,Boston
2024-07-19,82.3,63.7,73,0,0,11.5,Boston
2024-07-20,86.7,63.8,75.6,0,0,15.1,Boston
2024-07-21,84.6,69,76.4,0.028,0,9,Boston
2024-07-22,80.9,65.6,74,0.004,0,9.8,Boston
2024-07-23,76.6,68.7,72.3,0.197,0,7.1,Boston
2024-07-24,71.6,65.9,68.8,0.067,0,8.4,Boston
2024-07-25,80.9,66.2,73.1,0.169,0,11.5,Boston
2024-07-26,84.6,63,73.6,0,0,11.3,Boston
2024-07-27,85.6,62.1,73.7,0,0,10.7,Boston
2024-07-28,81,62.6,71.2,0.228,0,9.3,Boston
2024-07-29,77.4,64.8,69.3,0.425,0,10.9,Boston
2024-07-30,86.7,67.7,76.8,0.016,0,13,Boston
2024-07-31,82.3,71.9,76.7,0.083,0,16.3,Boston
2024-08-01,91,71.3,80.8,0,0,9.2,Boston
2024-08-02,90.4,69.5,80.3,0.055,0,9.7,Boston
2024-08-03,91.1,74.7,81.9,0.028,0,12.5,Boston
2024-08-04,86.5,73.3,77.4,0.469,0,11.5,Boston
2024-08-05,88.6,69.7,78.7,0,0,11,Boston
2024-08-06,76.4,65.2,70.6,0.22,0,11.1,Boston
2024-08-07,69.7,61.6,64.9,0.724,0,8.5,Boston
2024-08-08,71.1,57.3,65.1,0.122,0,10.5,Boston
2024-08-09,83.1,64.8,74.3,0.272,0,19.9,Boston
2024-08-10,85.9,69.9,77.9,0.157,0,15.8,Boston
2024-08-11,82.9,63,73,0,0,12.9,Boston
2024-08-12,77.4,61,68.4,0.067,0,11,Boston
2024-08-13,81.9,59.4,70.1,0,0,9.7,Boston
2024-08-14,81.2,61.8,71.3,0,0,6.3,Boston
2024-08-15,81.2,62.4,70.3,0.067,0,5.8,Boston
2024-08-16,75.9,63.6,68.3,0,0,11.4,Boston
2024-08-17,74,62.2,67.8,0,0,11.9,Boston
2024-08-18,74.8,62.6,67.7,0.094,0,11.9,Boston
2024-08-19,76.8,66.6,70.7,0.488,0,7.2,Boston
2024-08-20,70.6,58.5,64.6,0.039,0,12.5,Boston
2024-08-21,71.6,54.8,62.3,0.083,0,8.5,Boston
2024-08-22,73,53.9,63.2,0,0,10.1,Boston
2024-08-23,79.8,57,67.9,0,0,10.7,Boston
2024-08-24,81.9,59.7,70.5,0,0,6.3,Boston
2024-08-25,82,59.7,70.9,0,0,6.3,Boston
2024-08-26,75.6,61.2,68.3,0.134,0,6.7,Boston
2024-08-27,77.7,60.7,69.3,0.004,0,9,Boston
2024-08-28,90.1,67.6,76.8,0.012,0,15.2,Boston
2024-08-29,69.9,60.5,64.9,0,0,10.9,Boston
2024-08-30,70.2,55.5,63.9,0,0,11,Boston
2024-08-31,81.9,58.4,69.4,0,0,10,Boston
2024-09-01,83.6,66.7,73.9,0.067,0,14.6,Boston
2024-09-02,78.5,61.8,70.5,0.012,0,12.5,Boston
2024-09-03,73.5,52.2,63.1,0,0,11.2,Boston
2024-09-04,77.7,53.6,65.9,0,0,7.9,Boston
2024-09-05,74.9,56,64.8,0,0,11.7,Boston
2024-09-06,72.9,57.8,64.9,0.004,0,11,Boston
2024-09-07,77.8,57,66.2,0.059,0,11,Boston
2024-09-08,68.4,53.3,60.7,0.004,0,14.6,Boston
2024-09-09,73.8,54,63.3,0,0,13.9,Boston
2024-09-10,76.1,57,65.6,0,0,8.4,Boston
2024-09-11,74.7,51.9,63.3,0,0,8.4,Boston
2024-09-12,80.1,53.8,66.4,0,0,8.8,Boston
2024-09-13,82.4,57.8,69.2,0.02,0,7.1,Boston
2024-09-14,77.4,60.3,67.3,0,0,9.8,Boston
2024-09-15,75.5,58.4,66,0,0,8.8,Boston
2024-09-16,79.1,54,65.4,0,0,8,Boston
2024-09-17,82.1,54.8,67.2,0,0,7.4,Boston
2024-09-18,76.4,55.3,64.9,0,0,6.6,Boston
2024-09-19,75.7,60.4,67.7,0.02,0,13.8,Boston
2024-09-20,65.6,60.5,63.4,0.335,0,18.2,Boston
2024-09-21,60.6,57.8,59.1,1.185,0,13.4,Boston
2024-09-22,63.4,56.7,59.3,0.24,0,14.7,Boston
2024-09-23,63.2,55,58.9,0.031,0,12.5,Boston
2024-09-24,63.5,52.6,57.9,0.028,0,13.6,Boston
2024-09-25,63.9,57.3,60.8,0.02,0,9.9,Boston
2024-09-26,70.9,57.3,63.4,0.197,0,14.1,Boston
2024-09-27,75.7,58.7,66,0.028,0,5.2,Boston
2024-09-28,66.8,58,61.8,0,0,9.6,Boston
2024-09-29,65.2,54.5,59.5,0.008,0,7.5,Boston
2024-09-30,68.2,51.8,59.2,0,0,6.2,Boston
2024-10-01,64.8,54.7,59,0.063,0,15,Boston
2024-10-02,64,52.9,59.2,0,0,8.8,Boston
2024-10-03,70.1,49.5,59.3,0,0,7.7,Boston
2024-10-04,71.8,52.7,61.4,0,0,8.6,Boston
2024-10-05,71.1,53.9,60.9,0.004,0,9.3,Boston
2024-10-06,62.9,47.4,54.4,0,0,9.9,Boston
2024-10-07,62.7,50,56.6,0.465,0,13,Boston
2024-10-08,64.4,47.6,54.7,0,0,8.3,Boston
2024-10-09,61.7,44.6,52.5,0.02,0,12.4,Boston
2024-10-10,57.3,44.2,50.2,0.004,0,14.2,Boston
2024-10-11,65.8,42.6,53.3,0,0,10.2,Boston
2024-10-12,67.5,48.3,59.3,0,0,16.6,Boston
2024-10-13,50.4,41.3,47.3,0.354,0,10.7,Boston
2024-10-14,54.5,43.9,50.7,0.039,0,13.5,Boston
2024-10-15,54.7,40,46.2,0,0,13.8,Boston
2024-10-16,54.4,41.1,46.2,0,0,15.4,Boston
2024-10-17,54.4,36.6,45.2,0,0,9.6,Boston
2024-10-18,60.2,41.5,49.4,0,0,10.1,Boston
2024-10-19,68.2,38.8,51.5,0,0,7.2,Boston
2024-10-20,71.1,43.9,55.1,0,0,7.9,Boston
2024-10-21,76.8,51.2,62.2,0,0,10.5,Boston
2024-10-22,68.5,53,59.3,0,0,7.5,Boston
2024-10-23,74.9,52.1,62.3,0,0,12.9,Boston
2024-10-24,69,52.2,60.6,0,0,12.3,Boston
2024-10-25,59.1,42.2,49.7,0,0,9.1,Boston
2024-10-26,62.6,44.5,52.5,0,0,15.1,Boston
2024-10-27,53.1,38.3,45.2,0,0,13.2,Boston
2024-10-28,48.9,36.9,41.9,0,0,7.3,Boston
2024-10-29,54.9,36.4,46.4,0,0,8.1,Boston
2024-10-30,66.6,49.5,57.4,0.118,0,10.1,Boston
2024-10-31,76.7,56.5,65.5,0,0,13.2,Boston
2024-11-01,76.8,54.3,66.1,0,0,16.3,Boston
2024-11-02,54.9,40.2,49.6,0,0,9.4,Boston
2024-11-03,47.8,33.6,40.1,0,0,7.5,Boston
2024-11-04,51,31.5,40.5,0,0,7.3,Boston
2024-11-05,70.7,44.7,58.2,0,0,13.3,Boston
2024-11-06,75.7,61.6,67.1,0,0,15.6,Boston
2024-11-07,68.1,49.4,59.6,0,0,15.5,Boston
2024-11-08,61.4,42.7,51.5,0.012,0,16.5,Boston
2024-11-09,48.9,38.8,43.5,0,0,15.4,Boston
2024-11-10,55.3,32.7,44.3,0.012,0,11.7,Boston
2024-11-11,66.2,51.5,57.5,0.154,0,15.4,Boston
2024-11-12,52.2,38.7,47.2,0,0,18.2,Boston
2024-11-13,44.1,31.9,37.8,0,0,11.2,Boston
2024-11-14,44.3,30.5,36.8,0,0,8.7,Boston
2024-11-15,53.7,31.2,41.6,0,0,11.5,Boston
2024-11-16,58.1,42.7,49.4,0,0,11.1,Boston
2024-11-17,61.4,43,50.9,0,0,9.1,Boston
2024-11-18,60.3,40.6,50.4,0.004,0,10.7,Boston
2024-11-19,56.7,42.3,48.8,0,0,11.1,Boston
2024-11-20,52.9,36.9,44.3,0,0,6.3,Boston
2024-11-21,48.3,45,47.1,0.52,0,16.9,Boston
2024-11-22,52.2,42.9,47.2,0.543,0,21,Boston
2024-11-23,46,42.3,44,0.701,0,16.9,Boston
2024-11-24,48.1,39.7,43.9,0,0,19.4,Boston
2024-11-25,48.8,33.6,40.1,0,0,12,Boston
2024-11-26,45.6,32.5,38.1,0.24,0,14.6,Boston
2024-11-27,47.4,33.1,40,0,0,10,Boston
2024-11-28,47.4,33.5,40.7,0.661,0,17,Boston
2024-11-29,44.3,33.9,39,0.004,0.028,11.9,Boston
2024-11-30,39.3,28.8,33.7,0,0,8.7,Boston
2024-12-01,36.5,27,31.1,0,0,9.3,Boston
2024-12-02,37,26.8,30.5,0,0,7.5,Boston
2024-12-03,36.7,26.2,30.1,0,0,7,Boston
2024-12-04,39.2,25.1,31.5,0,0,8.9,Boston
2024-12-05,40.5,33.7,36.3,0.445,0.606,15.9,Boston
2024-12-06,33,24.6,28.5,0,0,14.6,Boston
2024-12-07,36.8,25,30,0,0,9,Boston
2024-12-08,46,31.7,38.9,0.043,0.303,14.5,Boston
2024-12-09,45.4,31.5,39.8,0.272,0,14.8,Boston
2024-12-10,44.4,32.3,39.1,0.051,0,13.5,Boston
2024-12-11,60.5,37.4,52.1,2.571,0,25.2,Boston
2024-12-12,56.9,28.8,38.9,0.268,0,18.2,Boston
2024-12-13,31.9,25,27.7,0,0,10.5,Boston
2024-12-14,33.1,21.6,26.7,0,0,6.5,Boston
2024-12-15,34.3,18,26.5,0,0,4.9,Boston
2024-12-16,42.2,29.7,36,0.008,0.055,9.2,Boston
2024-12-17,56.7,43.3,50.7,0.138,0,17.4,Boston
2024-12-18,47.7,34.8,41,0.197,0,8.4,Boston
2024-12-19,43.1,32.5,38.9,0.201,0,11.8,Boston
2024-12-20,35.8,27.2,31.9,0.441,2.976,13.8,Boston
2024-12-21,26.4,15.6,22.8,0,0,13.4,Boston
2024-12-22,16.1,8.3,12,0,0,12,Boston
2024-12-23,22.5,6.3,14.3,0,0,7.1,Boston
2024-12-24,32.4,20.6,28.1,0.028,0.193,9,Boston
2024-12-25,29.9,17.4,23.7,0,0,8,Boston
2024-12-26,34.3,22.2,27.1,0,0,5.4,Boston
2024-12-27,36,15,25,0,0,5.5,Boston
2024-12-28,41.4,29.7,36.1,0.047,0,7.3,Boston
2024-12-29,48.4,37.2,42.5,0.024,0,10.1,Boston
2024-12-30,55.6,43.1,51.1,0.654,0,18.4,Boston
2024-12-31,49,36,41.7,0,0,10.7,Boston
2025-01-01,49.4,39.1,44.2,0.555,0,16.2,Boston
2025-01-02,41,33.1,36.7,0.028,0,22.6,Boston
2025-01-03,35.9,29.1,32.3,0,0,18.7,Boston
2025-01-04,29.5,25,26.9,0,0,16.1,Boston
2025-01-05,32.5,21.7,28,0,0,18.8,Boston
2025-01-06,28.6,17.6,22,0,0,11.9,Boston
2025-01-07,25.4,15.6,20.4,0,0,18.6,Boston
2025-01-08,26.4,16.5,21.1,0,0,19,Boston
2025-01-09,23.9,16.7,20.5,0.028,0.193,16.9,Boston
2025-01-10,36.9,23.3,28.9,0,0,14.8,Boston
2025-01-11,30.8,26.1,28.5,0.106,0.744,10.1,Boston
2025-01-12,34.8,23.3,27.4,0,0,11.4,Boston
2025-01-13,41.5,23.1,31.3,0,0,10.3,Boston
2025-01-14,32,23.2,27.8,0,0,15.4,Boston
2025-01-15,27.8,20.9,23.6,0,0,12.9,Boston
2025-01-16,31.2,16.1,23.3,0,0,7.4,Boston
2025-01-17,35.3,18.3,26.5,0.004,0.055,7.4,Boston
2025-01-18,44.1,26.2,35.3,0.295,0,14.4,Boston
2025-01-19,43.1,31,36.5,0.335,1.874,11.7,Boston
2025-01-20,29.5,12.2,19.3,0.134,0.937,15.1,Boston
2025-01-21,17.7,4.5,11.8,0,0,7.3,Boston
2025-01-22,17.6,1.8,9.4,0,0,6.5,Boston
2025-01-23,27.8,5.2,16.2,0,0,9,Boston
2025-01-24,29.9,13.8,20.7,0,0,7.5,Boston
2025-01-25,27.4,8,18.6,0,0,11.4,Boston
2025-01-26,37.3,20.9,29.2,0,0,14,Boston
2025-01-27,34.6,19.1,27.6,0,0,16.4,Boston
2025-01-28,36.2,22.1,29.6,0.008,0.055,19.2,Boston
2025-01-29,42.6,22,31.3,0.087,0.606,18.4,Boston
2025-01-30,27,15.7,21.6,0.012,0.083,13,Boston
2025-01-31,39.7,22.3,33.7,0.508,0,12.1,Boston
2025-02-01,33.1,13.8,26.3,0.15,0.524,13.2,Boston
2025-02-02,28.1,5.7,16.1,0.004,0.028,10.4,Boston
2025-02-03,39.6,23.6,33.9,0.118,0.799,12.9,Boston
2025-02-04,41.9,22.9,34.8,0.008,0,15,Boston
2025-02-05,25.3,14.4,20.6,0,0,10.3,Boston
2025-02-06,34,17.4,25.8,0.295,1.681,8.8,Boston
2025-02-07,36.7,22.8,31.3,0,0,15.8,Boston
2025-02-08,32.5,18.1,25.6,0.012,0.083,6.9,Boston
2025-02-09,29.2,23.6,27.1,0.52,3.61,11.3,Boston
2025-02-10,31,18.5,25,0,0,8.7,Boston
2025-02-11,30.1,7.7,20.3,0,0,8.5,Boston
2025-02-12,32.3,17.9,27.5,0.012,0.083,12,Boston
2025-02-13,38.7,31.8,35.5,0.382,0.854,19.8,Boston
2025-02-14,30.3,20.2,25.8,0,0,15.8,Boston
2025-02-15,28.5,10.4,21.7,0.11,0.772,6.1,Boston
2025-02-16,36.9,24.8,32.7,1.488,3.362,17.5,Boston
2025-02-17,32.3,18.4,23.5,0.004,0.028,24.8,Boston
2025-02-18,20.5,12.1,16.7,0,0,20.5,Boston
2025-02-19,26,8.4,17.6,0,0,12.1,Boston
2025-02-20,27.2,8.9,18.3,0,0,10.2,Boston
2025-02-21,28.4,18.7,22.7,0,0,13.2,Boston
2025-02-22,32.6,11.6,22.2,0,0,11.3,Boston
2025-02-23,39.6,24.7,30.8,0,0,10.6,Boston
2025-02-24,42.2,18.8,32.4,0,0,12.8,Boston
2025-02-25,52.5,36.9,42.1,0.012,0,13,Boston
2025-02-26,50,35.2,40.9,0,0,13.5,Boston
2025-02-27,51.9,31.3,40.9,0.197,0.138,13.4,Boston
2025-02-28,44.3,33.3,38.1,0,0,15.7,Boston
2025-03-01,50.6,26.1,39.8,0.035,0,17.7,Boston
2025-03-02,25.7,12,20.3,0,0,14.2,Boston
2025-03-03,31.1,10.4,21,0,0,8.9,Boston
2025-03-04,48.8,25.5,36.7,0,0,14.1,Boston
2025-03-05,54.2,42.1,48.4,0.169,0,16.2,Boston
2025-03-06,59.4,38,51.7,0.343,0,19.8,Boston
2025-03-07,40.9,23.3,33,0,0,23.9,Boston
2025-03-08,39.2,29.6,33.1,0,0,20.8,Boston
2025-03-09,44.1,26.6,35,0,0,16.3,Boston
2025-03-10,56.8,32.1,44.2,0,0,12.4,Boston
2025-03-11,58.6,34.4,46.2,0,0,12.7,Boston
2025-03-12,47.3,32.7,39.8,0.004,0,11.4,Boston
2025-03-13,43.2,33.1,37.3,0.004,0.028,11,Boston
2025-03-14,49.4,35.1,40.5,0,0,5.5,Boston
2025-03-15,55.3,35.3,44.2,0,0,10.1,Boston
2025-03-16,66.1,46.3,54.9,0.004,0,17.3,Boston
2025-03-17,57.9,41.7,53.1,1.654,0,21.5,Boston
2025-03-18,48.6,36.5,41.4,0.012,0,12.1,Boston
2025-03-19,48.8,33.8,39.6,0,0,8.8,Boston
2025-03-20,57.8,38.3,45.9,0,0,9,Boston
2025-03-21,46.9,38.3,43.8,0.343,0,17.9,Boston
2025-03-22,59,33.7,45.5,0.031,0,16.1,Boston
2025-03-23,42.1,25.8,34.5,0,0,14.6,Boston
2025-03-24,45,31.3,37.2,0.89,0.138,9.9,Boston
2025-03-25,52.5,32,41.7,0,0,13.2,Boston
2025-03-26,48.9,31.3,40.9,0.008,0,9.9,Boston
2025-03-27,47,29.5,38.3,0.016,0,12.4,Boston
2025-03-28,55.7,33.7,45.7,0.031,0.22,12.8,Boston
2025-03-29,47.6,34.6,39.3,0.075,0,11.8,Boston
2025-03-30,44.5,35.2,39.5,0.059,0,10,Boston
2025-03-31,66.8,40.1,54.8,0.083,0,17.7,Boston
2025-04-01,57,37,47.1,0.319,0,15.3,Boston
2025-04-02,38.7,28.8,34.7,0.008,0.028,10.7,Boston
2025-04-03,67.4,36,51.8,0.417,0.248,19.5,Boston
2025-04-04,65.7,50.1,59.8,0,0,10.9,Boston
2025-04-05,47.7,39.6,42.4,0.323,0,11.5,Boston
2025-04-06,56.4,40.2,46.8,0.122,0,6.8,Boston
2025-04-07,46.6,35.7,39.2,0.283,0.138,10.2,Boston
2025-04-08,43.9,29,37.4,0.063,0,17.8,Boston
2025-04-09,45.9,27.3,35.5,0,0,13,Boston
2025-04-10,45.4,28.9,38.2,0,0,10.3,Boston
2025-04-11,43.1,34,38.8,0.154,0.496,9.5,Boston
2025-04-12,39.3,34.1,36.9,0.563,2.232,13.6,Boston
2025-04-13,43.2,36.7,40.1,0.13,0,13.8,Boston
2025-04-14,66.4,37.7,51.3,0,0,10.4,Boston
2025-04-15,65.1,46,54.2,0.031,0,13.1,Boston
2025-04-16,49.6,38.7,44,0.012,0,16.5,Boston
2025-04-17,56.4,37.1,46.6,0,0,12.4,Boston
2025-04-18,64,35.2,50.1,0.024,0,15.7,Boston
2025-04-19,81,54.7,67.1,0.087,0,13.8,Boston
2025-04-20,66.5,47.1,56.8,0,0,17.9,Boston
2025-04-21,56.1,37.4,47.1,0,0,10.9,Boston
2025-04-22,70.1,46.8,57.8,0.228,0,9.8,Boston
2025-04-23,68.1,46.8,57.3,0,0,10.1,Boston
2025-04-24,65.8,44.5,56.7,0,0,9.7,Boston
2025-04-25,69.5,54.5,60.9,0.016,0,11.3,Boston
2025-04-26,62.1,54.2,59.3,0.52,0,17.2,Boston
2025-04-27,53.7,44.1,48.7,0.012,0,18.5,Boston
2025-04-28,70.5,45.5,58.9,0,0,12.7,Boston
2025-04-29,74.5,50.8,62.4,0,0,16,Boston
2025-04-30,67.4,52.7,62.4,0.008,0,14.9,Boston
2025-05-01,60.4,41.8,52.8,0,0,9.8,Boston
2025-05-02,78.6,50.5,63.8,0.642,0,8.6,Boston
2025-05-03,79.9,60.6,69.3,0.028,0,12.1,Boston
2025-05-04,76.4,53.3,64.4,0.154,0,14,Boston
2025-05-05,53.6,49.2,51.7,0.551,0,12.5,Boston
2025-05-06,68.6,49.5,59,0.11,0,11.3,Boston
2025-05-07,70.4,54.9,63.2,0.012,0,12.6,Boston
2025-05-08,71.2,55.1,61.2,0.492,0,8.2,Boston
2025-05-09,53.1,47.7,50,0.835,0,13.8,Boston
2025-05-10,63.6,48.6,53.9,0.528,0,13.9,Boston
2025-05-11,65.5,51.8,58,0,0,11.3,Boston
2025-05-12,68.4,42.7,57.4,0,0,14.2,Boston
2025-05-13,61.6,53.2,57.9,0,0,8.7,Boston
2025-05-14,63.2,48.9,57,0,0,7.5,Boston
2025-05-15,70.2,58,63.8,0.213,0,6.5,Boston
2025-05-16,76.4,62,68.5,0.016,0,8.1,Boston
2025-05-17,71.7,59.5,66.3,0.012,0,11.7,Boston
2025-05-18,67.6,57.6,63.2,0.012,0,15.1,Boston
2025-05-19,61.9,48.6,54.9,0.004,0,16.7,Boston
2025-05-20,57.5,47.2,51.3,0.016,0,12.5,Boston
2025-05-21,50.9,48.2,49.3,0.035,0,12.4,Boston
2025-05-22,48.6,45.8,47.1,1.602,0,18.4,Boston
2025-05-23,57.7,43.2,49.8,0.398,0,19.9,Boston
2025-05-24,58.6,46.6,52.7,0.035,0,9.7,Boston
2025-05-25,60.8,48.3,55,0,0,10.6,Boston
2025-05-26,65,47.6,57.4,0,0,7.1,Boston
2025-05-27,75.2,50,63.6,0,0,9.5,Boston
2025-05-28,75.3,55.1,64.8,0,0,9.6,Boston
2025-05-29,65.7,55.5,59.6,0.13,0,6.8,Boston
2025-05-30,74,58.5,65.6,0.079,0,10.9,Boston
2025-05-31,68.7,53.3,61.6,1.059,0,18,Boston
2025-06-01,61.2,50,55.7,0.024,0,16.6,Boston
2025-06-02,68.3,48.1,58.4,0,0,10.6,Boston
2025-06-03,74.2,51.1,63.6,0,0,7.4,Boston
2025-06-04,82.7,57.8,69.8,0,0,9.4,Boston
2025-06-05,89.2,63.9,77,0.004,0,9.6,Boston
2025-06-06,76.3,63.2,70.8,0.047,0,8.4,Boston
2025-06-07,73.9,62.9,66.5,0.858,0,6.4,Boston
2025-06-08,67.2,57.5,61.8,0,0,9.3,Boston
2025-06-09,60.7,57,58.5,0.02,0,10.5,Boston
2025-06-10,62.2,57.4,59.3,0.433,0,6.9,Boston
2025-06-11,78.2,58.7,69.6,0.004,0,13.3,Boston
2025-06-12,81.7,66.8,73.5,0,0,16.7,Boston
2025-06-13,74,58.3,64.8,0,0,8.9,Boston
2025-06-14,60.3,55.9,58.5,0.181,0,9,Boston
2025-06-15,63,55,58.5,0,0,6.5,Boston
2025-06-16,67.9,52.9,60.8,0,0,8.5,Boston
2025-06-17,73.6,58.3,65.9,0.106,0,7.9,Boston
2025-06-18,77.3,64.1,69.8,0.126,0,8.9,Boston
2025-06-19,87.8,67.7,76.6,0.059,0,13.2,Boston
2025-06-20,81.1,69.1,74.6,0,0,20.4,Boston
2025-06-21,85.8,63.3,75.5,0,0,8.2,Boston
2025-06-22,93.2,73.2,82,0,0,13,Boston
2025-06-23,95.6,72.8,85.4,0,0,7.7,Boston
2025-06-24,101.9,79.3,90.8,0,0,11.9,Boston
2025-06-25,93.9,79.2,85.9,0.012,0,10.2,Boston
2025-06-26,80.8,62.2,68.4,0.067,0,11,Boston
2025-06-27,72.5,59.1,66.2,0,0,9.5,Boston
2025-06-28,75.7,59.9,66.8,0.213,0,6.5,Boston
2025-06-29,85.2,65.5,75.6,0,0,7.5,Boston
2025-06-30,85.4,63.9,75.7,0,0,7.9,Boston
2025-07-01,90,71.3,79.3,0.24,0,14.7,Boston
2025-07-02,88,71.9,79.5,0.079,0,10.2,Boston
2025-07-03,90,70.8,79.4,0.031,0,12.6,Boston
2025-07-04,81.6,65,73.2,0,0,11,Boston
2025-07-05,83,63.2,74.2,0,0,8.3,Boston
2025-07-06,92.2,69.5,80.7,0.02,0,12.5,Boston
2025-07-07,89.9,71.9,80.6,0.079,0,14,Boston
2025-07-08,92.2,75.1,81.3,0.394,0,9.5,Boston
2025-07-09,74.4,66.8,70.4,0.197,0,7.1,Boston
2025-07-10,67.6,64.9,66.7,1.559,0,7.7,Boston
2025-07-11,75.6,62.4,69.3,0,0,6.8,Boston
2025-07-12,79,67.1,72.9,0,0,7.3,Boston
2025-07-13,79,65.9,72,0.012,0,8.5,Boston
2025-07-14,82.8,67.5,74.4,0.331,0,8.6,Boston
2025-07-15,87.3,72.5,78.8,0.106,0,7.7,Boston
2025-07-16,88.2,72.2,80.3,0.075,0,8.8,Boston
2025-07-17,86,75.6,80.6,0.283,0,11.8,Boston
2025-07-18,81.2,71.2,76.2,0,0,12.5,Boston
2025-07-19,83.9,61.3,74,0,0,8.3,Boston
2025-07-20,86,70.3,76.7,0.165,0,9.5,Boston
2025-07-21,77.2,64.8,71.2,0,0,11.3,Boston
2025-07-22,78.4,58.5,68.3,0,0,9.5,Boston
2025-07-23,81.9,60.8,71.9,0,0,8.7,Boston
2025-07-24,90.8,67,77.8,0,0,12.3,Boston
2025-07-25,93.7,72.5,81.5,0.122,0,13.6,Boston
2025-07-26,78.1,67.5,73.5,0,0,7.5,Boston
2025-07-27,80.6,64.1,71.1,0.374,0,11,Boston
2025-07-28,85,69.8,77,0.004,0,6.5,Boston
2025-07-29,97.7,72.7,85.2,0,0,9.7,Boston
2025-07-30,93.2,74.4,84.6,0,0,10.2,Boston
2025-07-31,81.5,62.3,72.2,1.228,0,11.1,Boston
2025-08-01,72.2,61.2,65.4,0.228,0,9.9,Boston
2025-08-02,73.2,58,65.8,0,0,6.7,Boston
2025-08-03,81.3,58.9,70.3,0,0,9,Boston
2025-08-04,86.7,62.6,73.9,0,0,7.2,Boston
2025-08-05,73.9,64.8,69.6,0,0,8.2,Boston
2025-08-06,76.5,62.1,68.4,0,0,7.2,Boston
2025-08-07,79.1,62.8,70.9,0,0,7,Boston
2025-08-08,82.2,60.5,71.8,0,0,8.6,Boston
2025-08-09,80.8,59.8,71.1,0,0,7.9,Boston
2025-08-10,88.4,63.9,76.1,0,0,7.3,Boston
2025-08-11,94.5,69.7,81.8,0,0,7,Boston
2025-08-12,94.2,71.9,82.5,0,0,9.7,Boston
2025-08-13,90.4,70.2,78.5,0.469,0,9.6,Boston
2025-08-14,85.7,72,77.3,0.177,0,7.2,Boston
2025-08-15,76.9,66.9,72.7,0,0,8.6,Boston
2025-08-16,83,61.8,73.1,0,0,8.9,Boston
2025-08-17,90.4,68.4,77.6,0.244,0,10.6,Boston
2025-08-18,70.3,61.6,66.1,0,0,11.2,Boston
2025-08-19,69.7,57.3,63.6,0,0,7,Boston
2025-08-20,65.2,56.9,60.7,0.406,0,9.4,Boston
2025-08-21,67.8,56.3,62.5,0.079,0,14,Boston
2025-08-22,80.7,56.8,67.4,0,0,10.7,Boston
2025-08-23,85.4,61.1,72.7,0,0,12.2,Boston
2025-08-24,81.1,63,71.7,0,0,14.1,Boston
2025-08-25,83.1,66.7,73.7,0.008,0,9.7,Boston
2025-08-26,79.4,62.6,71,0,0,13.1,Boston
2025-08-27,75,59.5,67.2,0.008,0,12,Boston
2025-08-28,78.5,56.7,67.1,0,0,11.9,Boston
2025-08-29,76.8,60.7,66.8,0.335,0,10.9,Boston
2025-08-30,74.1,54.7,64.9,0,0,8.9,Boston
2025-08-31,74.9,56.4,65.7,0,0,7.8,Boston
2025-09-01,74.5,58,65.4,0,0,6.9,Boston
2025-09-02,76.3,56.8,66.4,0,0,8.1,Boston
2025-09-03,79.8,58,68.5,0,0,8.3,Boston
2025-09-04,79.2,57,67.6,0,0,11.1,Boston
2025-09-05,81,65.4,71.8,0.161,0,12.6,Boston
2025-09-06,81.8,65.5,73.3,0.335,0,16.1,Boston
2025-09-07,64.9,60.3,62.4,0.74,0,7,Boston
2025-09-08,68.9,53.6,60.8,0,0,8.3,Boston
2025-09-09,67.5,52.5,59.8,0,0,8.5,Boston
2025-09-10,66.9,57.7,61.4,0,0,10,Boston
2025-09-11,76.6,53.2,64.6,0,0,6.6,Boston
2025-09-12,68.3,57,62.5,0,0,7.3,Boston
2025-09-13,74,54.1,63.3,0.055,0,8.9,Boston
2025-09-14,77.4,58.9,66.7,0.004,0,8.1,Boston
2025-09-15,71.8,58.9,64.3,0,0,7.4,Boston
2025-09-16,70.2,56.6,62.5,0,0,8.4,Boston
2025-09-17,69.4,55.5,62.2,0.075,0,7.8,Boston
2025-09-18,75.1,62.3,67.5,0.028,0,6.2,Boston
2025-09-19,78.3,62.1,69.4,0,0,9.6,Boston
2025-09-20,66.7,53.2,59.5,0,0,7.2,Boston
2025-09-21,64.9,48.2,57,0,0,7.4,Boston
2025-09-22,70.3,48.6,59.8,0,0,7.9,Boston
2025-09-23,80.1,59.6,69,0.098,0,11.1,Boston
2025-09-24,68.6,62.7,65.4,0.055,0,10.5,Boston
2025-09-25,73,63.6,67.9,0.48,0,14.2,Boston
2025-09-26,77.9,64.8,71.3,0,0,13.1,Boston
2025-09-27,74.3,61.4,67.5,0,0,6.3,Boston
2025-09-28,80.9,62.9,70.8,0.083,0,8.9,Boston
2025-09-29,76.4,57.7,67.3,0,0,8.2,Boston
2025-09-30,70.7,57.7,63.8,0,0,8.7,Boston
2025-10-01,64.4,49.6,57.5,0,0,11.7,Boston
2025-10-02,61.9,45,53.1,0,0,9.4,Boston
2025-10-03,72.2,45.9,58,0,0,8.4,Boston
2025-10-04,79.1,53.5,65.6,0,0,7.6,Boston
2025-10-05,80.1,55.8,67.5,0,0,7.3,Boston
2025-10-06,83,59.1,68.9,0,0,10,Boston
2025-10-07,81,60.8,69.4,0,0,14.2,Boston
2025-10-08,69.5,53.1,63.3,0.437,0,14.4,Boston
2025-10-09,55.1,44.2,49.5,0,0,11.6,Boston
2025-10-10,59.4,35.3,47.4,0,0,7.9,Boston
2025-10-11,63.3,45.9,54.3,0,0,6.7,Boston
2025-10-12,57.8,52.5,55.6,0.339,0,19.2,Boston
2025-10-13,55,52.5,53.6,1.205,0,20.2,Boston
2025-10-14,56.8,51.3,54.4,0.185,0,14.2,Boston
2025-10-15,61.2,47,54.4,0.008,0,12.8,Boston
2025-10-16,53.5,44,48.6,0,0,13.5,Boston
2025-10-17,61.2,44.1,51.2,0,0,10.4,Boston
2025-10-18,60.3,40.5,49.9,0,0,7.5,Boston
2025-10-19,67.4,46.5,55.7,0,0,9,Boston
2025-10-20,66.8,54.9,60.1,0.685,0,15.7,Boston
2025-10-21,63.7,50.6,55.8,0,0,11.7,Boston
2025-10-22,64.8,52.3,56.7,0.173,0,13.7,Boston
2025-10-23,59.9,46.9,52.3,0,0,13.3,Boston
2025-10-24,57.9,42.9,49.5,0,0,6.6,Boston
2025-10-25,55.1,40.9,47.7,0,0,9.1,Boston
2025-10-26,54.4,41.6,47.4,0,0,9.1,Boston
2025-10-27,51.8,36.4,43.7,0.004,0,6.8,Boston
2025-10-28,51.9,40,46.4,0,0,14.1,Boston
2025-10-29,49.7,44.8,48,0.024,0,12.4,Boston
2025-10-30,57,47.5,52.5,0.811,0,17,Boston
2025-10-31,59.6,49.5,55.4,0.551,0,19.2,Boston
2025-11-01,55.5,42.2,48.3,0,0,17.1,Boston
2025-11-02,52.2,36.3,43,0,0,7.7,Boston
2025-11-03,55.7,34.4,44.6,0.079,0,12.6,Boston
2025-11-04,53.9,44.9,48.3,0.012,0,17.3,Boston
2025-11-05,57.1,39.3,48,0.012,0,12.4,Boston
2025-11-06,54,38.2,46.1,0.079,0,18.1,Boston
2025-11-07,53.1,33.2,42.9,0,0,14.7,Boston
2025-11-08,61.4,44.6,53.9,0.311,0,15.6,Boston
2025-11-09,55.8,43.1,50.6,0.102,0,13.8,Boston
2025-11-10,54.4,44.5,51.2,0.28,0,11.5,Boston
2025-11-11,41.3,32.2,35.4,0,0,18.4,Boston
2025-11-12,44,33.3,38.6,0.004,0,13.8,Boston
2025-11-13,49.1,37.7,42.1,0.028,0,10.6,Boston
2025-11-14,45.3,34.4,39,0,0,9.8,Boston
2025-11-15,44.9,30.5,37.4,0.087,0,7.8,Boston
2025-11-16,53.1,36.9,45,0.39,0,16.7,Boston
2025-11-17,40.8,32,36.1,0,0,19.1,Boston
2025-11-18,45.9,34,38.1,0,0,12,Boston
2025-11-19,43.3,28.9,34.7,0,0,5.8,Boston
2025-11-20,42.1,27.8,34.5,0.004,0,5.8,Boston
2025-11-21,44.7,27.7,35.9,0,0,7.7,Boston
2025-11-22,47,34.6,40,0.15,0,8.5,Boston
2025-11-23,41.1,27.3,33.6,0.016,0.083,6,Boston
2025-11-24,47.8,32.8,38.4,0,0,12,Boston
2025-11-25,49.2,31.5,41.1,0.11,0,9.5,Boston
2025-11-26,61.4,47.9,55.3,0.299,0,13,Boston
2025-11-27,54.9,37,44.1,0.016,0,13,Boston
2025-11-28,40.6,32.1,36.1,0,0,17.6,Boston
2025-11-29,41.3,29.6,34.3,0,0,12.8,Boston
2025-11-30,45.9,28.1,37,0.138,0,12.1,Boston
2025-12-01,43.7,28.1,37.5,0.004,0,13.2,Boston
2025-12-02,39.8,25,32.3,0.701,0,18.5,Boston
2025-12-03,36.5,28.8,32,0.098,0.496,14.8,Boston
2025-12-04,39.4,20.9,31.3,0,0,17.8,Boston
2025-12-05,26.6,9.9,18.3,0,0,13.2,Boston
2025-12-06,37.6,23.2,31,0,0,7.1,Boston
2025-12-07,39.3,26.2,32.6,0,0,8.3,Boston
2025-12-08,32.3,15.5,23.9,0,0,12.5,Boston
2025-12-09,29.8,9.5,19.4,0,0,9.2,Boston
2025-12-10,46,32.1,39.1,0.106,0.083,13.6,Boston
2025-12-11,38.4,23.6,31.7,0.008,0,19.7,Boston
2025-12-12,34.1,19.8,26.8,0,0,15.7,Boston
2025-12-13,36,25.3,31.4,0,0,10.6,Boston
2025-12-14,32.5,20.7,29.5,0.213,1.488,14.9,Boston
2025-12-15,23.6,11.8,17.9,0,0,14,Boston
2025-12-16,35.4,20.4,26.6,0,0,8.9,Boston
2025-12-17,44.7,27.7,36,0,0,15.6,Boston
2025-12-18,45.2,28.6,37.3,0,0,9.5,Boston
2025-12-19,58.8,35.1,49.4,0.48,0,28.7,Boston
2025-12-20,37.4,29.5,32.6,0,0,16.9,Boston
2025-12-21,45.5,30.1,37.8,0,0,16,Boston
2025-12-22,31.5,23.7,27.9,0,0,12.7,Boston
2025-12-23,36.6,27.3,31.7,0.138,0.744,6.7,Boston
2025-12-24,36,25.7,32,0.043,0.11,15.1,Boston
2025-12-25,39.6,19.1,28.8,0,0,16.9,Boston
2025-12-26,20.9,10.6,16.6,0.02,0.138,14.4,Boston
2025-12-27,20.3,14.6,17.2,0.252,1.791,11,Boston
2025-12-28,33,12.6,22.5,0,0,7.7,Boston
2025-12-29,42,31.7,38.5,0.661,0,16,Boston
2025-12-30,31,20.5,25.2,0,0,23.6,Boston
2025-12-31,32.1,24.2,27.5,0,0,14.9,Boston
2021-01-01,33.6,25.3,30.1,0.551,2.949,21.1,Chicago
2021-01-02,34.2,29.1,32.6,0.098,0.606,18.9,Chicago
2021-01-03,36.3,28.6,32.6,0.13,0.909,8.2,Chicago
2021-01-04,34.9,24,27.6,0,0,10.6,Chicago
2021-01-05,38.3,24.1,29.1,0.004,0.028,9.4,Chicago
2021-01-06,35.2,27.6,31.4,0,0,7.2,Chicago
2021-01-07,37.3,31.6,34.9,0,0,12.3,Chicago
2021-01-08,35.2,31.7,33.6,0,0,16.7,Chicago
2021-01-09,35,27.5,30.9,0,0,12.1,Chicago
2021-01-10,29.9,26.3,27.9,0,0,8.7,Chicago
2021-01-11,29.7,22.6,25.9,0,0,16.3,Chicago
2021-01-12,40.1,26,30.8,0,0,15,Chicago
2021-01-13,44.2,29.6,35.6,0,0,13.7,Chicago
2021-01-14,40.8,30.2,35.7,0.157,0,14.3,Chicago
2021-01-15,37.2,28,33.6,0.079,0.331,13.8,Chicago
2021-01-16,38,26.1,32.3,0.075,0.469,13.8,Chicago
2021-01-17,32.4,28.4,31,0.126,0.854,8.9,Chicago
2021-01-18,31.1,24.4,27.1,0,0,12.6,Chicago
2021-01-19,31.3,18.5,24.9,0.047,0.331,15.5,Chicago
2021-01-20,30.6,14.9,23.5,0.047,0.331,23.2,Chicago
2021-01-21,39.9,30.4,34.1,0,0,22.6,Chicago
2021-01-22,31.8,14.5,19.7,0,0,17.7,Chicago
2021-01-23,31.6,10.2,20.8,0,0,11,Chicago
2021-01-24,36.1,26.9,30.1,0.087,0.606,12.3,Chicago
2021-01-25,33.1,29.7,31.4,0.11,0.772,21.9,Chicago
2021-01-26,31.2,27.7,30.4,0.52,3.61,21.8,Chicago
2021-01-27,27.6,17.4,25,0.031,0.22,17.9,Chicago
2021-01-28,21.1,5.6,14,0,0,14.8,Chicago
2021-01-29,29.7,2.7,18,0,0,12.8,Chicago
2021-01-30,33.9,25.9,29.5,0.244,1.709,22.7,Chicago
2021-01-31,32.6,29.5,30.8,0.689,4.795,23.1,Chicago
2021-02-01,32.4,23.6,29.6,0,0,19.8,Chicago
2021-02-02,31.5,21.6,26.2,0,0,15.4,Chicago
2021-02-03,28.9,11.5,20.8,0,0,11.9,Chicago
2021-02-04,34.2,22.7,30.1,0.319,1.957,26,Chicago
2021-02-05,23.9,9.6,13.6,0.02,0.138,26.1,Chicago
2021-02-06,12.3,0.1,7.1,0.079,0.551,19.7,Chicago
2021-02-07,7.6,-7.4,-0.5,0,0,14.5,Chicago
2021-02-08,12.8,-4.9,4.9,0.071,0.496,10.3,Chicago
2021-02-09,13.5,3.6,9,0.004,0.028,15.7,Chicago
2021-02-10,17.5,2.9,11.4,0.028,0.193,17.2,Chicago
2021-02-11,22.8,10.3,17.1,0.02,0.138,17.5,Chicago
2021-02-12,21.6,10.8,15.8,0.055,0.358,15,Chicago
2021-02-13,13,3.4,8.8,0.142,0.965,16.8,Chicago
2021-02-14,4.3,-4.4,0.1,0.051,0.331,16.2,Chicago
2021-02-15,18.2,2,10.6,0.35,2.453,27.1,Chicago
2021-02-16,19.2,10.4,16.1,0.236,1.626,20.9,Chicago
2021-02-17,18.9,4.7,12,0,0,12.2,Chicago
2021-02-18,22.7,15.4,19.1,0.043,0.303,11.9,Chicago
2021-02-19,19,6,13.5,0,0,13.2,Chicago
2021-02-20,20.2,-1.8,10.3,0,0,11.6,Chicago
2021-02-21,33.9,13.7,23.1,0.142,0.909,23.8,Chicago
2021-02-22,36.5,26.9,32.3,0.059,0,21.4,Chicago
2021-02-23,40.6,31.9,36.4,0,0,23,Chicago
2021-02-24,41.4,25.4,36.8,0,0,19.9,Chicago
2021-02-25,36.6,15.4,26.2,0,0,9.9,Chicago
2021-02-26,38.2,15.2,28,0.004,0,11.4,Chicago
2021-02-27,50.7,30.5,37.7,0.098,0.11,11.8,Chicago
2021-02-28,54.1,34.8,42.1,0.035,0,22.4,Chicago
2021-03-01,34.2,22.2,28,0,0,15.1,Chicago
2021-03-02,43.1,15.7,29.2,0,0,18.1,Chicago
2021-03-03,50.3,33.6,39.7,0,0,16.5,Chicago
2021-03-04,33.1,28.3,31.5,0,0,17.4,Chicago
2021-03-05,43.2,24,32.5,0,0,11.2,Chicago
2021-03-06,39,23.5,31.3,0,0,11.2,Chicago
2021-03-07,46.3,24.9,35.3,0,0,13.4,Chicago
2021-03-08,61.6,41.1,49.6,0,0,17.3,Chicago
2021-03-09,62.8,39.7,50.2,0,0,18.1,Chicago
2021-03-10,66.1,52,58,0.012,0,25.7,Chicago
2021-03-11,60.4,42.2,52.9,0.067,0,26.7,Chicago
2021-03-12,46.8,34,39.6,0,0,10.2,Chicago
2021-03-13,55.8,29,40.9,0,0,8.6,Chicago
2021-03-14,43.2,34.9,39.1,0,0,22,Chicago
2021-03-15,37.5,31.5,33.5,0.209,1.461,22.3,Chicago
2021-03-16,38.3,31.2,34.8,0,0,9.8,Chicago
2021-03-17,39,30.6,34.6,0.335,0,21.4,Chicago
2021-03-18,41.1,35.9,37.5,0.421,0,27.3,Chicago
2021-03-19,38.9,30.3,34.5,0,0,19.4,Chicago
2021-03-20,51.1,28.9,38.9,0,0,9.3,Chicago
2021-03-21,60.9,35,47.4,0,0,14.8,Chicago
2021-03-22,65.3,43.3,53.2,0,0,14.9,Chicago
2021-03-23,61.2,48.6,52.9,0.268,0,18.1,Chicago
2021-03-24,60.1,50.3,54.8,0.146,0,24.3,Chicago
2021-03-25,47.9,37.8,42.6,0.177,0,20.2,Chicago
2021-03-26,40.6,35,37.7,0.205,0,22.6,Chicago
2021-03-27,65.8,37.3,49.4,0.087,0,17.2,Chicago
2021-03-28,53.3,35.1,43.5,0.008,0,23.3,Chicago
2021-03-29,59.8,28.7,43.4,0,0,25.1,Chicago
2021-03-30,67,48,55,0.02,0,24.4,Chicago
2021-03-31,46.9,34.3,39.4,0.004,0.028,16.6,Chicago
2021-04-01,34.6,26.1,31,0,0,19.3,Chicago
2021-04-02,47.8,23.4,36.4,0,0,14.6,Chicago
2021-04-03,65.9,36.4,50.6,0,0,20.7,Chicago
2021-04-04,66.1,39.4,54.3,0,0,12.5,Chicago
2021-04-05,72.6,54.5,64.2,0.012,0,16.3,Chicago
2021-04-06,79.8,55.7,68.5,0,0,18,Chicago
2021-04-07,78.2,57.7,67,0.047,0,18.4,Chicago
2021-04-08,64.6,52,59.1,0.543,0,18.2,Chicago
2021-04-09,63,50,55.3,0.055,0,22.3,Chicago
2021-04-10,53.8,44.6,48.3,0.398,0,13.7,Chicago
2021-04-11,53.2,42.5,47.4,0.004,0,13.7,Chicago
2021-04-12,62.1,48,53.8,0.071,0,18.8,Chicago
2021-04-13,55.2,41,47.8,0,0,18.1,Chicago
2021-04-14,48.6,35.3,42.5,0,0,13.8,Chicago
2021-04-15,47.8,36,42,0,0,15.1,Chicago
2021-04-16,46.7,38.8,42.4,0,0,11,Chicago
2021-04-17,47.5,38.3,42.5,0,0,11.9,Chicago
2021-04-18,61.2,33.8,48.5,0.008,0,11,Chicago
2021-04-19,52.7,42.4,47.1,0.11,0,14.6,Chicago
2021-04-20,42.2,35.9,37.9,0.114,0.799,12.8,Chicago
2021-04-21,47.3,29.1,36.8,0.098,0.441,11.5,Chicago
2021-04-22,56.5,29.8,43,0,0,14.7,Chicago
2021-04-23,62.1,40.5,51.2,0,0,18.2,Chicago
2021-04-24,55.8,47.6,51.3,0.083,0,9.3,Chicago
2021-04-25,50.5,38.3,41.6,0.004,0,17.2,Chicago
2021-04-26,75.5,38,56.4,0,0,24.2,Chicago
2021-04-27,85.6,57.6,72.2,0,0,20.1,Chicago
2021-04-28,69.3,43.9,51.5,0.315,0,14.7,Chicago
2021-04-29,56.3,43.9,49.3,0.228,0,13.6,Chicago
2021-04-30,55,41.5,46.6,0,0,23,Chicago
2021-05-01,78.8,39.8,58.6,0,0,28.3,Chicago
2021-05-02,82.3,60.7,71.8,0.004,0,23.9,Chicago
2021-05-03,73.4,57.7,64.2,0.213,0,17.7,Chicago
2021-05-04,62.6,49.5,52.5,0.028,0,16.3,Chicago
2021-05-05,51.7,43.3,47.8,0,0,15,Chicago
2021-05-06,50,44.3,47.2,0.268,0,16,Chicago
2021-05-07,54.9,41.5,46.9,0.016,0,15.5,Chicago
2021-05-08,48.4,36.9,44,0.051,0,12.8,Chicago
2021-05-09,48.7,39.4,43.8,0.933,0.138,19.3,Chicago
2021-05-10,45.7,39,43.1,0.016,0,14.7,Chicago
2021-05-11,48,37.5,43.8,0.008,0,12.8,Chicago
2021-05-12,55.8,38.7,48.1,0,0,9.6,Chicago
2021-05-13,64,36.2,52.6,0,0,12.8,Chicago
2021-05-14,67.1,43.7,56.8,0,0,11.4,Chicago
2021-05-15,62.3,49.6,56.8,0.063,0,12.4,Chicago
2021-05-16,69.3,48.7,59.6,0,0,11.6,Chicago
2021-05-17,65.7,54.8,60.3,0,0,10.4,Chicago
2021-05-18,74.1,55.9,64.6,0.173,0,15.8,Chicago
2021-05-19,74.4,62.9,67.8,0.252,0,18.8,Chicago
2021-05-20,83,65.1,74,0,0,17.4,Chicago
2021-05-21,85.4,66.6,75.7,0,0,17.1,Chicago
2021-05-22,87,63.6,76.5,0.008,0,15.1,Chicago
2021-05-23,81.4,57.5,71.8,0.26,0,12,Chicago
2021-05-24,86.6,55.6,71.1,0.008,0,17,Chicago
2021-05-25,86,70.6,77.3,0.071,0,21.7,Chicago
2021-05-26,81.5,59.5,71.5,0.11,0,16.4,Chicago
2021-05-27,58.9,52.6,54.7,0.606,0,22.7,Chicago
2021-05-28,52.4,45.7,48.7,0.39,0,26.1,Chicago
2021-05-29,56.2,45,50.3,0,0,19.6,Chicago
2021-05-30,64.2,43.3,54.9,0,0,10,Chicago
2021-05-31,70.6,53.7,62,0.02,0,13.6,Chicago
2021-06-01,71.8,48.3,60.8,0,0,10.4,Chicago
2021-06-02,70.2,54.9,63.4,0,0,12.5,Chicago
2021-06-03,84.6,52.6,69.8,0,0,12.5,Chicago
2021-06-04,91.9,69.3,80.2,0.004,0,19.7,Chicago
2021-06-05,91.8,67.8,81.1,0,0,19.1,Chicago
2021-06-06,89,70.4,80.4,0.004,0,19.7,Chicago
2021-06-07,79.2,71.2,73.8,0.953,0,13.9,Chicago
2021-06-08,81.1,67.6,73.9,0.142,0,12,Chicago
2021-06-09,76.3,62.9,71,0.043,0,10.5,Chicago
2021-06-10,76.4,61.9,68.6,0,0,9.3,Chicago
2021-06-11,82.8,65.8,74.3,0,0,9.6,Chicago
2021-06-12,79.2,64.8,71.8,0.02,0,11,Chicago
2021-06-13,79,65.3,72.7,0.012,0,11,Chicago
2021-06-14,73.8,65.3,71.1,0,0,18,Chicago
2021-06-15,72,61.7,67.1,0,0,13.8,Chicago
2021-06-16,71.2,59.1,65.5,0,0,13,Chicago
2021-06-17,91.8,58,75.4,0,0,15.4,Chicago
2021-06-18,90.2,69.3,80.9,0.012,0,18.3,Chicago
2021-06-19,92.1,65,77.2,0.008,0,19.5,Chicago
2021-06-20,83.7,63.2,72.3,0.264,0,10.5,Chicago
2021-06-21,72.7,58.5,68.2,0.327,0,20.5,Chicago
2021-06-22,72.5,54.6,64,0,0,15.8,Chicago
2021-06-23,78.4,61.3,68,0.028,0,18.1,Chicago
2021-06-24,77.6,66.3,71.5,0.098,0,24.5,Chicago
2021-06-25,79.6,70,72.9,1.791,0,19.7,Chicago
2021-06-26,81.1,72,74.7,1.654,0,21.4,Chicago
2021-06-27,82.4,69.1,75.7,0.067,0,20.1,Chicago
2021-06-28,78.8,68.2,73.5,0.441,0,9.7,Chicago
2021-06-29,82.6,72,75.7,0.709,0,14,Chicago
2021-06-30,79.7,71,74.4,0.693,0,8,Chicago
2021-07-01,71.6,58.8,65.8,0.031,0,19.2,Chicago
2021-07-02,66.4,58,62.3,0,0,14.1,Chicago
2021-07-03,85.4,56.6,71.2,0,0,12.6,Chicago
2021-07-04,89.2,68.4,78.4,0,0,12.3,Chicago
2021-07-05,90.5,71.1,80.8,0,0,18.9,Chicago
2021-07-06,90.2,73.4,81.4,0.098,0,14,Chicago
2021-07-07,85.2,69.5,76.5,0.118,0,12.4,Chicago
2021-07-08,69.5,61.7,64.6,0.358,0,16.9,Chicago
2021-07-09,71.3,59.2,65.6,0,0,9.8,Chicago
2021-07-10,73,64.7,68.9,0.272,0,12.8,Chicago
2021-07-11,68.6,64.3,66.4,0.957,0,17.5,Chicago
2021-07-12,72.6,64.6,68.2,0.661,0,11,Chicago
2021-07-13,77.3,67.2,71.2,0.846,0,10.3,Chicago
2021-07-14,85.1,67.6,75.9,0.008,0,15.9,Chicago
2021-07-15,78.2,69.2,74.2,0.488,0,19.4,Chicago
2021-07-16,68.9,64.8,67.5,0.224,0,14.5,Chicago
2021-07-17,70.1,64.4,67.1,0.008,0,14.2,Chicago
2021-07-18,75.9,65.8,70.7,0.035,0,11.1,Chicago
2021-07-19,77.5,64.6,71.9,0,0,10.1,Chicago
2021-07-20,85.2,65.8,73.6,0,0,16.4,Chicago
2021-07-21,70.5,64.7,67.1,0.008,0,13.3,Chicago
2021-07-22,81.1,63.5,72.7,0.016,0,10.3,Chicago
2021-07-23,86.2,71.6,78.7,0.118,0,10.8,Chicago
2021-07-24,90.5,72.9,81,0.106,0,17.5,Chicago
2021-07-25,88.6,71,80.3,0,0,10.2,Chicago
2021-07-26,89.4,67.9,80,0,0,9.5,Chicago
2021-07-27,91.8,71.1,79.5,0,0,13.3,Chicago
2021-07-28,89.8,74.3,82.2,0.012,0,12.2,Chicago
2021-07-29,87.9,68.7,78.8,0,0,19.2,Chicago
2021-07-30,68.3,63.9,66.7,0.012,0,18.3,Chicago
2021-07-31,80.9,59.5,70.4,0,0,9.7,Chicago
2021-08-01,72,66,69.6,0.043,0,15.7,Chicago
2021-08-02,74.8,62.1,69,0.02,0,10.8,Chicago
2021-08-03,78.5,60.8,71.6,0.02,0,8,Chicago
2021-08-04,81.2,63,73.1,0,0,7.9,Chicago
2021-08-05,86.1,63.7,75.8,0,0,13.8,Chicago
2021-08-06,77.5,68.4,72.3,0.343,0,17.4,Chicago
2021-08-07,85.3,66.3,75.6,0.531,0,12.1,Chicago
2021-08-08,87.2,74.9,79.9,0.079,0,19,Chicago
2021-08-09,81.3,71.6,74.7,1.65,0,19.2,Chicago
2021-08-10,90.1,71.1,78.2,0.283,0,25.9,Chicago
2021-08-11,87.7,73.2,77.5,0.461,0,26.4,Chicago
2021-08-12,89.2,71.7,78.9,0.024,0,19.1,Chicago
2021-08-13,77.3,70.2,73.9,0.024,0,11.7,Chicago
2021-08-14,76,68.4,71.9,0,0,11.5,Chicago
2021-08-15,75.9,62.2,70,0,0,10.4,Chicago
2021-08-16,75.7,62.6,70.6,0,0,10.8,Chicago
2021-08-17,78.7,66.6,73,0.024,0,9.9,Chicago
2021-08-18,79.1,71,75.1,0.264,0,9,Chicago
2021-08-19,81.1,71.8,76.4,0.071,0,8.7,Chicago
2021-08-20,83.1,71.8,77.3,0.02,0,9.9,Chicago
2021-08-21,87.3,72.2,79.7,0.035,0,13.6,Chicago
2021-08-22,75.6,68.2,72.7,0.008,0,15.3,Chicago
2021-08-23,89.2,65.8,76.3,0.035,0,9.4,Chicago
2021-08-24,90.7,72.2,78.6,0.453,0,14.8,Chicago
2021-08-25,90.4,73.1,80.6,0.614,0,10.8,Chicago
2021-08-26,83.1,73.3,77.8,0.236,0,18.4,Chicago
2021-08-27,88.4,72.1,79.3,0.055,0,11.9,Chicago
2021-08-28,89.8,74.2,80.3,0.169,0,13.3,Chicago
2021-08-29,86.9,74.6,79.6,0.094,0,19.1,Chicago
2021-08-30,80,66.7,74.5,0,0,9.9,Chicago
2021-08-31,78.6,65.8,73.6,0,0,15.6,Chicago
2021-09-01,73.3,66.9,70.7,0.012,0,18.2,Chicago
2021-09-02,75,61.2,69.5,0,0,11.9,Chicago
2021-09-03,76.7,62.3,70.4,0.051,0,11.9,Chicago
2021-09-04,76.9,67.5,70.5,0.161,0,13.2,Chicago
2021-09-05,81.1,60.8,70.6,0,0,13.5,Chicago
2021-09-06,74.6,61.8,69.4,0,0,14.4,Chicago
2021-09-07,87.1,65.2,73,0.701,0,27.1,Chicago
2021-09-08,76.6,59.6,67.9,0,0,16.8,Chicago
2021-09-09,70.3,58.3,65.2,0.004,0,9.3,Chicago
2021-09-10,77.8,58.5,68.2,0,0,11.5,Chicago
2021-09-11,86.5,65.2,74.5,0,0,16.9,Chicago
2021-09-12,89,68.3,76.5,0,0,15.7,Chicago
2021-09-13,88.1,69.1,76.3,0,0,12.1,Chicago
2021-09-14,86.4,68.3,77.8,0.008,0,20.5,Chicago
2021-09-15,73.3,61.5,68,0,0,11.4,Chicago
2021-09-16,79.3,58,69.5,0,0,11,Chicago
2021-09-17,88,63.5,75.8,0,0,12.3,Chicago
2021-09-18,72.2,67.8,70.1,0,0,17.9,Chicago
2021-09-19,83.4,64.9,74.3,0.012,0,12.3,Chicago
2021-09-20,80.2,70.4,74.4,0.445,0,18.8,Chicago
2021-09-21,73.1,62.6,67.1,0.638,0,19.3,Chicago
2021-09-22,62.3,58.4,60.1,0.146,0,29.5,Chicago
2021-09-23,64.1,53.2,57.9,0,0,19.1,Chicago
2021-09-24,75,53.6,63.9,0,0,22.3,Chicago
2021-09-25,68.2,50.5,59.6,0.059,0,15.4,Chicago
2021-09-26,78.9,56,66.5,0,0,19.5,Chicago
2021-09-27,85.5,65.3,72.3,0.008,0,18.4,Chicago
2021-09-28,68.4,63.8,66.3,0,0,12.8,Chicago
2021-09-29,75.5,57.1,66.8,0,0,10.3,Chicago
2021-09-30,75.1,59.3,67.9,0,0,10.3,Chicago
2021-10-01,83,61.3,71.5,0,0,10.9,Chicago
2021-10-02,73.7,66.5,69.7,0.685,0,14.5,Chicago
2021-10-03,74.1,64.9,68.4,0.965,0,10.9,Chicago
2021-10-04,66.7,60.8,64.5,0.48,0,16.7,Chicago
2021-10-05,65.1,60.5,62.9,0.024,0,14.1,Chicago
2021-10-06,67.1,62.1,64.6,0.083,0,13.1,Chicago
2021-10-07,72.7,64.1,67.2,0.728,0,11.5,Chicago
2021-10-08,72,61.3,65.8,0.48,0,9.5,Chicago
2021-10-09,75.6,59.9,67.7,0.008,0,14.1,Chicago
2021-10-10,78,69.2,72.5,0.024,0,18.5,Chicago
2021-10-11,75,65.6,71.6,0.957,0,19.2,Chicago
2021-10-12,70.5,60.9,64.1,0.067,0,20.7,Chicago
2021-10-13,70.9,56.3,62.9,0.051,0,17.6,Chicago
2021-10-14,69.8,59.5,66.5,0.579,0,17.1,Chicago
2021-10-15,62.9,54.3,58,0.075,0,15.3,Chicago
2021-10-16,57.8,46,52,0.008,0,18.6,Chicago
2021-10-17,63.6,44.5,52.9,0,0,13.7,Chicago
2021-10-18,68.8,44.1,55.3,0,0,9.6,Chicago
2021-10-19,67.8,52.1,58.6,0,0,12.3,Chicago
2021-10-20,69.9,53.1,60.8,0.016,0,17.3,Chicago
2021-10-21,64.2,50.2,55,0.106,0,19.7,Chicago
2021-10-22,55.3,44.4,49.5,0.004,0,10.3,Chicago
2021-10-23,54.1,43.9,48.1,0,0,10.4,Chicago
2021-10-24,51,43,48.4,1.335,0,28.2,Chicago
2021-10-25,52,49.7,50.8,1.091,0,32,Chicago
2021-10-26,54,45.3,50.2,0,0,18,Chicago
2021-10-27,52.9,42.4,48.7,0,0,14.5,Chicago
2021-10-28,55.9,48.3,52.2,0.406,0,17.7,Chicago
2021-10-29,55.3,53.9,54.6,0.921,0,21.5,Chicago
2021-10-30,55.6,50.1,53.2,0.079,0,20.9,Chicago
2021-10-31,53.4,42.3,48.1,0,0,17.3,Chicago
2021-11-01,47.9,36.1,41.6,0,0,17,Chicago
2021-11-02,45.3,33,38.7,0,0,16,Chicago
2021-11-03,43.8,30.8,37.4,0,0,9.4,Chicago
2021-11-04,46,30.6,38.1,0,0,8.1,Chicago
2021-11-05,50.2,32.8,40.4,0,0,13.9,Chicago
2021-11-06,56.1,36.9,45.4,0,0,14.9,Chicago
2021-11-07,62.5,42.4,51.3,0,0,15.6,Chicago
2021-11-08,63,47.8,53.8,0,0,15.9,Chicago
2021-11-09,54.6,47.8,51.7,0,0,13.7,Chicago
2021-11-10,54.8,45,50,0.004,0,15.2,Chicago
2021-11-11,54.9,43,51.4,0.461,0,24.8,Chicago
2021-11-12,43.2,34.8,39.6,0.028,0.028,23,Chicago
2021-11-13,41,34.2,37.4,0,0,16.9,Chicago
2021-11-14,38.1,33.1,36.1,0.157,0.882,23.1,Chicago
2021-11-15,34.9,26.8,31.6,0.031,0.22,14.7,Chicago
2021-11-16,48.3,33,40.4,0,0,18.9,Chicago
2021-11-17,60.3,43.9,53.9,0.339,0,19.6,Chicago
2021-11-18,43.3,31.6,35.4,0,0,24.6,Chicago
2021-11-19,37.8,25.6,32.1,0,0,12.2,Chicago
2021-11-20,47.8,34.5,39.3,0,0,14.4,Chicago
2021-11-21,52.7,34.2,40.9,0.012,0,20.2,Chicago
2021-11-22,34.3,23.3,28.6,0,0,15.3,Chicago
2021-11-23,41.5,21.9,31.4,0,0,18.4,Chicago
2021-11-24,49.7,34.9,42.3,0.008,0,20.5,Chicago
2021-11-25,47.8,26.2,40.6,0.157,0,19.8,Chicago
2021-11-26,31,19,24.9,0,0,16,Chicago
2021-11-27,39.9,28,33.3,0.028,0,12.7,Chicago
2021-11-28,36.5,27.6,31.5,0,0,19.7,Chicago
2021-11-29,38.7,23.5,31.6,0.024,0.11,16.8,Chicago
2021-11-30,47.8,31.5,38.5,0,0,15.1,Chicago
2021-12-01,48.9,35,41.4,0.016,0,15.8,Chicago
2021-12-02,55.8,37.3,47.9,0.031,0,21,Chicago
2021-12-03,46.3,39.2,41.8,0.02,0.028,9.6,Chicago
2021-12-04,40.4,30.1,36.1,0,0,10.2,Chicago
2021-12-05,47.4,34.5,38.7,0.213,0,17.1,Chicago
2021-12-06,40,18,30.4,0,0,25.2,Chicago
2021-12-07,25.6,14.3,19.4,0,0,14.3,Chicago
2021-12-08,33.3,21.6,27.1,0,0,13.4,Chicago
2021-12-09,44.8,26.4,35.1,0,0,19.5,Chicago
2021-12-10,53.6,33.5,41.2,0.575,0,20.3,Chicago
2021-12-11,57.8,33.2,43.3,0.299,0,30,Chicago
2021-12-12,47.2,31.5,38.1,0,0,19.9,Chicago
2021-12-13,48.4,35.5,39.9,0,0,18,Chicago
2021-12-14,50.3,31.4,40.7,0.047,0,15,Chicago
2021-12-15,63.8,47.7,56.7,0.146,0,30.7,Chicago
2021-12-16,62.2,33.3,46.5,0.043,0,33.3,Chicago
2021-12-17,37.7,25.8,32,0,0,13.5,Chicago
2021-12-18,39.3,31.3,36.3,0.283,0.689,16.5,Chicago
2021-12-19,35.9,27.6,31,0,0,13.4,Chicago
2021-12-20,41,28.9,33.1,0,0,16.8,Chicago
2021-12-21,40.7,28.7,33,0,0,18.7,Chicago
2021-12-22,30.6,19,24.9,0,0,18.9,Chicago
2021-12-23,46,26.1,35,0.008,0.055,15.5,Chicago
2021-12-24,56.8,30.3,44.1,0,0,19.3,Chicago
2021-12-25,52.8,34.1,42.7,0.189,0,14.8,Chicago
2021-12-26,40.4,30.4,35.6,0,0,20.4,Chicago
2021-12-27,49.7,32.8,40.2,0.437,0,22.4,Chicago
2021-12-28,36.9,29.3,33.6,0.413,2.205,21,Chicago
2021-12-29,36.1,32,34.4,0.024,0.165,11.8,Chicago
2021-12-30,37.1,32.9,35,0.091,0.634,10,Chicago
2021-12-31,44.1,31.2,37.1,0,0,11.4,Chicago
2022-01-01,40,30.3,35.2,0.343,2.37,26.5,Chicago
2022-01-02,29.7,13,23.9,0.15,1.047,23.8,Chicago
2022-01-03,20.7,3.8,12,0,0,13.6,Chicago
2022-01-04,33.3,19.7,25.9,0,0,18.3,Chicago
2022-01-05,31.2,10.1,19.2,0.004,0.028,27.9,Chicago
2022-01-06,13.1,4.2,9.3,0,0,18.4,Chicago
2022-01-07,12.4,-3.1,4.2,0,0,14.8,Chicago
2022-01-08,32.1,8.1,20.2,0.02,0,17.7,Chicago
2022-01-09,33.8,10,24.1,0.031,0,19.3,Chicago
2022-01-10,17,7.2,11.8,0.008,0.055,14.5,Chicago
2022-01-11,34,5.1,17.9,0,0,23.6,Chicago
2022-01-12,40.6,28.9,34.2,0.008,0,17.8,Chicago
2022-01-13,38.3,26.1,32.7,0,0,10.3,Chicago
2022-01-14,34.1,26.1,30.7,0.012,0.083,17.5,Chicago
2022-01-15,27.4,21.1,23,0.043,0.303,19.4,Chicago
2022-01-16,26.4,11.6,20.3,0.012,0.083,9.1,Chicago
2022-01-17,29.5,22.3,25.4,0.004,0.028,17,Chicago
2022-01-18,42.4,18.7,29.9,0,0,23.4,Chicago
2022-01-19,40,14.3,25.5,0,0,22,Chicago
2022-01-20,18,7.2,13.2,0,0,15.3,Chicago
2022-01-21,25.2,13.5,18.4,0,0,10.1,Chicago
2022-01-22,33.3,18,23.4,0.012,0.083,18.8,Chicago
2022-01-23,24.5,2.1,17.4,0.276,1.929,19.4,Chicago
2022-01-24,27,0.6,17.3,0.138,0.965,15.8,Chicago
2022-01-25,9.6,-1.3,4.4,0,0,13.9,Chicago
2022-01-26,7.8,-12,-2.5,0,0,15.8,Chicago
2022-01-27,30.5,9.1,21.7,0.012,0.083,17.6,Chicago
2022-01-28,27.8,8.6,21.3,0.165,1.157,15.7,Chicago
2022-01-29,17.9,-1.8,8.2,0,0,11.1,Chicago
2022-01-30,28.9,6.6,18.9,0.004,0.028,10.4,Chicago
2022-01-31,30.1,18.6,25,0,0,16,Chicago
2022-02-01,42.9,28.6,35.9,0.181,0,18.5,Chicago
2022-02-02,33.3,21.1,24.6,0.677,4.713,24.3,Chicago
2022-02-03,25.5,21.8,23.7,0.102,0.717,24.1,Chicago
2022-02-04,22.8,14.5,18.4,0.012,0.083,14.5,Chicago
2022-02-05,13.4,1,8.4,0,0,19.7,Chicago
2022-02-06,27,13.6,20.9,0,0,18.6,Chicago
2022-02-07,26.1,9.7,20.8,0,0,13.7,Chicago
2022-02-08,35.9,3.7,19.5,0,0,16.9,Chicago
2022-02-09,39,29.5,34.1,0.004,0,15.2,Chicago
2022-02-10,31.8,23.5,28.8,0.008,0.055,18.1,Chicago
2022-02-11,42.7,26.7,35.5,0.118,0.799,25,Chicago
2022-02-12,27.5,12,17.8,0.016,0.11,20.8,Chicago
2022-02-13,17.7,8.1,13.7,0,0,10.7,Chicago
2022-02-14,27.5,12.3,18.8,0,0,8.8,Chicago
2022-02-15,36.1,17.4,26.4,0,0,20.7,Chicago
2022-02-16,55.5,37.6,47.1,0.394,0,26.5,Chicago
2022-02-17,47.5,20.5,30.3,0.984,1.929,28.3,Chicago
2022-02-18,28.6,0.6,17.6,0,0,27.5,Chicago
2022-02-19,30.4,6.5,15.4,0.016,0.11,25.1,Chicago
2022-02-20,50.5,13,32.6,0,0,25.7,Chicago
2022-02-21,51.3,28,37.1,0,0,13.5,Chicago
2022-02-22,52.7,24.1,39.1,0.504,0,18.3,Chicago
2022-02-23,24.4,17.1,21.8,0,0,17.3,Chicago
2022-02-24,27.9,24,25.8,0.098,0.689,15.2,Chicago
2022-02-25,27,22.5,25.5,0.13,0.909,13,Chicago
2022-02-26,34.4,8.7,22.3,0,0,14.9,Chicago
2022-02-27,42.6,25.1,31.1,0,0,17.1,Chicago
2022-02-28,53.7,24.8,36.4,0,0,20.1,Chicago
2022-03-01,45.6,32.6,38.9,0,0,12.4,Chicago
2022-03-02,53.9,28.6,37.7,0.02,0,15.9,Chicago
2022-03-03,34.8,27.7,29.8,0,0,16.9,Chicago
2022-03-04,37.3,24.8,31.6,0,0,14,Chicago
2022-03-05,67.9,35.5,51.1,0.224,0,26.2,Chicago
2022-03-06,59.5,35.2,44.7,0.138,0,26.8,Chicago
2022-03-07,35.7,30.8,33.2,0.512,3.28,16.1,Chicago
2022-03-08,37.8,19,28.6,0,0,11.7,Chicago
2022-03-09,42.5,26,32.8,0,0,12.9,Chicago
2022-03-10,27.5,22.1,25.2,0.043,0.303,12.9,Chicago
2022-03-11,34.9,18.4,25.7,0.091,0.634,21.5,Chicago
2022-03-12,23.8,9.9,16.4,0,0,16,Chicago
2022-03-13,51.4,17.6,33.8,0.004,0.028,16.4,Chicago
2022-03-14,59.5,31.9,43.7,0,0,16.6,Chicago
2022-03-15,42.1,30.2,36,0,0,10.5,Chicago
2022-03-16,66.7,32.3,48.9,0,0,18.1,Chicago
2022-03-17,63.4,41.7,50.9,0.161,0,12.4,Chicago
2022-03-18,41.1,37.6,39.2,0.705,0,18.7,Chicago
2022-03-19,41.4,35.4,38.3,0.287,0,17,Chicago
2022-03-20,58.6,29.9,43.5,0,0,10.4,Chicago
2022-03-21,70,39.1,53.5,0,0,16.5,Chicago
2022-03-22,54,45.1,49.2,0.217,0,21.1,Chicago
2022-03-23,60.2,45.2,51.3,0.807,0,20.4,Chicago
2022-03-24,46.8,38.5,42.5,0.134,0,18.8,Chicago
2022-03-25,47.8,35.2,41.2,0.043,0,22.2,Chicago
2022-03-26,35.1,27.8,31.7,0,0,20.2,Chicago
2022-03-27,33.2,23.5,27.2,0,0,16.4,Chicago
2022-03-28,29.1,23,26.3,0,0,13.5,Chicago
2022-03-29,40.4,26.8,33.5,0.008,0,18.9,Chicago
2022-03-30,61.1,39.4,51.2,1.331,0,30.9,Chicago
2022-03-31,52.2,34.5,40.4,0.705,0.11,17,Chicago
2022-04-01,39.8,28.6,34.4,0.028,0.193,13.5,Chicago
2022-04-02,42.3,29.9,35.2,0.209,0.028,12.9,Chicago
2022-04-03,43.5,28.1,36.9,0.012,0,9,Chicago
2022-04-04,54.3,37.6,45.9,0.413,0,17.7,Chicago
2022-04-05,48.7,33.8,42.1,0,0,12.4,Chicago
2022-04-06,56.6,45.7,50.5,0.598,0,25.7,Chicago
2022-04-07,46.3,39.4,42.1,0.075,0,22.4,Chicago
2022-04-08,39.4,34.3,37.1,0.193,0.331,16.1,Chicago
2022-04-09,42.8,29.5,36.5,0.02,0.11,14.1,Chicago
2022-04-10,57.1,29.8,44.7,0,0,20.2,Chicago
2022-04-11,58.5,44.6,53.8,0.098,0,20.6,Chicago
2022-04-12,64.8,37.4,51.7,0.024,0,21.8,Chicago
2022-04-13,71.1,47.4,63.3,0.724,0,26.2,Chicago
2022-04-14,50,35.1,43.3,0.012,0,33.2,Chicago
2022-04-15,53.6,37.4,44.6,0.043,0.138,17.4,Chicago
2022-04-16,46.2,32,39.2,0,0,14,Chicago
2022-04-17,38.6,30.7,35.6,0,0,13.1,Chicago
2022-04-18,43.9,34.2,37.2,0.256,0.744,21.5,Chicago
2022-04-19,44.2,33.5,39,0.004,0.028,16.3,Chicago
2022-04-20,50.7,38.5,44.7,0.189,0,23.9,Chicago
2022-04-21,67.1,49.7,56.2,0.079,0,22.3,Chicago
2022-04-22,58,44.7,50.7,0.15,0,20.4,Chicago
2022-04-23,78.4,57.1,67.8,0,0,22.8,Chicago
2022-04-24,71.5,59.4,67.2,0.197,0,25.9,Chicago
2022-04-25,56.8,41.5,50,0,0,19.2,Chicago
2022-04-26,51.5,37.2,42.4,0,0,20.9,Chicago
2022-04-27,38.8,33.7,35.9,0,0,15.7,Chicago
2022-04-28,47.5,35.2,42.7,0.051,0,14.6,Chicago
2022-04-29,57.7,45.6,50.7,0.059,0,16.3,Chicago
2022-04-30,67.6,48.9,56.3,1.173,0,21.5,Chicago
2022-05-01,58.3,48.9,53.2,0,0,22.1,Chicago
2022-05-02,55.6,45.2,49.8,0,0,11.9,Chicago
2022-05-03,48.5,42.5,45.5,1.039,0,25.6,Chicago
2022-05-04,48,39.5,43.7,0,0,22,Chicago
2022-05-05,49.9,39.9,45.1,0.417,0,12.1,Chicago
2022-05-06,47.6,45.2,46.5,0.311,0,20.3,Chicago
2022-05-07,54.1,43.1,48.3,0,0,16.2,Chicago
2022-05-08,61.6,42.8,53.1,0,0,15.2,Chicago
2022-05-09,74.4,52.2,63.6,0,0,23.6,Chicago
2022-05-10,84.8,64,74.1,0.087,0,19.6,Chicago
2022-05-11,75,61.9,68.9,0.043,0,16.7,Chicago
2022-05-12,85.4,67.1,75.6,0,0,15.3,Chicago
2022-05-13,84.1,62.9,73.7,0,0,14.4,Chicago
2022-05-14,75.7,61.2,67.9,0,0,10.5,Chicago
2022-05-15,69.6,59.8,64.5,0.031,0,11.9,Chicago
2022-05-16,76.3,54,65.7,0.004,0,18.6,Chicago
2022-05-17,63.5,50,55.9,0,0,13.4,Chicago
2022-05-18,60.5,52.9,55.2,0.283,0,13.7,Chicago
2022-05-19,83.2,52.2,67.7,0.008,0,18.3,Chicago
2022-05-20,86.9,57.1,72.8,0.571,0,29,Chicago
2022-05-21,61.4,55.2,58.9,1,0,10.9,Chicago
2022-05-22,61,50.6,55.6,0.008,0,13.9,Chicago
2022-05-23,56,48.3,52,0,0,13,Chicago
2022-05-24,59.6,47.8,53.4,0,0,16.3,Chicago
2022-05-25,74.7,52.4,64.3,0.35,0,16.5,Chicago
2022-05-26,74.6,62.1,69,0.154,0,15.8,Chicago
2022-05-27,62,51.4,55.1,1.205,0,26.3,Chicago
2022-05-28,69,48.6,60.2,0,0,12.9,Chicago
2022-05-29,80.6,59.9,70.2,0,0,19,Chicago
2022-05-30,84.3,67.5,76.1,0,0,21,Chicago
2022-05-31,83.3,70.7,77.1,0.307,0,19.9,Chicago
2022-06-01,70.3,58.5,64.3,0.051,0,14.1,Chicago
2022-06-02,70.4,58,64.2,0.028,0,8.1,Chicago
2022-06-03,80.1,57.3,68.3,0,0,15.3,Chicago
2022-06-04,67.3,54.5,61.1,0,0,10.6,Chicago
2022-06-05,71.2,59.3,64,0.024,0,10.6,Chicago
2022-06-06,78.5,57,69,0.921,0,14.5,Chicago
2022-06-07,59.3,53,56.4,0.035,0,17.7,Chicago
2022-06-08,66.5,55.3,59.5,0.252,0,14.5,Chicago
2022-06-09,76.3,52.4,63.1,0,0,13.6,Chicago
2022-06-10,77.2,56.8,65.8,0.024,0,11.3,Chicago
2022-06-11,73.7,55.6,65.4,0,0,10.3,Chicago
2022-06-12,65.6,54.3,58.4,0.087,0,15.4,Chicago
2022-06-13,85,54,68.1,0.303,0,17.7,Chicago
2022-06-14,96.5,70.7,84.5,0,0,18.5,Chicago
2022-06-15,96.4,78.1,87.5,0,0,24.3,Chicago
2022-06-16,94.8,72.9,84.4,0,0,23.9,Chicago
2022-06-17,82.9,67.6,76.1,0,0,14.1,Chicago
2022-06-18,66.2,57,63.2,0,0,14.8,Chicago
2022-06-19,85.6,55.3,70.4,0,0,12.3,Chicago
2022-06-20,95,65.2,80.6,0,0,15.7,Chicago
2022-06-21,99.3,72.2,85.7,0,0,18.7,Chicago
2022-06-22,85.6,72.5,80.2,0,0,13.9,Chicago
2022-06-23,78.8,65.3,73.7,0,0,11.7,Chicago
2022-06-24,87.9,64,76.9,0,0,12,Chicago
2022-06-25,79,68.3,73.2,0.705,0,16,Chicago
2022-06-26,80.7,67.9,74.1,0.035,0,17.6,Chicago
2022-06-27,72.3,59.8,66.1,0,0,13,Chicago
2022-06-28,83.7,57.5,71.4,0,0,14,Chicago
2022-06-29,81.5,66.4,74,0.094,0,12.6,Chicago
2022-06-30,93.1,71.1,81.9,0,0,18.1,Chicago
2022-07-01,81.2,67.8,74.2,0.012,0,15.4,Chicago
2022-07-02,79.1,63.9,72.2,0,0,9.4,Chicago
2022-07-03,81.6,63.6,73.7,0,0,9.4,Chicago
2022-07-04,91.3,67.4,79.1,0.008,0,15.8,Chicago
2022-07-05,85.1,74.1,78.9,0.63,0,15.2,Chicago
2022-07-06,71.9,64.7,69.4,1.323,0,15.9,Chicago
2022-07-07,80.2,64.8,72.4,0,0,11.4,Chicago
2022-07-08,73.4,67.4,71.5,0.618,0,16.1,Chicago
2022-07-09,71.5,65.1,68.5,0.008,0,17.2,Chicago
2022-07-10,82,61,71.9,0,0,11.5,Chicago
2022-07-11,86.2,68.4,76.7,0,0,18.2,Chicago
2022-07-12,86.3,68.3,76.8,0,0,14.5,Chicago
2022-07-13,77.7,66.5,71,0.016,0,14.6,Chicago
2022-07-14,73.9,61.8,68.6,0,0,14.1,Chicago
2022-07-15,76.3,65,69.7,0.89,0,13.9,Chicago
2022-07-16,72.9,66.7,69.7,0.157,0,16,Chicago
2022-07-17,74,67.4,70.5,0.102,0,13.5,Chicago
2022-07-18,84.1,65.7,75,0,0,10.5,Chicago
2022-07-19,86.4,68,77.8,0,0,17.8,Chicago
2022-07-20,88.3,75,80.6,0.028,0,22.4,Chicago
2022-07-21,86.8,68.3,78,0.118,0,18.6,Chicago
2022-07-22,88.2,68.4,78.4,0,0,14.7,Chicago
2022-07-23,86.4,69.3,77.9,0.441,0,20,Chicago
2022-07-24,86.4,73.8,79.1,0.441,0,20.3,Chicago
2022-07-25,73.7,67.1,70.5,0.012,0,10.3,Chicago
2022-07-26,76.9,62.2,70.5,0,0,11.8,Chicago
2022-07-27,83.8,68.4,74.8,0.043,0,14.3,Chicago
2022-07-28,81.4,67.6,72.8,0.024,0,12.2,Chicago
2022-07-29,79.4,61.1,70.4,0.008,0,11.8,Chicago
2022-07-30,78.6,62.1,71.4,0,0,9.1,Chicago
2022-07-31,83.5,63.6,74.3,0,0,13.5,Chicago
2022-08-01,87.3,70.6,77.9,0.091,0,18.6,Chicago
2022-08-02,87.3,65.5,76.8,0,0,13.9,Chicago
2022-08-03,85.6,74.7,78.8,0.193,0,19.8,Chicago
2022-08-04,79,70,74,0.157,0,14.6,Chicago
2022-08-05,81,68,74.8,0,0,12.1,Chicago
2022-08-06,90.2,71.7,80.8,0.13,0,12.6,Chicago
2022-08-07,83.9,74.5,78,1.835,0,13,Chicago
2022-08-08,82,66.7,74.3,0.661,0,18.8,Chicago
2022-08-09,70.4,63.8,67.4,0.008,0,13.8,Chicago
2022-08-10,79,58.6,69.7,0,0,8.7,Chicago
2022-08-11,74.6,65.1,70.9,0.004,0,15.4,Chicago
2022-08-12,75.1,63.2,69.1,0,0,12.1,Chicago
2022-08-13,78,61.9,69.8,0.071,0,18.9,Chicago
2022-08-14,73.5,66.3,69.6,0.043,0,16.8,Chicago
2022-08-15,73.4,66,69.1,0.031,0,14,Chicago
2022-08-16,74.3,66.2,69.9,0,0,13.8,Chicago
2022-08-17,76.1,62.8,69.8,0.004,0,11.1,Chicago
2022-08-18,80.4,60.8,71.5,0.012,0,7.2,Chicago
2022-08-19,85.6,65.8,75,0,0,13.5,Chicago
2022-08-20,78.7,67,71.8,0.768,0,13.6,Chicago
2022-08-21,72.2,65.4,69.1,0.598,0,14.4,Chicago
2022-08-22,74.8,63.4,69.7,0.004,0,9.2,Chicago
2022-08-23,78.8,62.3,70.9,0,0,8.3,Chicago
2022-08-24,80,63.3,72.2,0,0,10.7,Chicago
2022-08-25,82.6,64.5,71.8,0.354,0,14.1,Chicago
2022-08-26,71.2,64.4,68.7,0,0,14,Chicago
2022-08-27,76.6,61.1,68.6,0,0,11.5,Chicago
2022-08-28,87.8,68.4,75.6,0.701,0,17.5,Chicago
2022-08-29,90.1,72.7,78.5,0.012,0,17.9,Chicago
2022-08-30,80.4,66.2,72.8,0,0,15.1,Chicago
2022-08-31,84.8,61.6,72.5,0,0,13.6,Chicago
2022-09-01,87.3,66.9,76.6,0,0,10.5,Chicago
2022-09-02,86.1,69.5,77.3,0,0,14.5,Chicago
2022-09-03,80.1,67.4,72.9,0.02,0,16.6,Chicago
2022-09-04,72,66.6,69.2,0.15,0,17.3,Chicago
2022-09-05,70.5,64.7,67.6,0.012,0,14.6,Chicago
2022-09-06,75.2,66.7,70.5,0.043,0,10.4,Chicago
2022-09-07,74.8,66,70.6,0.039,0,10.9,Chicago
2022-09-08,81.1,60,71.2,0,0,9,Chicago
2022-09-09,82.8,60.7,72.2,0,0,12.8,Chicago
2022-09-10,82.4,61.4,72.7,0,0,7.9,Chicago
2022-09-11,71.1,59,66.7,1.874,0,33.5,Chicago
2022-09-12,62.7,54.7,59,0.051,0,17.9,Chicago
2022-09-13,73.1,57,64.9,0.02,0,12.7,Chicago
2022-09-14,72.9,56.5,64.9,0,0,12,Chicago
2022-09-15,81.2,59.6,70.1,0,0,9.8,Chicago
2022-09-16,82.8,63.6,72.3,0,0,13.1,Chicago
2022-09-17,86.4,67.4,75.4,0.012,0,19.4,Chicago
2022-09-18,85.3,69.3,75.9,0.197,0,14.9,Chicago
2022-09-19,70.8,63.4,68.4,0.024,0,13.9,Chicago
2022-09-20,87.6,61.3,71,0.362,0,15.8,Chicago
2022-09-21,82.8,66.8,75.7,0,0,24.4,Chicago
2022-09-22,64.4,55.5,59.2,0,0,18.1,Chicago
2022-09-23,63.2,52.7,58,0,0,11.9,Chicago
2022-09-24,72.7,55.3,62.1,0.059,0,14.7,Chicago
2022-09-25,67.5,57.1,61.2,0.386,0,17.3,Chicago
2022-09-26,61.7,51.5,56.4,0.004,0,18.7,Chicago
2022-09-27,57.5,46.5,52.4,0.02,0,16.9,Chicago
2022-09-28,56.1,50.2,53,0.004,0,15.8,Chicago
2022-09-29,58.6,47.2,53.3,0,0,7.7,Chicago
2022-09-30,61,46.9,54.9,0,0,10.7,Chicago
2022-10-01,64.2,54.2,60,0,0,15.3,Chicago
2022-10-02,61.3,56.3,58.6,0,0,15.8,Chicago
2022-10-03,61,46.8,55.5,0,0,12,Chicago
2022-10-04,70.7,44.3,58.1,0,0,7.5,Chicago
2022-10-05,74.8,48.5,60.9,0,0,10.1,Chicago
2022-10-06,74.8,55.4,62.2,0.079,0,24.3,Chicago
2022-10-07,54.2,46.6,50.2,0.118,0,23.1,Chicago
2022-10-08,56.9,37.5,47.5,0,0,16.9,Chicago
2022-10-09,67,43.9,54.4,0.004,0,13.4,Chicago
2022-10-10,67.2,45.7,56.4,0,0,10,Chicago
2022-10-11,71.9,52,59.4,0.402,0,23.6,Chicago
2022-10-12,69.4,51.8,60,0.315,0,26.4,Chicago
2022-10-13,53.9,40.2,47.5,0.024,0,26.3,Chicago
2022-10-14,58.9,37,46,0.142,0,24.1,Chicago
2022-10-15,52.5,36.5,44.5,0.012,0,17,Chicago
2022-10-16,54.8,42,48.3,0,0,18.3,Chicago
2022-10-17,43.5,35.7,39.8,0.039,0.028,24.4,Chicago
2022-10-18,45.7,34.1,39.9,0.008,0.055,22.6,Chicago
2022-10-19,46.7,33.6,39.8,0,0,19.2,Chicago
2022-10-20,58.3,33.5,43.8,0,0,13.1,Chicago
2022-10-21,71.5,43.9,56.2,0,0,20.3,Chicago
2022-10-22,76,55.9,64.9,0,0,18.9,Chicago
2022-10-23,75.1,59.4,67.5,0,0,20.9,Chicago
2022-10-24,72.9,61.4,67.5,0.083,0,20.9,Chicago
2022-10-25,68.1,50.4,59.9,1.173,0,20.8,Chicago
2022-10-26,53.8,43.2,47.8,0.52,0,21.3,Chicago
2022-10-27,49.6,38.4,45.3,0,0,12.5,Chicago
2022-10-28,53,43.6,48,0,0,12.4,Chicago
2022-10-29,56.7,41.8,49,0,0,7.8,Chicago
2022-10-30,56.2,43.6,50.7,0.276,0,9.1,Chicago
2022-10-31,56.5,49.6,54.2,0.228,0,7.7,Chicago
2022-11-01,65.5,44.3,53,0,0,9.5,Chicago
2022-11-02,67.7,45.1,55,0,0,12.5,Chicago
2022-11-03,69.5,52.2,59.8,0,0,19.3,Chicago
2022-11-04,68.5,60.7,64.2,0.071,0,24.6,Chicago
2022-11-05,67.1,45.3,58.2,0.555,0,33.9,Chicago
2022-11-06,60.3,44.4,51.2,0,0,21.2,Chicago
2022-11-07,50.3,38.8,45.6,0,0,12.1,Chicago
2022-11-08,51.7,43.3,47.4,0,0,16.5,Chicago
2022-11-09,67.2,46,55.5,0.016,0,16.1,Chicago
2022-11-10,70.9,58.9,63.4,0,0,17.8,Chicago
2022-11-11,59.3,33,47.4,0,0,14.8,Chicago
2022-11-12,37.8,32.2,34.6,0,0,15,Chicago
2022-11-13,37,28.1,32.4,0,0,13.3,Chicago
2022-11-14,39.9,26,33.6,0,0,14.4,Chicago
2022-11-15,37,34.4,35.9,0.232,0.992,16.7,Chicago
2022-11-16,35.6,30.2,33.7,0.118,0.634,15,Chicago
2022-11-17,35.7,28.6,31,0.008,0.055,23.8,Chicago
2022-11-18,28.1,21.4,26,0.008,0.055,20.1,Chicago
2022-11-19,29.9,19.5,23.3,0,0,24,Chicago
2022-11-20,32.6,14.4,22.9,0,0,20.2,Chicago
2022-11-21,45.3,28.9,34.8,0,0,19.9,Chicago
2022-11-22,48.5,27,36.5,0,0,10.4,Chicago
2022-11-23,53.8,30.3,40.9,0,0,12.2,Chicago
2022-11-24,51.8,36.6,43.7,0,0,12,Chicago
2022-11-25,50,32.1,41,0,0,12.7,Chicago
2022-11-26,52.7,33.7,41.4,0,0,15.7,Chicago
2022-11-27,44.6,39.7,42,0.287,0,22.4,Chicago
2022-11-28,46.4,28.4,38.1,0,0,13.2,Chicago
2022-11-29,56.9,37.7,46.9,0.224,0,22.9,Chicago
2022-11-30,44.1,22.6,28.5,0,0,26.7,Chicago
2022-12-01,35.2,18.6,25.8,0,0,16,Chicago
2022-12-02,50.1,32.5,41.8,0,0,23.3,Chicago
2022-12-03,49,23,31.8,0.012,0,25.6,Chicago
2022-12-04,38.1,20.7,28.1,0,0,15.4,Chicago
2022-12-05,43.1,28.9,35,0,0,14.6,Chicago
2022-12-06,43.8,37.5,40.1,0.004,0,10.1,Chicago
2022-12-07,45.7,33.9,38.7,0,0,7.8,Chicago
2022-12-08,41.4,35.5,38.2,0,0,12.8,Chicago
2022-12-09,37.5,34.6,36.1,0.476,0.717,18.8,Chicago
2022-12-10,39.3,36.1,37.6,0,0,11.7,Chicago
2022-12-11,39.7,35.6,37.8,0.004,0,9.4,Chicago
2022-12-12,41.1,37.1,38.6,0.012,0,11.6,Chicago
2022-12-13,38.5,32.5,35.9,0.024,0,18.3,Chicago
2022-12-14,45,36,39.3,0.744,0,22.2,Chicago
2022-12-15,40.5,31,36.2,0.736,0.193,19.3,Chicago
2022-12-16,32.5,26.9,30.1,0.024,0.165,20.1,Chicago
2022-12-17,27.8,22.1,25.1,0,0,19.8,Chicago
2022-12-18,24.1,15,19.9,0,0,16.4,Chicago
2022-12-19,25.6,10.7,18,0,0,10.3,Chicago
2022-12-20,35.9,24,28.4,0,0,10.3,Chicago
2022-12-21,31.5,18,25.1,0,0,11.2,Chicago
2022-12-22,34.2,1.1,24,0.205,1.433,22.7,Chicago
2022-12-23,-0.8,-9.8,-4.2,0.028,0.193,30,Chicago
2022-12-24,15,-1.5,5.8,0,0,26.9,Chicago
2022-12-25,14.7,3,8.9,0,0,17.3,Chicago
2022-12-26,22.9,10.8,17.6,0.043,0.303,11.2,Chicago
2022-12-27,27.3,9.7,17,0,0,19.6,Chicago
2022-12-28,44.7,23.4,34.4,0,0,26.5,Chicago
2022-12-29,56.5,42.4,48.9,0,0,24.3,Chicago
2022-12-30,53.4,32.5,43.4,0.012,0,21.5,Chicago
2022-12-31,36,27,31,0.012,0.055,10.7,Chicago
2023-01-01,47.3,33.7,39.4,0.13,0,10.6,Chicago
2023-01-02,40.2,31.2,35.6,0.008,0,10.4,Chicago
2023-01-03,54.9,38.1,44.7,0.52,0,14.7,Chicago
2023-01-04,49.9,32.3,37.4,0,0,14.3,Chicago
2023-01-05,33.6,31.3,32.3,0.051,0.358,13.2,Chicago
2023-01-06,33.6,25.2,31.1,0,0,11.6,Chicago
2023-01-07,33.3,26.1,29.7,0,0,9.5,Chicago
2023-01-08,34.6,26.8,30.5,0,0,8.1,Chicago
2023-01-09,42.3,23.2,31.1,0,0,12.5,Chicago
2023-01-10,46.4,33.2,38,0.016,0,12.5,Chicago
2023-01-11,51.1,33.3,41.8,0,0,13,Chicago
2023-01-12,44.6,35.2,37.7,0.004,0,23.5,Chicago
2023-01-13,35.3,27.6,31.1,0.031,0.193,22.2,Chicago
2023-01-14,32.5,21.8,26.9,0,0,12.3,Chicago
2023-01-15,41.2,25.2,31.9,0,0,19,Chicago
2023-01-16,47.3,36.2,40.5,0.343,0,17.6,Chicago
2023-01-17,47.6,37.4,41.4,0.004,0,21.2,Chicago
2023-01-18,38.2,31.9,35.5,0.26,0.413,19.5,Chicago
2023-01-19,41.5,34.3,38.1,0.445,0.165,23.7,Chicago
2023-01-20,34.5,28.4,32.6,0.012,0,16.6,Chicago
2023-01-21,36.5,27,30.4,0,0,10,Chicago
2023-01-22,33.3,29.6,30.9,0.094,0.661,11.9,Chicago
2023-01-23,31.5,21.6,26.9,0.008,0.055,17.8,Chicago
2023-01-24,35,25.9,30.4,0,0,15.6,Chicago
2023-01-25,33.5,30,32.1,0.362,2.425,13.3,Chicago
2023-01-26,31.5,19,27.1,0.071,0.524,16.3,Chicago
2023-01-27,37.1,11.9,23.9,0.012,0.083,24.6,Chicago
2023-01-28,30.2,15.5,23.3,0.071,0.496,15,Chicago
2023-01-29,30.9,22.5,27.2,0.067,0.496,18.4,Chicago
2023-01-30,19.9,3.6,12.5,0.047,0.331,14.6,Chicago
2023-01-31,13.5,-3,4.4,0,0,10.7,Chicago
2023-02-01,26.9,0.8,13.3,0,0,14.7,Chicago
2023-02-02,31.6,16.7,23.5,0,0,16.2,Chicago
2023-02-03,14.5,-0.2,7.4,0,0,19,Chicago
2023-02-04,41.7,13.4,26.2,0,0,20,Chicago
2023-02-05,42.3,27.9,36.2,0,0,20.7,Chicago
2023-02-06,41.4,21.7,32,0,0,22.3,Chicago
2023-02-07,49.4,30.9,42,0,0,25,Chicago
2023-02-08,41.8,24.1,32.5,0,0,9,Chicago
2023-02-09,48.7,34.6,38.4,0.756,0,19.2,Chicago
2023-02-10,37.5,25.4,33.7,0.004,0,14.5,Chicago
2023-02-11,44.5,20.9,31,0,0,13.8,Chicago
2023-02-12,50,26.9,37,0,0,14,Chicago
2023-02-13,49.6,33.4,40.4,0,0,14,Chicago
2023-02-14,52.7,31.8,41.8,0.098,0,28.4,Chicago
2023-02-15,49.5,33.7,44.4,0.106,0,30,Chicago
2023-02-16,35.4,30.5,33,0.457,2.343,27.8,Chicago
2023-02-17,26.7,18,21.9,0.087,0.579,24.1,Chicago
2023-02-18,45.3,19.7,33.4,0,0,17.3,Chicago
2023-02-19,50.7,37,42.1,0,0,19.2,Chicago
2023-02-20,38.8,28.6,35.2,0,0,11.6,Chicago
2023-02-21,38.4,25.2,32.3,0,0,20.3,Chicago
2023-02-22,35.4,31,33.4,1.22,0,22.5,Chicago
2023-02-23,45.2,25.9,36.1,0.004,0,23.4,Chicago
2023-02-24,26.2,21.7,24.2,0.028,0.193,15.6,Chicago
2023-02-25,39.1,26.5,31.6,0.039,0.276,12.9,Chicago
2023-02-26,44.2,27.3,33.8,0,0,15.7,Chicago
2023-02-27,58.5,33.8,45.4,0.752,0,23.7,Chicago
2023-02-28,46.1,31.7,38.7,0,0,18.6,Chicago
2023-03-01,57.4,34.5,43.3,0.165,0,12.8,Chicago
2023-03-02,41.5,32.4,35.3,0,0,13.7,Chicago
2023-03-03,36.8,32.1,34.1,0.256,1.461,22.8,Chicago
2023-03-04,47.8,27.9,36.8,0.031,0,12.5,Chicago
2023-03-05,41.2,27.4,36.3,0.012,0,18.5,Chicago
2023-03-06,55.1,36.9,43,0.378,0.606,19,Chicago
2023-03-07,39.6,34.8,36.8,0,0,18.9,Chicago
2023-03-08,40.3,33.2,36.3,0,0,14.7,Chicago
2023-03-09,37.6,34.3,35.8,0.224,1.02,16.7,Chicago
2023-03-10,35,32.9,33.9,0.299,1.764,17.2,Chicago
2023-03-11,38.2,33.4,35.2,0.043,0.248,14.1,Chicago
2023-03-12,38,29.8,34.5,0.181,0.937,13.5,Chicago
2023-03-13,33.3,26.4,29.3,0.047,0.358,26.9,Chicago
2023-03-14,32.1,19.8,26.3,0,0,11.9,Chicago
2023-03-15,48.9,22.4,35.2,0,0,17,Chicago
2023-03-16,50.2,37.1,43.3,0.063,0,18.2,Chicago
2023-03-17,49.6,25.6,36.4,0.165,0,22.4,Chicago
2023-03-18,26.8,13,20.6,0,0,22,Chicago
2023-03-19,40.4,18.8,28.3,0,0,16.7,Chicago
2023-03-20,49.8,28,37.8,0,0,22.2,Chicago
2023-03-21,49.9,33.5,41.7,0,0,17,Chicago
2023-03-22,55.8,38.4,44.6,0.091,0,15.1,Chicago
2023-03-23,42.7,35.1,38.4,0.114,0,22.4,Chicago
2023-03-24,40.3,34,36.9,0.039,0,14.7,Chicago
2023-03-25,42,33.4,36.5,0.72,0.413,24.5,Chicago
2023-03-26,42.3,29.6,36.9,0.012,0.028,15.6,Chicago
2023-03-27,39.9,31,35.9,0,0,17.8,Chicago
2023-03-28,48.2,27,37,0.024,0,11.7,Chicago
2023-03-29,40.4,28.5,34.8,0.008,0.028,15.2,Chicago
2023-03-30,48.2,27.2,36.5,0,0,17.7,Chicago
2023-03-31,68.7,49.3,57.2,0.465,0,27.3,Chicago
2023-04-01,55.4,32.8,41.1,0.051,0,23.7,Chicago
2023-04-02,52.4,28,41,0,0,18.6,Chicago
2023-04-03,54.3,40.3,46.9,0.35,0,17.9,Chicago
2023-04-04,69.5,41.2,51.1,0.445,0,28.1,Chicago
2023-04-05,71.9,39.9,60.7,0.709,0,27.2,Chicago
2023-04-06,51.6,32.5,41.3,0,0,14.6,Chicago
2023-04-07,42.8,35.4,39.1,0,0,11.4,Chicago
2023-04-08,55,35.8,44.9,0,0,10.4,Chicago
2023-04-09,63.8,38.2,50.6,0,0,10.7,Chicago
2023-04-10,67.6,42.5,54.6,0,0,12.2,Chicago
2023-04-11,73.7,47.4,60.5,0,0,17.1,Chicago
2023-04-12,76.5,54.5,65.6,0,0,21.7,Chicago
2023-04-13,78.3,51.1,66.1,0,0,14.8,Chicago
2023-04-14,76.5,50.8,63.5,0,0,12.9,Chicago
2023-04-15,80.1,61.3,69.1,0.028,0,16.5,Chicago
2023-04-16,62.1,37.1,49.5,0.272,0,27.5,Chicago
2023-04-17,41.8,32.1,36.5,0.122,0.799,25.7,Chicago
2023-04-18,55.3,30.7,42.3,0,0,14.1,Chicago
2023-04-19,67.6,41.3,49.7,0.039,0,15.9,Chicago
2023-04-20,78.3,54.6,65,0.197,0,25.5,Chicago
2023-04-21,60.7,42.4,51.7,0,0,17.9,Chicago
2023-04-22,47.5,37.8,42.4,0.075,0.055,18.9,Chicago
2023-04-23,43.1,34.8,38.5,0.114,0.028,12.9,Chicago
2023-04-24,49.6,33.1,41.8,0.008,0,13.2,Chicago
2023-04-25,44.7,37.7,41.1,0.157,0.028,16.1,Chicago
2023-04-26,44,37,40.4,0,0,12.2,Chicago
2023-04-27,60.3,34.2,47.1,0,0,12.2,Chicago
2023-04-28,50.5,42.9,47.5,0,0,11.4,Chicago
2023-04-29,58.5,37.2,48.1,0.118,0,17,Chicago
2023-04-30,47.9,38,42.8,0.122,0,21.1,Chicago
2023-05-01,46.6,39.3,41.7,0.232,0,24.7,Chicago
2023-05-02,52.7,39.7,45.4,0.016,0,20.5,Chicago
2023-05-03,46.5,37.4,43.2,0,0,18.5,Chicago
2023-05-04,64.1,36.9,51.3,0,0,15.2,Chicago
2023-05-05,74.9,50.1,61.9,0,0,17.1,Chicago
2023-05-06,76.4,54,64.4,0.02,0,17.2,Chicago
2023-05-07,76.3,47.3,62.8,0.02,0,18.2,Chicago
2023-05-08,58.8,45,49.8,0.476,0,15.7,Chicago
2023-05-09,55.5,45.1,50,0,0,14.2,Chicago
2023-05-10,65.5,44.1,54.5,0,0,9.2,Chicago
2023-05-11,74.1,52.9,62,0,0,10.7,Chicago
2023-05-12,67.3,56.7,61,0.744,0,10.2,Chicago
2023-05-13,59.5,53.2,55.9,0.043,0,12,Chicago
2023-05-14,56.7,50.2,54,0,0,16.2,Chicago
2023-05-15,55.8,47.5,52.1,0,0,14.4,Chicago
2023-05-16,77.3,46.9,59.6,0,0,15.1,Chicago
2023-05-17,55,45.6,49.8,0,0,17.1,Chicago
2023-05-18,66.3,44.4,56,0,0,13.8,Chicago
2023-05-19,74,53.7,63.6,0.205,0,16.5,Chicago
2023-05-20,64.7,47.9,55.1,0,0,14,Chicago
2023-05-21,72.7,51.3,61.9,0,0,13.3,Chicago
2023-05-22,73,53.4,63.3,0,0,15.3,Chicago
2023-05-23,79.1,57.8,67.5,0,0,13.2,Chicago
2023-05-24,61.1,48.9,57,0,0,19.7,Chicago
2023-05-25,56,46.9,51.3,0,0,17.2,Chicago
2023-05-26,62.7,47.6,54.8,0,0,15.3,Chicago
2023-05-27,67.4,48.6,58.4,0,0,13.6,Chicago
2023-05-28,72.1,52.5,62.4,0,0,12,Chicago
2023-05-29,73.1,53.2,63.6,0,0,11.2,Chicago
2023-05-30,79.2,57.5,67,0,0,11.1,Chicago
2023-05-31,86.3,61.3,73.6,0.098,0,12.7,Chicago
2023-06-01,86.3,64.7,75.1,0,0,14.6,Chicago
2023-06-02,81.1,61.3,70.9,0,0,12.5,Chicago
2023-06-03,78,60.7,67.8,0,0,15.7,Chicago
2023-06-04,73.5,60,66.5,0,0,15.6,Chicago
2023-06-05,77.2,54.8,66.9,0,0,11.4,Chicago
2023-06-06,68.7,57.3,64,0.008,0,16.6,Chicago
2023-06-07,66.2,56,60.9,0,0,17.3,Chicago
2023-06-08,67.5,54.3,61.2,0,0,12.1,Chicago
2023-06-09,74,55.2,65.4,0,0,13.1,Chicago
2023-06-10,83.9,59.9,72.7,0,0,11.4,Chicago
2023-06-11,71.3,52.9,58.1,0.173,0,25.1,Chicago
2023-06-12,66,49.4,56.8,0.043,0,20.4,Chicago
2023-06-13,66.8,55,60.7,0.421,0,18.5,Chicago
2023-06-14,66.4,57.2,61.1,0.004,0,13.7,Chicago
2023-06-15,81,53.5,62,0.008,0,18.5,Chicago
2023-06-16,63.1,52.2,56.2,0,0,16.4,Chicago
2023-06-17,72.4,51.7,62.3,0,0,10.9,Chicago
2023-06-18,78.3,58.9,69,0,0,15.6,Chicago
2023-06-19,78.5,63.2,69.9,0,0,14.7,Chicago
2023-06-20,73.4,60.3,66.3,0,0,17,Chicago
2023-06-21,79.3,60.5,69.2,0,0,16.1,Chicago
2023-06-22,76.9,62.8,69.6,0,0,13,Chicago
2023-06-23,77.4,63,70.7,0,0,12.1,Chicago
2023-06-24,83.6,63.1,74,0,0,14.5,Chicago
2023-06-25,85.1,68.2,75.9,0.28,0,23.4,Chicago
2023-06-26,75.7,66.5,70.3,0.201,0,17.4,Chicago
2023-06-27,69.3,61.7,66.1,0.008,0,15.9,Chicago
2023-06-28,77.6,56.6,67.9,0.004,0,11.7,Chicago
2023-06-29,86.5,68.1,75.1,1.291,0,13.2,Chicago
2023-06-30,87.2,70.4,77.5,0,0,9.3,Chicago
2023-07-01,79.8,70,72.6,0.921,0,9.3,Chicago
2023-07-02,71.5,62.4,66.2,5.425,0,26.1,Chicago
2023-07-03,74.7,61.7,68.7,0,0,11,Chicago
2023-07-04,85.3,64.8,75.8,0.004,0,9.6,Chicago
2023-07-05,85.5,69.8,76.1,1.476,0,12.2,Chicago
2023-07-06,70.4,65.1,68.8,0.094,0,12,Chicago
2023-07-07,73.5,63.8,68.5,0.004,0,10.6,Chicago
2023-07-08,69,64,66,0.307,0,12.4,Chicago
2023-07-09,79,59.6,69.9,0.012,0,9.9,Chicago
2023-07-10,84.3,62.1,73.6,0,0,13.8,Chicago
2023-07-11,83.8,65.3,70.7,0.276,0,16,Chicago
2023-07-12,77.4,62.9,68.3,1.331,0,18.4,Chicago
2023-07-13,74.1,60.7,66.8,0,0,10.9,Chicago
2023-07-14,87.8,67,75.4,0.236,0,16.1,Chicago
2023-07-15,82.9,68.7,74.5,0.232,0,12.6,Chicago
2023-07-16,81.9,65.8,73.4,0,0,16.7,Chicago
2023-07-17,74.2,64.7,70,0,0,12,Chicago
2023-07-18,73,61.4,67.9,0,0,10.2,Chicago
2023-07-19,78.4,59.5,70.4,0,0,9,Chicago
2023-07-20,85.9,67,74.5,0.035,0,16.9,Chicago
2023-07-21,74.5,64.8,69.3,0.004,0,13.4,Chicago
2023-07-22,82.8,62.1,72.1,0,0,7.9,Chicago
2023-07-23,79.3,64.3,72.2,0,0,9.3,Chicago
2023-07-24,82.1,65.6,73.7,0,0,11.1,Chicago
2023-07-25,87.6,65.4,77,0,0,10.3,Chicago
2023-07-26,89.6,73.1,79.4,0.831,0,18,Chicago
2023-07-27,83.8,70.7,77.8,0,0,9,Chicago
2023-07-28,89.9,72.3,78.8,0.835,0,15.8,Chicago
2023-07-29,74.3,68.3,71.9,0.11,0,18.1,Chicago
2023-07-30,74.8,64.2,69.9,0.004,0,14,Chicago
2023-07-31,77.1,60.9,70.2,0.008,0,10.2,Chicago
2023-08-01,82.2,64,73.7,0.012,0,8.6,Chicago
2023-08-02,82.9,65.1,74.6,0,0,9.7,Chicago
2023-08-03,82.4,64.2,74,0,0,6.5,Chicago
2023-08-04,78.2,69.3,73.7,0,0,14.6,Chicago
2023-08-05,73.2,67.6,70.4,0.894,0,13.5,Chicago
2023-08-06,70.3,66.5,68.2,0.252,0,19.3,Chicago
2023-08-07,73.3,65.9,69.2,0.024,0,14.4,Chicago
2023-08-08,82.3,61.9,72.1,0.016,0,8.5,Chicago
2023-08-09,80.7,64,71.9,0,0,9.1,Chicago
2023-08-10,82,62.6,72.3,0.098,0,9.3,Chicago
2023-08-11,82.1,67.6,73.5,0.343,0,17.7,Chicago
2023-08-12,79.5,69.5,74.4,0.307,0,12.3,Chicago
2023-08-13,75.8,64,69.9,0.047,0,12.5,Chicago
2023-08-14,73.8,65.6,69.5,0.878,0,20.8,Chicago
2023-08-15,70.2,63.2,66.4,0.197,0,19.6,Chicago
2023-08-16,79.4,57.7,68.6,0,0,13.7,Chicago
2023-08-17,78.7,64.9,70.2,0.409,0,19,Chicago
2023-08-18,72.9,56.9,65.8,0,0,12.7,Chicago
2023-08-19,79.8,60.3,69.9,0.012,0,15.2,Chicago
2023-08-20,81.8,68,75,0,0,11.6,Chicago
2023-08-21,73.6,67.9,71.6,0,0,14.4,Chicago
2023-08-22,82.3,67.6,74.4,0,0,11.5,Chicago
2023-08-23,97.9,76.3,85.6,0,0,16.9,Chicago
2023-08-24,98.6,78.6,87.1,0.858,0,19.2,Chicago
2023-08-25,79,70,72.4,0.008,0,13.1,Chicago
2023-08-26,72.9,64.6,69.9,0.031,0,21.9,Chicago
2023-08-27,69.3,62.2,65.9,0,0,14.3,Chicago
2023-08-28,74.2,61.6,68.6,0,0,9.2,Chicago
2023-08-29,84,62.2,70.5,0.008,0,18.4,Chicago
2023-08-30,66.7,60.1,63.4,0.012,0,18.7,Chicago
2023-08-31,71.1,58.4,65,0,0,9.2,Chicago
2023-09-01,79.5,57.6,69,0,0,10.8,Chicago
2023-09-02,88.5,62.9,74.8,0,0,15.4,Chicago
2023-09-03,94.3,67.8,80.6,0,0,16.2,Chicago
2023-09-04,91.9,71,81.3,0.008,0,11.6,Chicago
2023-09-05,90.7,75.2,81.8,0,0,17.8,Chicago
2023-09-06,85.5,69.5,77,0.323,0,19.8,Chicago
2023-09-07,69.5,65.2,67.5,0.008,0,13.8,Chicago
2023-09-08,65.2,62.2,64,0.516,0,15.4,Chicago
2023-09-09,69.5,59.4,64.7,0,0,10.9,Chicago
2023-09-10,73.8,56,66.3,0,0,9.5,Chicago
2023-09-11,68.2,62.8,64.9,1.874,0,13.3,Chicago
2023-09-12,64.4,57.4,61.5,0.059,0,15.5,Chicago
2023-09-13,64.3,54.5,59.7,0.189,0,12.9,Chicago
2023-09-14,67.4,52.5,60.9,0,0,8.2,Chicago
2023-09-15,73.9,54.1,64.1,0,0,8.7,Chicago
2023-09-16,66.2,58,62.9,0.071,0,8.4,Chicago
2023-09-17,64,58.5,60.8,2.004,0,17.1,Chicago
2023-09-18,64,53.1,60.4,0.016,0,8.5,Chicago
2023-09-19,66.7,56.7,61.4,0.331,0,15.7,Chicago
2023-09-20,77.9,59.8,68.2,0,0,12.5,Chicago
2023-09-21,72.1,62.8,67.9,0.004,0,11,Chicago
2023-09-22,74.4,63.9,68.7,0.059,0,9.1,Chicago
2023-09-23,72.2,62.2,67.6,0,0,15.7,Chicago
2023-09-24,71.4,56.8,64.3,0,0,14.5,Chicago
2023-09-25,70.2,61.8,65.7,0.15,0,12.3,Chicago
2023-09-26,70.9,61.6,65.6,0.902,0,15.5,Chicago
2023-09-27,67.2,62.8,64.6,0.142,0,15,Chicago
2023-09-28,67.2,61.2,64.1,0.035,0,12,Chicago
2023-09-29,70.6,57.7,64.4,0.004,0,11.2,Chicago
2023-09-30,77.4,58.8,67.5,0,0,9.9,Chicago
2023-10-01,76.5,60.6,68.4,0,0,8.6,Chicago
2023-10-02,79.8,61.1,69.6,0,0,8.7,Chicago
2023-10-03,81.9,60.4,70.9,0,0,11.9,Chicago
2023-10-04,82,68.8,74,0.012,0,21.2,Chicago
2023-10-05,71.1,61.9,66,0.449,0,17.4,Chicago
2023-10-06,61.4,45.6,53.5,0.016,0,22.9,Chicago
2023-10-07,56.7,45,49.9,0.004,0,17.3,Chicago
2023-10-08,54,43.8,49,0,0,10.9,Chicago
2023-10-09,54.7,42.9,47.9,0,0,15.4,Chicago
2023-10-10,59.4,41.2,49.3,0,0,12.5,Chicago
2023-10-11,63.1,40.6,51.6,0.453,0,8.7,Chicago
2023-10-12,59.5,54,56.5,0.402,0,16.2,Chicago
2023-10-13,58,54.5,56,0.614,0,16.9,Chicago
2023-10-14,55.2,52.2,53.7,0.76,0,25.5,Chicago
2023-10-15,56.8,46.3,51.4,0.063,0,18.7,Chicago
2023-10-16,54.5,46.7,51.8,0.075,0,17.5,Chicago
2023-10-17,59.8,38.9,48.9,0,0,9.9,Chicago
2023-10-18,64.5,45.8,54.4,0.016,0,18.8,Chicago
2023-10-19,60.4,53.5,56.3,0.252,0,15.6,Chicago
2023-10-20,58.3,47.9,53,0.154,0,16.6,Chicago
2023-10-21,63.6,42.3,51.5,0.13,0,17.5,Chicago
2023-10-22,52.3,42.4,47.4,0,0,18.1,Chicago
2023-10-23,62.2,43.2,52,0,0,16.4,Chicago
2023-10-24,76,57,65.4,0.012,0,17.6,Chicago
2023-10-25,66,59.9,62.7,0.374,0,16.5,Chicago
2023-10-26,67.1,62.9,64.7,0.327,0,18,Chicago
2023-10-27,70.5,50.4,63.4,0.299,0,16.5,Chicago
2023-10-28,49.5,40.4,45.9,0.039,0,15.2,Chicago
2023-10-29,49.9,41.6,47.6,0.445,0,18.1,Chicago
2023-10-30,40.9,31.7,36.7,0.004,0,15.9,Chicago
2023-10-31,37,28.1,32.9,0.063,0.358,23.1,Chicago
2023-11-01,41.5,27.7,35.1,0.016,0,17.7,Chicago
2023-11-02,51,32.6,41.5,0,0,16,Chicago
2023-11-03,53.2,43.4,47.9,0.004,0,16.4,Chicago
2023-11-04,54.4,43.3,48.8,0,0,13.2,Chicago
2023-11-05,56.8,35.5,45.3,0,0,12.6,Chicago
2023-11-06,67.5,48.9,57,0.051,0,23.6,Chicago
2023-11-07,55.5,42.2,48.2,0,0,13.9,Chicago
2023-11-08,59.5,45.7,51,0.48,0,17.2,Chicago
2023-11-09,53.8,39.6,46.5,0,0,16.6,Chicago
2023-11-10,46.7,37.8,42.4,0,0,13.7,Chicago
2023-11-11,49.9,31.5,41.1,0,0,8.1,Chicago
2023-11-12,53.2,40,45.6,0,0,15,Chicago
2023-11-13,58.5,41.2,48,0,0,14.3,Chicago
2023-11-14,57,32.3,44.2,0,0,12.9,Chicago
2023-11-15,60,41.3,48.3,0,0,11.8,Chicago
2023-11-16,62.2,42.3,52.1,0,0,19.6,Chicago
2023-11-17,59.6,37.6,48.8,0.028,0,18.4,Chicago
2023-11-18,49.5,28.9,38.9,0,0,13.1,Chicago
2023-11-19,49.6,35.3,43.1,0,0,11.8,Chicago
2023-11-20,46.7,42.3,44.7,0.098,0,18.1,Chicago
2023-11-21,45,39.5,42.2,0.571,0,17.4,Chicago
2023-11-22,45,35.5,39.1,0,0,13.3,Chicago
2023-11-23,44.2,32.9,38.4,0,0,16.4,Chicago
2023-11-24,39,30.3,33.5,0,0,18.2,Chicago
2023-11-25,35.4,29.9,32.6,0,0,8.7,Chicago
2023-11-26,34.6,29,31.6,0.13,0.909,18.8,Chicago
2023-11-27,28.9,18.6,24.8,0,0,19.7,Chicago
2023-11-28,24.5,13.7,18.4,0,0,15.7,Chicago
2023-11-29,42,18.8,29.3,0,0,14.5,Chicago
2023-11-30,50.6,30.8,39.8,0,0,17.3,Chicago
2023-12-01,43.9,38.9,42,0.709,0,11.7,Chicago
2023-12-02,42.9,38.8,40.9,0.035,0,9.3,Chicago
2023-12-03,40.4,35.2,38.6,0.299,0,15.2,Chicago
2023-12-04,40.5,30.4,35.5,0,0,9.8,Chicago
2023-12-05,40.1,30.9,35.4,0.126,0.524,13.3,Chicago
2023-12-06,38.1,28.9,33.6,0,0,16.8,Chicago
2023-12-07,51.4,34.3,41.6,0,0,17.8,Chicago
2023-12-08,55.8,44.8,49.1,0,0,18,Chicago
2023-12-09,53.8,37.8,47.9,0.079,0,20.8,Chicago
2023-12-10,36.7,30.3,34.1,0,0,17.9,Chicago
2023-12-11,34.9,26.3,30,0,0,12.8,Chicago
2023-12-12,36.7,27.4,32.5,0,0,14.5,Chicago
2023-12-13,38.7,21.8,29.4,0,0,10.4,Chicago
2023-12-14,47.1,28.6,35.9,0,0,11.3,Chicago
2023-12-15,50.5,32.5,39.6,0,0,9.3,Chicago
2023-12-16,43,39.3,41,0.354,0,15.4,Chicago
2023-12-17,44,36.5,42,0.004,0,13.3,Chicago
2023-12-18,36.3,22.1,30.4,0.004,0.028,23.7,Chicago
2023-12-19,32.6,18.3,24.9,0,0,14.2,Chicago
2023-12-20,41.9,27.4,33,0,0,13.7,Chicago
2023-12-21,42.3,32.1,37,0.035,0,6.7,Chicago
2023-12-22,46.6,39.9,42.7,0.417,0,7.7,Chicago
2023-12-23,46.2,42.8,44.2,0.094,0,6.7,Chicago
2023-12-24,55.9,42.2,48.7,0,0,13.4,Chicago
2023-12-25,52.2,47,49.9,0.291,0,18.8,Chicago
2023-12-26,52.2,32.7,41.8,0.055,0,16,Chicago
2023-12-27,40.6,31.7,36.8,0,0,15.1,Chicago
2023-12-28,40.5,36.8,38.7,0.13,0,17.2,Chicago
2023-12-29,40.7,32.8,39,0.209,0,16.6,Chicago
2023-12-30,42.2,26.7,32.7,0,0,12.2,Chicago
2023-12-31,33.6,29.5,31.9,0.059,0.413,16.3,Chicago
2024-01-01,34.4,27.9,31.4,0.016,0.11,18.9,Chicago
2024-01-02,36.5,23.7,29.1,0,0,16.8,Chicago
2024-01-03,35.7,28.9,32.2,0,0,10.7,Chicago
2024-01-04,33.8,23.9,29.6,0,0,12.3,Chicago
2024-01-05,35.8,22.3,28.7,0,0,10.5,Chicago
2024-01-06,33.3,30.4,31.7,0.197,1.35,10.9,Chicago
2024-01-07,34.7,27.4,31.9,0.055,0.386,13.2,Chicago
2024-01-08,37.4,26.9,32.3,0.004,0,16.3,Chicago
2024-01-09,36.3,33.3,34.1,1.075,4.024,20.7,Chicago
2024-01-10,33.8,28.9,31.4,0.067,0.386,20.9,Chicago
2024-01-11,33.8,25.4,30.3,0.043,0.303,16,Chicago
2024-01-12,37.6,28.7,33.5,0.898,3.528,28,Chicago
2024-01-13,33.3,5.4,23.3,0.087,0.606,22.9,Chicago
2024-01-14,4,-9.8,-5.2,0.024,0.165,24.3,Chicago
2024-01-15,0.8,-12.7,-6.3,0,0,15.7,Chicago
2024-01-16,2,-7.4,-1.9,0,0.055,21.9,Chicago
2024-01-17,18.3,1,9.5,0,0,18.8,Chicago
2024-01-18,24.6,16,20,0.031,0.22,13.1,Chicago
2024-01-19,15.4,8.1,11.6,0.15,1.047,19,Chicago
2024-01-20,19.8,5.1,10.4,0,0,15.8,Chicago
2024-01-21,22.9,-0.6,10.6,0,0,15,Chicago
2024-01-22,32.9,18.1,27.4,0.051,0.083,15.8,Chicago
2024-01-23,35.6,30,32.8,0.37,0,9.1,Chicago
2024-01-24,36.7,31,33.7,0.217,0,9.3,Chicago
2024-01-25,39.5,33.7,36,0.22,0,13.2,Chicago
2024-01-26,39.1,35.2,36.6,0.449,0,13.6,Chicago
2024-01-27,37.7,32.1,35.2,0.059,0,13.9,Chicago
2024-01-28,37.3,32.6,35.4,0.146,0,20.7,Chicago
2024-01-29,43.3,26.6,33.5,0,0,13.9,Chicago
2024-01-30,40.4,32.1,35.5,0.126,0.276,14.3,Chicago
2024-01-31,45,27.8,35.8,0,0,13.6,Chicago
2024-02-01,51.1,33.3,38.1,0,0,13.6,Chicago
2024-02-02,37.8,32.2,34.6,0,0,13.8,Chicago
2024-02-03,37.8,27.5,32.3,0,0,10.9,Chicago
2024-02-04,37.4,29.1,32.9,0,0,13.3,Chicago
2024-02-05,37.6,30.1,33.6,0,0,14.6,Chicago
2024-02-06,44.6,27.3,34.4,0,0,8.1,Chicago
2024-02-07,46,28.1,36.4,0,0,12.5,Chicago
2024-02-08,57.7,38.7,48.1,0,0,20.9,Chicago
2024-02-09,55.1,39,47,0,0,20.9,Chicago
2024-02-10,41.7,28,34.4,0,0,12.1,Chicago
2024-02-11,38.5,27.4,31.6,0,0,8.3,Chicago
2024-02-12,43,21.7,31.5,0,0,7.4,Chicago
2024-02-13,39.7,27.7,32.2,0,0,11.1,Chicago
2024-02-14,42.5,24.1,33.2,0,0,11.9,Chicago
2024-02-15,42.3,30.2,37.5,0.256,0.634,20.4,Chicago
2024-02-16,30.5,26.6,28.4,0.031,0.22,11.7,Chicago
2024-02-17,28.6,13.2,20.8,0,0,22.2,Chicago
2024-02-18,43.8,22.5,31.2,0,0,22.1,Chicago
2024-02-19,46.5,19.7,31.5,0,0,9.6,Chicago
2024-02-20,54.5,25.7,38.6,0,0,14.9,Chicago
2024-02-21,59.5,37.7,47.3,0.004,0,16.7,Chicago
2024-02-22,47.6,39.4,43.4,0.008,0,9.8,Chicago
2024-02-23,46.5,29.4,38.4,0.098,0.661,24,Chicago
2024-02-24,30.3,23.5,27.4,0.024,0.165,24.1,Chicago
2024-02-25,57.2,29,40.9,0,0,16.3,Chicago
2024-02-26,65.7,36,48.7,0,0,16.8,Chicago
2024-02-27,71.2,50.6,59,0.22,0,17.5,Chicago
2024-02-28,53.6,22.5,32.1,0.012,0.028,23.2,Chicago
2024-02-29,42.3,19.9,29.8,0,0,15.7,Chicago
2024-03-01,42.5,29.1,36.4,0,0,16.1,Chicago
2024-03-02,55.6,29.6,42.1,0,0,13.3,Chicago
2024-03-03,66.2,40.7,52.1,0,0,22.6,Chicago
2024-03-04,72.4,50.9,61.1,0,0,20.1,Chicago
2024-03-05,59.5,37.8,41.2,0.575,0,21.6,Chicago
2024-03-06,42.7,37.8,40,0,0,16.6,Chicago
2024-03-07,44.3,34.7,39.9,0,0,14.3,Chicago
2024-03-08,44.4,39.4,42.1,0.925,0,17.6,Chicago
2024-03-09,45,34.2,39.8,0.012,0,19,Chicago
2024-03-10,43.9,28,34.9,0,0,15.8,Chicago
2024-03-11,61.6,29.9,44.6,0,0,21,Chicago
2024-03-12,66.2,45.3,55.6,0,0,18.6,Chicago
2024-03-13,56.1,43.5,50,0.114,0,12.7,Chicago
2024-03-14,65.2,40.5,47.6,0.961,0,22.6,Chicago
2024-03-15,41.9,36.3,39.1,0,0,17.9,Chicago
2024-03-16,57.7,36.8,45.8,0,0,26,Chicago
2024-03-17,40.8,30.8,35.7,0.004,0.028,17.9,Chicago
2024-03-18,37.1,24.4,30.3,0,0,12.8,Chicago
2024-03-19,54.8,28,39.4,0,0,23.1,Chicago
2024-03-20,39.5,28,35.5,0,0,16.3,Chicago
2024-03-21,36.8,24.4,31.4,0,0,12.6,Chicago
2024-03-22,37.8,31.8,34.5,0.516,3.583,17.4,Chicago
2024-03-23,34.5,29.9,32.5,0.016,0.11,15.4,Chicago
2024-03-24,43.6,30,37,0,0,19.5,Chicago
2024-03-25,59.5,40.6,50.5,0.366,0,21,Chicago
2024-03-26,55.1,35.1,49.1,0.39,0,28,Chicago
2024-03-27,43.7,29,35.3,0,0,18.3,Chicago
2024-03-28,51.1,27,38.1,0,0,17,Chicago
2024-03-29,44,31.4,38,0.165,0,12.1,Chicago
2024-03-30,61.1,37.9,47.2,0.283,0,16,Chicago
2024-03-31,42.8,36.2,39.6,0.256,0,14.8,Chicago
2024-04-01,46.1,39.9,43,0.756,0,16.3,Chicago
2024-04-02,60.2,36.6,44,0.232,0,27.2,Chicago
2024-04-03,37,34.9,36,0.398,1.268,20.6,Chicago
2024-04-04,40.5,34.2,37.3,0.106,0.276,22.2,Chicago
2024-04-05,44.2,35.3,39.4,0,0,19.3,Chicago
2024-04-06,44.7,33,38.7,0,0,11.6,Chicago
2024-04-07,52.8,37.3,44.5,0.449,0,18.5,Chicago
2024-04-08,70.7,45.3,56.9,0,0,17,Chicago
2024-04-09,62,48.7,55.5,0,0,13.8,Chicago
2024-04-10,59.5,39.1,49.7,0,0,9.3,Chicago
2024-04-11,51.2,45.8,48.4,0.339,0,12.6,Chicago
2024-04-12,60.3,45.9,51.4,0.197,0,23.6,Chicago
2024-04-13,66.7,40.2,53.4,0,0,17.8,Chicago
2024-04-14,74.6,54,62.2,0,0,19.2,Chicago
2024-04-15,64.8,44.4,54.1,0,0,13.7,Chicago
2024-04-16,69,47.1,57.2,0.76,0,21,Chicago
2024-04-17,65.9,55.2,62.2,0.067,0,24.9,Chicago
2024-04-18,53.7,44.8,49.7,0.228,0,12.8,Chicago
2024-04-19,55.3,40.2,48.1,0.035,0,20.2,Chicago
2024-04-20,44.8,34.1,40.7,0,0,14.6,Chicago
2024-04-21,55.4,31.5,43.4,0,0,12.5,Chicago
2024-04-22,63.1,37.6,50.9,0,0,18.2,Chicago
2024-04-23,62.4,51.2,55.9,0.059,0,20.1,Chicago
2024-04-24,46.9,35.2,39.6,0,0,20.3,Chicago
2024-04-25,50.2,33.4,42.2,0,0,11,Chicago
2024-04-26,57.6,41.3,50.1,0.091,0,19.5,Chicago
2024-04-27,78,58.8,67.7,0.059,0,25.9,Chicago
2024-04-28,76.8,61.9,68,0.256,0,23.4,Chicago
2024-04-29,70.8,58.8,65.5,0.374,0,19.6,Chicago
2024-04-30,70.1,46.4,58.9,0,0,11.6,Chicago
2024-05-01,72.4,55.6,65.8,0.039,0,17.4,Chicago
2024-05-02,77.3,50.3,61.5,0.063,0,18.4,Chicago
2024-05-03,64.9,48.4,58.1,0.126,0,12.9,Chicago
2024-05-04,70.5,46.2,59.9,0.031,0,9.8,Chicago
2024-05-05,62.3,47.1,53.8,0,0,13.6,Chicago
2024-05-06,62.3,46.1,54.5,0,0,14.6,Chicago
2024-05-07,71.5,55.1,61.8,0.752,0,17.3,Chicago
2024-05-08,72.9,52.5,62.4,0,0,13.5,Chicago
2024-05-09,57,48.1,53.7,0.291,0,17,Chicago
2024-05-10,65.8,46,55.1,0.004,0,12.5,Chicago
2024-05-11,63.3,49.9,56.1,0.083,0,17.4,Chicago
2024-05-12,77.9,46.8,62.4,0.024,0,15.8,Chicago
2024-05-13,76.9,59.4,67,0.512,0,16.5,Chicago
2024-05-14,62.6,49.3,55.3,0.461,0,18.7,Chicago
2024-05-15,57.1,50.1,53.3,0,0,15.3,Chicago
2024-05-16,73.3,48.9,60.7,0.059,0,15.4,Chicago
2024-05-17,71.6,53.2,61.5,0,0,10.7,Chicago
2024-05-18,80.8,53.3,68,0.024,0,11.3,Chicago
2024-05-19,69,57.2,64.4,0,0,13.5,Chicago
2024-05-20,83.3,56,70.6,0.051,0,20.4,Chicago
2024-05-21,88.3,56.6,73.1,0.008,0,25.2,Chicago
2024-05-22,77.2,61.3,69.9,0.004,0,24.8,Chicago
2024-05-23,77.2,55.3,66.9,0,0,11.3,Chicago
2024-05-24,76,61.4,69.4,0.087,0,18.8,Chicago
2024-05-25,68.5,58.2,64,0,0,11.7,Chicago
2024-05-26,69.2,57.6,63.2,0.732,0,15,Chicago
2024-05-27,71.8,56.2,63.2,0.012,0,18.4,Chicago
2024-05-28,67.5,53.9,60.4,0.291,0,13,Chicago
2024-05-29,60.8,51.5,56.3,0.213,0,17.9,Chicago
2024-05-30,62.1,49.5,54.9,0,0,12,Chicago
2024-05-31,73.9,51.3,62.9,0,0,9.9,Chicago
2024-06-01,68.4,59.5,63.8,0.602,0,13.5,Chicago
2024-06-02,67.9,57.4,62,0.004,0,9.5,Chicago
2024-06-03,82.8,56.5,70.1,0,0,14.7,Chicago
2024-06-04,81.1,67.1,73.8,0.173,0,14.1,Chicago
2024-06-05,79.1,67.1,71.8,0.445,0,16.9,Chicago
2024-06-06,75.7,63.3,69.7,0.004,0,23.8,Chicago
2024-06-07,76.7,58.1,66.5,0,0,20.4,Chicago
2024-06-08,80.1,54.5,64.3,0.079,0,18.5,Chicago
2024-06-09,78.3,55.5,65.3,0,0,18.9,Chicago
2024-06-10,60.6,54.9,57.3,0,0,19,Chicago
2024-06-11,75.5,48.6,62.9,0,0,9.2,Chicago
2024-06-12,90.4,62.8,76.3,0,0,11.9,Chicago
2024-06-13,88.6,70.2,77.9,0.181,0,18.7,Chicago
2024-06-14,76,61.6,69.8,0,0,15.1,Chicago
2024-06-15,85.2,59.4,72.2,0,0,14.9,Chicago
2024-06-16,92.3,68.5,79.4,0.016,0,19.8,Chicago
2024-06-17,93.7,76,84.8,0.004,0,17.9,Chicago
2024-06-18,91.4,75.7,82.4,0.11,0,23,Chicago
2024-06-19,92.5,76.6,84.4,0,0,17,Chicago
2024-06-20,79.2,64.9,71.8,0.063,0,13.3,Chicago
2024-06-21,92.6,64.3,77.1,0,0,15.5,Chicago
2024-06-22,94.7,77.3,85.6,0.004,0,23,Chicago
2024-06-23,83.6,70.4,74.8,0.134,0,22.5,Chicago
2024-06-24,81.7,65.1,74.3,0,0,13.4,Chicago
2024-06-25,91.8,72.9,80.7,0.283,0,20.9,Chicago
2024-06-26,85.6,68,76.9,0.031,0,12.5,Chicago
2024-06-27,66.6,62.1,64.7,0,0,16.8,Chicago
2024-06-28,73.4,63.2,68.7,0.559,0,13.8,Chicago
2024-06-29,88.1,70.6,78.7,0.169,0,15.5,Chicago
2024-06-30,72.1,58.8,62.9,0,0,19.2,Chicago
2024-07-01,69.7,56.6,63.6,0,0,9.9,Chicago
2024-07-02,83.9,62.2,72,0.008,0,18.6,Chicago
2024-07-03,87.9,70.2,78.6,0.524,0,16.8,Chicago
2024-07-04,78.4,69.3,74,0.035,0,8.9,Chicago
2024-07-05,81.1,67.2,73.7,0.047,0,17.5,Chicago
2024-07-06,76.6,61.9,70,0.008,0,8.7,Chicago
2024-07-07,86.5,64.4,73.2,0.413,0,16.2,Chicago
2024-07-08,87.4,69.8,77.2,0.028,0,12.8,Chicago
2024-07-09,76.2,68.7,72.1,0.441,0,8.8,Chicago
2024-07-10,74.9,66.6,70.4,0.803,0,17.1,Chicago
2024-07-11,72.8,65.5,69.3,0,0,10.2,Chicago
2024-07-12,78.3,64.7,71.4,0,0,8.9,Chicago
2024-07-13,87.7,66.1,76.4,0.102,0,10.8,Chicago
2024-07-14,89.3,72.2,78.3,0.961,0,15.3,Chicago
2024-07-15,90.9,71.5,78.9,1.295,0,20.3,Chicago
2024-07-16,86.7,72.4,76.9,0.941,0,24.2,Chicago
2024-07-17,79.2,67.3,72.1,0.02,0,12.8,Chicago
2024-07-18,69.3,62.5,66.4,0.004,0,16.8,Chicago
2024-07-19,75,56.8,67.5,0,0,13.4,Chicago
2024-07-20,76.3,60.5,69.8,0,0,9.7,Chicago
2024-07-21,79.1,62.5,71,0,0,10.8,Chicago
2024-07-22,75.4,66,71.3,0.02,0,10.6,Chicago
2024-07-23,85.3,64.5,73.6,0.091,0,14.8,Chicago
2024-07-24,71.9,67.3,69.5,0.028,0,11.5,Chicago
2024-07-25,72.1,64.7,68.5,0,0,10.8,Chicago
2024-07-26,77.4,61.2,69.8,0,0,9,Chicago
2024-07-27,82.3,62.7,73.2,0,0,12.1,Chicago
2024-07-28,83,68.3,74.5,0.409,0,12.6,Chicago
2024-07-29,81.1,69.6,74.6,0.461,0,20.4,Chicago
2024-07-30,84.9,68.4,77.3,0,0,8.3,Chicago
2024-07-31,89.2,71.4,79.3,0.114,0,13.9,Chicago
2024-08-01,85.6,73.1,77.8,0.346,0,9.2,Chicago
2024-08-02,77.9,71.2,74.2,0.091,0,16.3,Chicago
2024-08-03,82.8,69.3,75.6,0,0,10.2,Chicago
2024-08-04,87.6,67.6,77.8,0,0,8.4,Chicago
2024-08-05,85.2,70.9,76.2,0.181,0,17,Chicago
2024-08-06,77.4,67.4,70,0.031,0,25.6,Chicago
2024-08-07,74.9,64,69.3,0,0,15.5,Chicago
2024-08-08,82.6,62.6,73.8,0,0,8.9,Chicago
2024-08-09,76.6,62.2,69.6,0,0,16.2,Chicago
2024-08-10,78.4,57.7,67.5,0,0,16,Chicago
2024-08-11,81.2,61.1,70.2,0,0,13.3,Chicago
2024-08-12,80.5,58.9,70.7,0,0,11.5,Chicago
2024-08-13,81.3,62.2,72.8,0,0,7,Chicago
2024-08-14,81.4,65.7,74.3,0,0,11.3,Chicago
2024-08-15,73.7,67.9,71.2,0.543,0,16.5,Chicago
2024-08-16,85.6,67,75.3,0.528,0,14.5,Chicago
2024-08-17,79,68.1,71.9,0.799,0,11,Chicago
2024-08-18,72.6,66.3,69.2,0.028,0,19.5,Chicago
2024-08-19,70.3,62.6,66.5,0,0,17.5,Chicago
2024-08-20,68.2,60.7,64.6,0,0,15.6,Chicago
2024-08-21,70.8,56.3,64.3,0,0,8.9,Chicago
2024-08-22,76.4,51.9,65.5,0,0,7.6,Chicago
2024-08-23,81,57,69.1,0,0,9.5,Chicago
2024-08-24,84.1,60.9,72.9,0.004,0,10.7,Chicago
2024-08-25,92.1,71.9,81.6,0,0,15,Chicago
2024-08-26,96.3,77.1,85.1,0.008,0,14.2,Chicago
2024-08-27,97.2,77.3,86,0.012,0,15.6,Chicago
2024-08-28,85.9,73,77.1,0.02,0,11.6,Chicago
2024-08-29,79.9,69.3,74.2,0,0,10.5,Chicago
2024-08-30,88.8,72.8,78.1,0.169,0,13,Chicago
2024-08-31,82.5,64.8,74.3,0,0,9.2,Chicago
2024-09-01,72.5,63.2,68.2,0,0,21.5,Chicago
2024-09-02,71.1,59.5,65.7,0,0,9.2,Chicago
2024-09-03,73.2,56.5,65.8,0,0,8.7,Chicago
2024-09-04,79.4,57.8,69.3,0,0,9.7,Chicago
2024-09-05,88.7,65.8,75.6,0.39,0,13.9,Chicago
2024-09-06,69.3,60.4,65.6,0.035,0,20.6,Chicago
2024-09-07,61.2,51.3,56.7,0.028,0,17.9,Chicago
2024-09-08,73.7,48.8,60.7,0,0,11.3,Chicago
2024-09-09,81.4,57.5,68.2,0,0,15,Chicago
2024-09-10,82.8,55.8,69.5,0,0,10.6,Chicago
2024-09-11,85,59.4,71.9,0,0,8.9,Chicago
2024-09-12,81.8,62.2,72.4,0,0,12.8,Chicago
2024-09-13,80,66.2,73.2,0,0,13.9,Chicago
2024-09-14,82.8,67.2,74.9,0,0,12.4,Chicago
2024-09-15,84.6,67.2,75.4,0,0,11.6,Chicago
2024-09-16,84.1,65.1,74.3,0,0,9.4,Chicago
2024-09-17,78.3,62.2,70.8,0,0,9.4,Chicago
2024-09-18,80.6,60.5,70.7,0,0,13.6,Chicago
2024-09-19,86.5,61.2,73.5,0,0,11.4,Chicago
2024-09-20,88.7,69.3,76.4,0.201,0,13.2,Chicago
2024-09-21,87,64.8,75.1,0,0,10,Chicago
2024-09-22,75.1,66.5,70.8,0.929,0,17.7,Chicago
2024-09-23,66.1,61.1,63,0.016,0,18.1,Chicago
2024-09-24,67.2,62.2,64.2,0.906,0,13.3,Chicago
2024-09-25,71.8,57.5,64.1,0,0,10.7,Chicago
2024-09-26,71,55.9,63.9,0,0,11.5,Chicago
2024-09-27,67.2,64.5,65.7,0,0,24.7,Chicago
2024-09-28,66.2,62.5,64.1,0.13,0,22.6,Chicago
2024-09-29,68.8,63.8,65.9,0.004,0,17.5,Chicago
2024-09-30,72.7,62.6,67.7,0,0,10.3,Chicago
2024-10-01,66.5,57.2,63.7,0.004,0,19.5,Chicago
2024-10-02,68.3,48.7,59.1,0,0,11.5,Chicago
2024-10-03,73.7,51.9,61.9,0,0,11.6,Chicago
2024-10-04,67.8,59.1,63.5,0.047,0,16.3,Chicago
2024-10-05,79.2,58.5,67.3,0,0,20.9,Chicago
2024-10-06,73.4,58.8,68.3,0,0,21.4,Chicago
2024-10-07,66,50.4,57.5,0,0,11.1,Chicago
2024-10-08,72.2,48.8,59.6,0,0,11.9,Chicago
2024-10-09,65.4,48.7,58.1,0,0,11.3,Chicago
2024-10-10,67.1,53.3,60.5,0,0,10.4,Chicago
2024-10-11,82.7,52.8,66.3,0,0,16.5,Chicago
2024-10-12,69.4,57.6,61.4,0.362,0,17.7,Chicago
2024-10-13,65.2,51.6,58.4,0.378,0,23.2,Chicago
2024-10-14,53.5,45.5,49.2,0.106,0,23.2,Chicago
2024-10-15,48.7,42,45.9,0.209,0.083,24.4,Chicago
2024-10-16,53.7,38.4,46.1,0,0,15,Chicago
2024-10-17,61.4,37.2,48.2,0,0,10.9,Chicago
2024-10-18,65.1,42.5,52.7,0,0,12.8,Chicago
2024-10-19,68.5,42.5,54.6,0,0,10.3,Chicago
2024-10-20,75.3,50.2,60.6,0,0,13.2,Chicago
2024-10-21,77.8,52.9,63.9,0,0,12.7,Chicago
2024-10-22,72.9,53.1,62.9,0.008,0,17.7,Chicago
2024-10-23,66.3,48.2,58.7,0,0,14.8,Chicago
2024-10-24,62.6,39.7,51.3,0,0,12.4,Chicago
2024-10-25,65,49.5,55.5,0.839,0,12.8,Chicago
2024-10-26,53.9,44.5,48.7,0,0,12.3,Chicago
2024-10-27,56.5,37,46.4,0,0,7,Chicago
2024-10-28,64,42.7,52.4,0,0,16.4,Chicago
2024-10-29,77.9,62.2,70.4,0,0,21.5,Chicago
2024-10-30,76.6,66.2,70.6,0,0,21.9,Chicago
2024-10-31,69.7,44.6,61.7,0.165,0,24.5,Chicago
2024-11-01,50.6,39.4,44.6,0,0,17.7,Chicago
2024-11-02,54.5,39,46.4,0,0,11.3,Chicago
2024-11-03,62.3,47.3,54,0.043,0,19.4,Chicago
2024-11-04,69.1,61.3,64.5,0.295,0,21.8,Chicago
2024-11-05,68.1,60.4,64.3,1.335,0,23.7,Chicago
2024-11-06,59.2,51.2,54,0,0,10.3,Chicago
2024-11-07,56,42.8,48.7,0,0,9.8,Chicago
2024-11-08,58.7,42.7,49.6,0,0,12.9,Chicago
2024-11-09,54.3,46.4,50.4,0.024,0,13.8,Chicago
2024-11-10,61.4,50,54,0.15,0,24.2,Chicago
2024-11-11,56,44.2,49.5,0,0,19.2,Chicago
2024-11-12,47,44.2,45.9,0,0,17.6,Chicago
2024-11-13,50.3,40.9,45,0.248,0,11.2,Chicago
2024-11-14,55.7,49.1,51.4,0.539,0,12,Chicago
2024-11-15,52.5,45.1,48.9,0.008,0,6.4,Chicago
2024-11-16,52.2,43.3,47.3,0,0,10.3,Chicago
2024-11-17,58.6,46,51.2,0.102,0,10,Chicago
2024-11-18,57.1,49.3,53,0.433,0,15.3,Chicago
2024-11-19,62.3,50.5,58.4,0.087,0,17.1,Chicago
2024-11-20,48.9,34.2,42.9,0.083,0.083,15.4,Chicago
2024-11-21,40.8,31.2,34.8,0.366,2.15,20.8,Chicago
2024-11-22,47,37,42.2,0.004,0,12.8,Chicago
2024-11-23,43.7,37.8,40.6,0,0,9.1,Chicago
2024-11-24,48.5,36,41.8,0,0,8.9,Chicago
2024-11-25,51.9,39.5,47.7,0.02,0,12.4,Chicago
2024-11-26,38.7,26.7,33,0,0,12.4,Chicago
2024-11-27,41.5,34.2,37.5,0,0,4.4,Chicago
2024-11-28,39.7,28.2,31.1,0.004,0,12,Chicago
2024-11-29,28.6,22.3,24.9,0,0,13.8,Chicago
2024-11-30,26.5,14.8,20.6,0,0,10.3,Chicago
2024-12-01,26.1,13.9,20,0,0,9.8,Chicago
2024-12-02,27,15.9,20.9,0,0,6.9,Chicago
2024-12-03,29.7,18.4,23.6,0,0,13.1,Chicago
2024-12-04,38.1,22.6,29.6,0.02,0.055,20.8,Chicago
2024-12-05,29.1,12,20.1,0,0,18.2,Chicago
2024-12-06,30.6,14.1,22.7,0,0,11,Chicago
2024-12-07,44.4,23.5,33.7,0,0,15.2,Chicago
2024-12-08,49.7,38.7,44.3,0,0,13.9,Chicago
2024-12-09,47.8,42.9,45.7,0.004,0,11.6,Chicago
2024-12-10,42.4,29.9,34.4,0,0,8.5,Chicago
2024-12-11,32.8,19,27.5,0.028,0.193,16.8,Chicago
2024-12-12,16.7,4.9,11.5,0,0,16.1,Chicago
2024-12-13,25.8,10,17.5,0,0,10,Chicago
2024-12-14,36.9,24.6,30.5,0.232,0,13.3,Chicago
2024-12-15,45.9,36.9,41.4,0.181,0,15,Chicago
2024-12-16,52.2,37.8,43.6,0.055,0,13.4,Chicago
2024-12-17,39.7,32.5,36.1,0,0,12.5,Chicago
2024-12-18,34.1,26.6,31.6,0.024,0.165,9.1,Chicago
2024-12-19,31.8,26.2,28.6,0.071,0.496,10,Chicago
2024-12-20,33.9,24.4,30.7,0.102,0.661,17.3,Chicago
2024-12-21,23.7,15.7,19.9,0,0,10.4,Chicago
2024-12-22,31.7,14.6,24,0,0,12.3,Chicago
2024-12-23,39.6,30.2,34.4,0.028,0.138,12.8,Chicago
2024-12-24,36.8,33.3,34.7,0,0,8.2,Chicago
2024-12-25,37,30.6,34.3,0,0,6.7,Chicago
2024-12-26,46.7,36.5,40.9,0.02,0,9.1,Chicago
2024-12-27,48.9,41.5,44.5,0.217,0,11.6,Chicago
2024-12-28,49.8,43.8,47.6,0.075,0,15,Chicago
2024-12-29,43.5,37,40.7,0.571,0,13,Chicago
2024-12-30,42.3,32.5,36.8,0,0,8.6,Chicago
2024-12-31,40.3,33.5,37.2,0.295,0,17,Chicago
2025-01-01,33.3,26.7,30.2,0.004,0.028,13.8,Chicago
2025-01-02,31.5,24.5,27.6,0.008,0.055,10.8,Chicago
2025-01-03,27.5,20.2,23.5,0,0,12.9,Chicago
2025-01-04,22.8,12.3,17.7,0,0,10.8,Chicago
2025-01-05,27.9,15.8,19.8,0.008,0.028,12,Chicago
2025-01-06,30.5,25.1,28.2,0.134,0.909,17.1,Chicago
2025-01-07,24.7,16.6,21.3,0,0,10.7,Chicago
2025-01-08,24.7,13.6,19.5,0,0,6.9,Chicago
2025-01-09,25.2,11,18.3,0,0,10.2,Chicago
2025-01-10,28.5,20.1,25.1,0.157,1.102,10.2,Chicago
2025-01-11,30.5,21.2,26,0,0,8.9,Chicago
2025-01-12,34.7,25.8,29.4,0.083,0.551,14.9,Chicago
2025-01-13,24.7,9.1,15.2,0,0,12.6,Chicago
2025-01-14,15.8,9,11.1,0.055,0.386,13.9,Chicago
2025-01-15,16.2,3.7,9.5,0,0,12.2,Chicago
2025-01-16,35.9,16.9,27.6,0.02,0.138,13,Chicago
2025-01-17,41.1,23.5,32.1,0,0,18.1,Chicago
2025-01-18,39.1,21.6,29.3,0,0,15.4,Chicago
2025-01-19,19.5,3.7,9.4,0,0,11.3,Chicago
2025-01-20,10.9,-1.2,4.7,0,0,14.4,Chicago
2025-01-21,5.5,-5.9,-1,0,0,11.6,Chicago
2025-01-22,23.1,-0.8,11.3,0.028,0.193,17.1,Chicago
2025-01-23,24.4,9.6,17.4,0.039,0.276,12,Chicago
2025-01-24,19.1,2.2,10.1,0,0,10.7,Chicago
2025-01-25,37.1,19.3,27,0,0,13.8,Chicago
2025-01-26,29.9,17.7,24,0,0,12.1,Chicago
2025-01-27,39.5,18.8,27.9,0,0,15.8,Chicago
2025-01-28,44.2,27.3,36.2,0,0,17.2,Chicago
2025-01-29,43.5,35.1,39,0,0,13.9,Chicago
2025-01-30,47.2,27.7,36.7,0.598,0,12.4,Chicago
2025-01-31,39.9,33.9,36.7,1.24,0,16.5,Chicago
2025-02-01,33.9,28.2,30.3,0,0,12.7,Chicago
2025-02-02,47.8,30.8,37.7,0.02,0.11,11.5,Chicago
2025-02-03,45,34.4,38.5,0,0,13.4,Chicago
2025-02-04,34.2,23.5,27.1,0,0,13,Chicago
2025-02-05,31.6,25.2,27.8,0.028,0.055,11.3,Chicago
2025-02-06,36.8,29.8,32.8,0.051,0.083,16.6,Chicago
2025-02-07,31.2,18,25,0,0,13.4,Chicago
2025-02-08,32.4,27.4,29.9,0.016,0.11,9.5,Chicago
2025-02-09,30.5,23.9,27.5,0,0,9.8,Chicago
2025-02-10,32.2,16.4,25,0,0,6.7,Chicago
2025-02-11,27.1,24,25.4,0.016,0.11,12,Chicago
2025-02-12,27.3,24.7,26,0.339,2.343,15,Chicago
2025-02-13,26.9,6.8,16.3,0.047,0.303,12.7,Chicago
2025-02-14,24.2,-0.7,11.5,0.185,1.295,11.9,Chicago
2025-02-15,31.7,25.2,29.6,0.008,0.055,12.2,Chicago
2025-02-16,29.7,13.4,24.3,0.031,0.22,15.3,Chicago
2025-02-17,11.2,0.8,4.3,0,0,12.6,Chicago
2025-02-18,6.3,-7.4,-0.2,0,0,10.5,Chicago
2025-02-19,11.6,2.8,6.5,0.004,0.028,8.7,Chicago
2025-02-20,18.1,2.8,10.7,0,0,9.2,Chicago
2025-02-21,23.7,9.4,16.4,0,0,8.2,Chicago
2025-02-22,30,14,22,0,0,10.4,Chicago
2025-02-23,40.9,22.3,30.8,0,0,9.1,Chicago
2025-02-24,52.6,36.9,43.5,0.008,0,15.2,Chicago
2025-02-25,51.1,35.4,42,0.087,0,7.7,Chicago
2025-02-26,46.5,34.4,38.5,0.051,0,10.1,Chicago
2025-02-27,47.6,34,40,0.043,0,15.4,Chicago
2025-02-28,55.8,33.4,43.2,0,0,18.2,Chicago
2025-03-01,37.2,23.6,26.9,0,0,14.6,Chicago
2025-03-02,33.2,17.9,26,0,0,4,Chicago
2025-03-03,45.9,28.9,36.8,0,0,11.6,Chicago
2025-03-04,52.1,41.4,45.6,0.402,0,15.4,Chicago
2025-03-05,51.3,30.4,43.4,0.484,0.358,16.1,Chicago
2025-03-06,39.5,27.5,32.4,0,0,15.8,Chicago
2025-03-07,35.3,32.3,33.5,0.154,0.717,7,Chicago
2025-03-08,48.5,29.3,37.4,0,0,11.3,Chicago
2025-03-09,55.7,32.8,43.7,0,0,10.4,Chicago
2025-03-10,63.8,38.8,50.7,0,0,13.7,Chicago
2025-03-11,55.3,33.3,43.3,0,0,15.2,Chicago
2025-03-12,43.8,34.1,38.6,0,0,9.7,Chicago
2025-03-13,49.3,33.5,40.9,0,0,9.3,Chicago
2025-03-14,73.9,47.3,59.7,0,0,17.1,Chicago
2025-03-15,67.4,45.8,60,0.394,0,20.4,Chicago
2025-03-16,44.1,30.6,35,0.543,1.709,10.2,Chicago
2025-03-17,50.4,25.8,37.2,0.008,0.028,14.7,Chicago
2025-03-18,67.3,45.2,54.5,0,0,14.6,Chicago
2025-03-19,58.6,37,44.1,0.555,0,14.8,Chicago
2025-03-20,40.9,32.6,35.8,0.232,1.406,19.6,Chicago
2025-03-21,56.2,30.1,42.5,0,0,16,Chicago
2025-03-22,46.4,33.5,37.6,0.016,0.055,12.6,Chicago
2025-03-23,48.4,34.9,40.6,0.291,0,17.9,Chicago
2025-03-24,47,33.6,39.8,0,0,16.9,Chicago
2025-03-25,44.3,32.4,37.4,0.024,0.028,6.7,Chicago
2025-03-26,43.5,30.6,37.4,0.063,0.386,6,Chicago
2025-03-27,55.3,39.4,46.6,0,0,7.8,Chicago
2025-03-28,75.6,44.4,58.9,0.264,0,17.9,Chicago
2025-03-29,68.5,54.3,63.5,0.028,0,18,Chicago
2025-03-30,71.5,48,60.5,0.213,0,14.8,Chicago
2025-03-31,45.8,35.2,39.6,0.035,0,12.2,Chicago
2025-04-01,43.2,33.1,37.1,0,0,15.8,Chicago
2025-04-02,69.3,41.3,51.8,0.791,0,17.9,Chicago
2025-04-03,63,43.2,50.6,0.035,0,14.3,Chicago
2025-04-04,45.2,39.9,42.8,0.087,0,10.4,Chicago
2025-04-05,51.2,40.7,43.9,0.244,0,12.5,Chicago
2025-04-06,43.1,37.1,40.3,0,0,10.7,Chicago
2025-04-07,42.4,31.8,36.5,0.028,0.083,17,Chicago
2025-04-08,38.5,27.8,33.4,0,0,11.3,Chicago
2025-04-09,45.9,32.3,38.1,0.087,0,11.6,Chicago
2025-04-10,41.9,35.9,38.3,0,0,10.8,Chicago
2025-04-11,46.3,36.2,41,0,0,8.9,Chicago
2025-04-12,54.1,33.3,44.5,0.012,0,8.7,Chicago
2025-04-13,61.9,45.7,53.8,0.028,0,13.2,Chicago
2025-04-14,64.4,52.6,57.7,0,0,16.9,Chicago
2025-04-15,51.2,39.9,46.8,0.047,0,17.5,Chicago
2025-04-16,45.6,36.5,41.3,0,0,9.8,Chicago
2025-04-17,68.3,39.7,52.7,0.024,0,15.3,Chicago
2025-04-18,80.7,56.6,67.9,0.028,0,16.7,Chicago
2025-04-19,66.9,44.2,52.1,0.031,0,13.5,Chicago
2025-04-20,57.7,46.1,51.4,0.063,0,16.4,Chicago
2025-04-21,61.1,49.7,56.2,0.484,0,19.6,Chicago
2025-04-22,69.2,42.7,55.1,0.272,0,7.7,Chicago
2025-04-23,69.5,54.2,60.3,0.276,0,7.5,Chicago
2025-04-24,64.6,45.9,56.2,0,0,8,Chicago
2025-04-25,55.2,46.5,49,0.004,0,16,Chicago
2025-04-26,48.7,43.1,45.8,0,0,15.6,Chicago
2025-04-27,61.6,39.7,51,0,0,8.6,Chicago
2025-04-28,81.8,51.4,66.5,0,0,17.6,Chicago
2025-04-29,75.9,50.6,68.5,0,0,17.5,Chicago
2025-04-30,58.4,45.3,52.3,0.008,0,8.3,Chicago
2025-05-01,70.5,51.3,60.7,0.705,0,14.1,Chicago
2025-05-02,58.4,45.1,50.3,0.035,0,7.5,Chicago
2025-05-03,47.8,43.7,45.5,0,0,13.7,Chicago
2025-05-04,50.1,43.4,45.5,0.224,0,14,Chicago
2025-05-05,56.8,45.3,50.1,0.059,0,10.5,Chicago
2025-05-06,72.4,47.1,58.7,0,0,9.7,Chicago
2025-05-07,64.7,46.4,54,0,0,10.7,Chicago
2025-05-08,53.4,44.4,48.5,0,0,13.8,Chicago
2025-05-09,58.8,42.3,50.3,0,0,7.6,Chicago
2025-05-10,71.5,49.5,54.3,0,0,12.6,Chicago
2025-05-11,64.5,45.2,54.8,0,0,9.4,Chicago
2025-05-12,71.2,53.5,62.8,0.039,0,8.6,Chicago
2025-05-13,72.5,55.3,63.5,0.004,0,8.3,Chicago
2025-05-14,69.8,53.5,59.7,0,0,6.7,Chicago
2025-05-15,90.1,57.4,72.1,0.126,0,13,Chicago
2025-05-16,85.1,64.1,75.1,0.024,0,20.9,Chicago
2025-05-17,68.8,54.4,61.4,0.004,0,17.1,Chicago
2025-05-18,60.5,46.8,54,0,0,8.2,Chicago
2025-05-19,52.4,43.7,47.2,0,0,13,Chicago
2025-05-20,56.8,48.7,52.9,0.862,0,17.5,Chicago
2025-05-21,53.8,49,50.8,0.161,0,8.9,Chicago
2025-05-22,52.7,48.1,49.9,0.043,0,9.8,Chicago
2025-05-23,57.4,44,49.9,0,0,9.4,Chicago
2025-05-24,57,45.3,51.8,0,0,7.6,Chicago
2025-05-25,58.7,50.5,53.6,0.016,0,6.4,Chicago
2025-05-26,60.1,47.6,53.3,0,0,7.7,Chicago
2025-05-27,61,51,55.8,0.004,0,9.1,Chicago
2025-05-28,59,50.9,54.8,0.386,0,7.1,Chicago
2025-05-29,68.5,49.9,58.7,0.008,0,5.8,Chicago
2025-05-30,78,53.2,65,0.106,0,12.7,Chicago
2025-05-31,64.7,49.8,54.4,0,0,10.4,Chicago
2025-06-01,61.4,47.2,55.1,0,0,7,Chicago
2025-06-02,85.6,51.1,68.4,0,0,10.5,Chicago
2025-06-03,89.2,67.9,78.7,0.012,0,20.2,Chicago
2025-06-04,74.8,55.6,62.2,1.276,0,13.6,Chicago
2025-06-05,64.5,51.3,57.1,0,0,8.3,Chicago
2025-06-06,68.1,55.3,60.8,0,0,7.1,Chicago
2025-06-07,68.9,54.8,61.9,0,0,7.9,Chicago
2025-06-08,78.6,57.2,66.4,0.15,0,13.5,Chicago
2025-06-09,71.8,56.1,63.1,0.35,0,12.8,Chicago
2025-06-10,78.5,55.8,66.6,0,0,12.3,Chicago
2025-06-11,91.6,62.9,77.4,0,0,13.3,Chicago
2025-06-12,79.7,61.7,70.7,0.008,0,8,Chicago
2025-06-13,71.3,59.7,65.5,0.098,0,8,Chicago
2025-06-14,68.4,59.1,62.6,0,0,7.7,Chicago
2025-06-15,74.9,58,65.1,0,0,6.6,Chicago
2025-06-16,82.4,60.8,71.8,0,0,8.3,Chicago
2025-06-17,92.3,70,80,0.106,0,11.1,Chicago
2025-06-18,76.5,65.4,71.4,1.571,0,7.6,Chicago
2025-06-19,78.3,65.7,70.4,0.413,0,9.9,Chicago
2025-06-20,81.1,66.7,73.9,0,0,12.2,Chicago
2025-06-21,91.7,74.2,82.7,0,0,16.1,Chicago
2025-06-22,93.7,78.3,86.1,0,0,14,Chicago
2025-06-23,96.1,78.6,87.5,0,0,14.6,Chicago
2025-06-24,95.4,73.1,82.1,0.386,0,8.5,Chicago
2025-06-25,78.7,69.6,73.6,0.11,0,5.9,Chicago
2025-06-26,87.2,75.7,81,0.295,0,8.5,Chicago
2025-06-27,84.7,75.8,79.3,0.079,0,12.6,Chicago
2025-06-28,77.8,68.4,73.3,0,0,5.9,Chicago
2025-06-29,87.6,71.2,78.7,0,0,6.4,Chicago
2025-06-30,87.4,71.8,78.3,0.028,0,6.6,Chicago
2025-07-01,81.4,69,76.3,0,0,7.6,Chicago
2025-07-02,90.1,69.8,80.2,0,0,7.7,Chicago
2025-07-03,89.2,72.5,81.1,0,0,7.7,Chicago
2025-07-04,87,72.1,79.7,0.496,0,5.7,Chicago
2025-07-05,92.9,75.4,84.6,0,0,13.4,Chicago
2025-07-06,83.8,68.4,77.9,0.24,0,11,Chicago
2025-07-07,72.4,66.3,69.3,0.004,0,9.3,Chicago
2025-07-08,88.1,67.3,76.4,0.059,0,6.6,Chicago
2025-07-09,78.9,68.7,72.1,0.303,0,8.3,Chicago
2025-07-10,78.7,66.8,72.6,0.067,0,7.1,Chicago
2025-07-11,87.8,70.2,76.6,0.795,0,12.2,Chicago
2025-07-12,82.8,72.1,77.4,0.012,0,9.9,Chicago
2025-07-13,80.8,68.9,74.9,0.004,0,5.9,Chicago
2025-07-14,83.5,65,74.6,0,0,4.5,Chicago
2025-07-15,87.1,70.3,79.1,0.024,0,7,Chicago
2025-07-16,92,73.8,81.1,0.11,0,12.6,Chicago
2025-07-17,76.9,63.6,68.1,0.016,0,12.3,Chicago
2025-07-18,75.8,62.1,69.5,0,0,6.9,Chicago
2025-07-19,83.4,70.7,75.8,0.126,0,11,Chicago
2025-07-20,75.7,68.2,71.6,0.272,0,9.3,Chicago
2025-07-21,76.9,68.2,71.6,0,0,8.3,Chicago
2025-07-22,84.1,68.7,75.7,0,0,9.7,Chicago
2025-07-23,92.7,71.1,81.5,0,0,11,Chicago
2025-07-24,95,77.5,84.2,0.055,0,12.3,Chicago
2025-07-25,81.1,72.9,76.2,0.173,0,7.4,Chicago
2025-07-26,83.6,72.6,76.6,0.154,0,8,Chicago
2025-07-27,84.2,72.7,78.1,0.016,0,6.5,Chicago
2025-07-28,85.1,75.9,79.4,0.059,0,6.2,Chicago
2025-07-29,89.9,71.6,80.2,0,0,7.3,Chicago
2025-07-30,77.2,68,73.6,0.72,0,12.8,Chicago
2025-07-31,69.5,65.8,67.5,0.331,0,14,Chicago
2025-08-01,71.6,64.8,67.9,0,0,10.8,Chicago
2025-08-02,74.5,63.8,69,0,0,6.2,Chicago
2025-08-03,74.6,62.1,69.8,0,0,7.5,Chicago
2025-08-04,75.8,67.6,71.9,0.008,0,7.8,Chicago
2025-08-05,77,69.2,72.9,0,0,7.3,Chicago
2025-08-06,83.2,67.1,74.9,0,0,9.1,Chicago
2025-08-07,86.6,70.8,77.8,0.059,0,6.1,Chicago
2025-08-08,91.8,73.3,82.2,0,0,10.7,Chicago
2025-08-09,92.5,75.3,83.7,0,0,13,Chicago
2025-08-10,90.4,76,82.6,0.02,0,11.6,Chicago
2025-08-11,89,73,80.1,0.22,0,10.9,Chicago
2025-08-12,84.9,70.5,75.4,0.524,0,7.6,Chicago
2025-08-13,79.7,71,74.8,0,0,7.1,Chicago
2025-08-14,79.2,67.5,73.9,0,0,6.7,Chicago
2025-08-15,90.5,68.6,79.9,0,0,6.9,Chicago
2025-08-16,92.8,76.3,83.2,0,0,10.4,Chicago
2025-08-17,78.9,71.2,75.6,0.012,0,9,Chicago
2025-08-18,84.2,71.1,76.1,0.276,0,8.8,Chicago
2025-08-19,75.7,71.2,73.3,0.343,0,13.1,Chicago
2025-08-20,72,69,70.5,0.016,0,10.8,Chicago
2025-08-21,72.8,67.6,70,0.02,0,9.4,Chicago
2025-08-22,78.1,64.2,71.9,0,0,5.7,Chicago
2025-08-23,81.9,67.5,73.5,0.024,0,11.9,Chicago
2025-08-24,74.2,60.3,67.3,0,0,11.8,Chicago
2025-08-25,70,56.5,63.8,0,0,9.3,Chicago
2025-08-26,71.5,56,64.1,0.004,0,7.8,Chicago
2025-08-27,76.2,56.8,66.4,0,0,10.3,Chicago
2025-08-28,73.8,60.9,66.2,0.118,0,9.1,Chicago
2025-08-29,65.8,59.2,63,0.024,0,8,Chicago
2025-08-30,70.6,61,65.5,0.008,0,5.7,Chicago
2025-08-31,72.8,59,66.2,0,0,7.5,Chicago
2025-09-01,73.7,60.9,67.3,0,0,6,Chicago
2025-09-02,76.1,61.6,69.1,0.004,0,6.5,Chicago
2025-09-03,68.6,61.2,65.1,0.539,0,11.6,Chicago
2025-09-04,65.7,51.3,58.6,0,0,10.5,Chicago
2025-09-05,65.6,57.7,61.2,0,0,14.2,Chicago
2025-09-06,64.8,50.7,57.8,0,0,11.4,Chicago
2025-09-07,66.2,49.8,57.7,0,0,6.1,Chicago
2025-09-08,69.8,51.2,60.7,0,0,5.7,Chicago
2025-09-09,74.1,53.9,64.1,0,0,6.2,Chicago
2025-09-10,79.7,60.3,69.6,0,0,6.3,Chicago
2025-09-11,73.9,63.2,68.4,0,0,7.6,Chicago
2025-09-12,82.5,61.7,70.7,0,0,8.2,Chicago
2025-09-13,79.2,64.4,71,0.295,0,8.9,Chicago
2025-09-14,76.9,65.3,70.6,0,0,7.8,Chicago
2025-09-15,75.7,64.6,70.3,0,0,7.5,Chicago
2025-09-16,77.7,63.3,70.4,0,0,6.5,Chicago
2025-09-17,77.7,63,69.8,0,0,5.6,Chicago
2025-09-18,81.8,62.6,71,0,0,7.5,Chicago
2025-09-19,82.9,65.6,73.8,0,0,7.8,Chicago
2025-09-20,78.3,66.4,70.5,0.217,0,7.8,Chicago
2025-09-21,77.5,66.6,70.2,0.177,0,8.7,Chicago
2025-09-22,76.3,65.5,70.2,0.016,0,8.6,Chicago
2025-09-23,74.1,63.4,67.4,0.244,0,10.9,Chicago
2025-09-24,67.1,62.2,64.4,0.008,0,11.9,Chicago
2025-09-25,68.5,59.7,63.5,0.016,0,8.8,Chicago
2025-09-26,78.7,57.7,67.6,0,0,6.8,Chicago
2025-09-27,85.5,63.2,74.1,0,0,8.3,Chicago
2025-09-28,74.7,66.6,70.1,0,0,6.4,Chicago
2025-09-29,79.3,63,70.3,0,0,6.6,Chicago
2025-09-30,76.6,65.5,70.3,0,0,9,Chicago
2025-10-01,72.3,62.2,67.4,0,0,10.5,Chicago
2025-10-02,77.7,58.7,67.4,0,0,9.3,Chicago
2025-10-03,86.8,63.3,73.9,0,0,7,Chicago
2025-10-04,85.5,65.7,75.8,0,0,9.7,Chicago
2025-10-05,84,64,74.1,0,0,11.7,Chicago
2025-10-06,82.9,65.6,71.6,0.244,0,10.9,Chicago
2025-10-07,66.5,56.5,62.2,0.571,0,11.6,Chicago
2025-10-08,61.2,54.4,57.6,0.004,0,9.2,Chicago
2025-10-09,60.3,48,54.7,0,0,6.2,Chicago
2025-10-10,67.3,48,57,0,0,8.9,Chicago
2025-10-11,63,56.8,59.6,0.004,0,9.8,Chicago
2025-10-12,64.4,50.8,57.7,0,0,8.6,Chicago
2025-10-13,66.6,54,60.7,0,0,7.2,Chicago
2025-10-14,66.7,58.5,62.1,0,0,9.5,Chicago
2025-10-15,59.8,56.2,57.7,0.165,0,9.2,Chicago
2025-10-16,64.2,54.9,59.3,0,0,7.5,Chicago
2025-10-17,73.3,55,63.3,0,0,11.4,Chicago
2025-10-18,74.1,61.4,66.5,0.28,0,11.7,Chicago
2025-10-19,61.7,49.2,54.8,0.811,0,18.4,Chicago
2025-10-20,63.1,42.1,52.3,0,0,12.7,Chicago
2025-10-21,57.4,46.4,50.2,0.102,0,17.8,Chicago
2025-10-22,49.7,45.3,47.4,0.004,0,16.6,Chicago
2025-10-23,51.2,39.7,45.1,0,0,10.2,Chicago
2025-10-24,49.3,36.6,42.9,0,0,5.7,Chicago
2025-10-25,52.6,37.8,46.2,0,0,6.2,Chicago
2025-10-26,55,46.8,50.9,0,0,10.3,Chicago
2025-10-27,54.6,46,50.4,0,0,12.1,Chicago
2025-10-28,55.8,46.9,50.9,0,0,13.4,Chicago
2025-10-29,53.2,47.9,50.7,0,0,15.9,Chicago
2025-10-30,52.6,44.6,48.9,0,0,10.8,Chicago
2025-10-31,52.5,41.3,45.8,0.031,0,9.7,Chicago
2025-11-01,49.4,39.7,44.7,0.004,0,6.7,Chicago
2025-11-02,52,41.5,46,0.075,0,11.2,Chicago
2025-11-03,58.5,41.5,48.7,0.031,0,12.2,Chicago
2025-11-04,59.7,39.4,49.3,0,0,10.9,Chicago
2025-11-05,59.4,47.1,53.9,0,0,12.1,Chicago
2025-11-06,56.7,34.5,46.6,0,0,12.8,Chicago
2025-11-07,62,48.4,53.9,0.213,0,14.8,Chicago
2025-11-08,50.3,41,45.7,0.307,0,9.9,Chicago
2025-11-09,40.8,28.3,34.4,0.504,1.13,18.6,Chicago
2025-11-10,33.1,27.1,30.1,0.217,1.543,20.6,Chicago
2025-11-11,37.8,24.5,30.9,0,0,15,Chicago
2025-11-12,51.9,37.4,42.8,0,0,11.4,Chicago
2025-11-13,51.6,35.4,43.4,0,0,9.5,Chicago
2025-11-14,63,41.4,51.1,0,0,9.5,Chicago
2025-11-15,67.6,53.9,60.5,0,0,15,Chicago
2025-11-16,52.3,37.4,43.6,0,0,13.5,Chicago
2025-11-17,45.6,32.8,39.4,0,0,7.8,Chicago
2025-11-18,42.6,39.7,41.6,0.484,0.882,11,Chicago
2025-11-19,44.9,42.3,43.3,0.004,0,8.3,Chicago
2025-11-20,48.1,42,44.7,0,0,7.8,Chicago
2025-11-21,46.8,41.6,44.6,0.016,0,5.3,Chicago
2025-11-22,47.6,35.5,42.7,0,0,12.2,Chicago
2025-11-23,52.5,39.2,44.7,0,0,9.9,Chicago
2025-11-24,49.5,36.4,42.9,0.035,0,8.4,Chicago
2025-11-25,52.3,46.2,48.7,0.228,0,9.7,Chicago
2025-11-26,50,31.3,36.3,0.024,0,24.4,Chicago
2025-11-27,32.8,28.1,30.3,0.008,0.055,16.4,Chicago
2025-11-28,31.7,23.8,27.5,0,0,12.9,Chicago
2025-11-29,30.3,26.8,28.3,0.61,4.272,15.7,Chicago
2025-11-30,33.3,23.4,29.1,0.142,0.965,15.7,Chicago
2025-12-01,27.5,16.9,22.7,0.106,0.744,7.7,Chicago
2025-12-02,25.2,15.7,20.1,0.051,0.358,10.4,Chicago
2025-12-03,29.8,21.2,25.1,0.047,0.331,13.6,Chicago
2025-12-04,23.5,9,14.3,0,0,12.2,Chicago
2025-12-05,24.8,8.1,16.4,0,0,13.3,Chicago
2025-12-06,31,24.8,28.6,0,0,10.8,Chicago
2025-12-07,33.6,22.8,29,0.366,2.563,13.1,Chicago
2025-12-08,27.6,17.6,21.3,0,0,10.7,Chicago
2025-12-09,35.9,17.1,28,0.11,0.165,13.9,Chicago
2025-12-10,38.8,26.5,33,0.146,0.331,17.5,Chicago
2025-12-11,26.5,21.3,24.6,0,0,9,Chicago
2025-12-12,29.7,22.5,26,0,0,9.4,Chicago
2025-12-13,25.9,5.1,13.7,0.043,0.303,13.4,Chicago
2025-12-14,8.1,-1.8,2.9,0,0,13.8,Chicago
2025-12-15,20.5,0.9,10.3,0,0,13,Chicago
2025-12-16,36,13.2,24.3,0,0,13.9,Chicago
2025-12-17,38,32.1,35.8,0.024,0,13.9,Chicago
2025-12-18,50.2,27,41.4,0.272,0,19.3,Chicago
2025-12-19,24,11.8,17.8,0.004,0.028,17.5,Chicago
2025-12-20,40.2,21.7,33.2,0,0,15.5,Chicago
2025-12-21,31.4,19,26.1,0,0,14.5,Chicago
2025-12-22,42.5,30,36.2,0.004,0,10.7,Chicago
2025-12-23,49.7,37,41.8,0,0,8,Chicago
2025-12-24,42.9,35.1,38.6,0.012,0,7.3,Chicago
2025-12-25,41.8,37.6,39.5,0.008,0,11.3,Chicago
2025-12-26,47.8,38.3,42.6,0.083,0,12.3,Chicago
2025-12-27,41.2,37.6,39.4,0,0,10.2,Chicago
2025-12-28,52.4,35.3,47.4,1.622,0,19.2,Chicago
2025-12-29,30,17.1,21.3,0.091,0.634,22.8,Chicago
2025-12-30,24,11.6,16.9,0.083,0.579,12.1,Chicago
2025-12-31,34.2,24.5,29.8,0.106,0.496,14,Chicago
