Respondent ID,Collector ID,Start Date,End Date,IP Address,Email Address,First Name,Last Name,Custom Data 1,collector_type_source,Hello and welcome to our short survey. Your answers are completely anonymous and will be grouped together with all others and not looked at on an individual basis. What is your gender?,What is your age?,Which of the following areas of Illinois do you live in?,"If there are any firearms in your home or in any of your household's vehicles, are they...","If you were to obtain a firearm, how would you most likely store it?","If there are any firearms in your HOME, how are they stored? (please choose all that apply)",,,,,,,"If there are any firearms in any of your household's VEHICLES, how are they stored? (Please choose all that apply)",,,,Are there any children or teens living in your home (permanently or occasionally)?,"When your children or teens visit friends or other homes, do you or someone else ever ask about the presence of firearms and how they are stored?","Are there any children or teens EVER VISITING your home (including grandchildren, other relatives, friends or others)?",Have you ever seen or heard information on how and why to store firearms safely?,Would you consider the area you live to be...?,Age,Device Type,Gender,Household Income,Region
,,,,,,,,,,Response,Response,Response,Response,Response,Cable lock,"Biometric (Fingerprint, etc.) safe",Locked safe or case (not biometric),Trigger Lock,Other type of lock or safe (including locked cabinet or other locked area),"Drawer, nightstand or other UNLOCKED area",No firearms in home,"Biometric (fingerprint, etc.) safe secured to vehicle",Locked safe or case (not biometric) secured to vehicle,"Trunk, glovebox, under seat or other hidden but unsecured place",No firearms in any household vehicles,Response,Response,Response,Response,Response,Response,Response,Response,Response,Response
118441051294,453292315,10/11/2023 03:24:37 PM,10/11/2023 03:25:18 PM,,,,,81c111b8918e3a4e7faf2f991d,smc,Male,21-34,"North East (Chicago, Suburbs of Chicago, Joliet, Aurora, Waukegan, Evanston, etc.)","Some locked, some unlocked",,,"Biometric (Fingerprint, etc.) safe",,,,,,,Locked safe or case (not biometric) secured to vehicle,,,Yes,Children not old enough/don't visit other homes,,Yes,Urban/city,18-29,Android Phone / Tablet,Male,"$10,000-$24,999",East North Central
118441049186,453292315,10/11/2023 03:22:16 PM,10/11/2023 03:22:49 PM,,,,,6008081259db0b638742a96f04,smc,Male,21-34,"North East (Chicago, Suburbs of Chicago, Joliet, Aurora, Waukegan, Evanston, etc.)",No firearms in home or vehicles,Locked safe or case (not biometric),,,,,,,,,,,,No,,No,No/don't recall,Suburban,18-29,iOS Phone / Tablet,Male,"$125,000-$149,999",East North Central
118441044163,453292315,10/11/2023 03:15:51 PM,10/11/2023 03:16:53 PM,,,,,aa662fbf96507cd74e98a174eb,smc,Male,35-54,"North East (Chicago, Suburbs of Chicago, Joliet, Aurora, Waukegan, Evanston, etc.)",No firearms in home or vehicles,"Biometric (fingerprint, etc.) safe",,,,,,,,,,,,No,,No,No/don't recall,Urban/city,45-60,Android Phone / Tablet,Male,"$50,000-$74,999",East North Central
118441036832,453292315,10/11/2023 03:07:25 PM,10/11/2023 03:08:31 PM,,,,,cc0a180979dd2dfac49344ef90,smc,Male,35-54,"North East (Chicago, Suburbs of Chicago, Joliet, Aurora, Waukegan, Evanston, etc.)","Some locked, some unlocked",,,,Locked safe or case (not biometric),,,,,,Locked safe or case (not biometric) secured to vehicle,,,Yes,No,,No/don't recall,Suburban,18-29,iOS Phone / Tablet,Male,"$10,000-$24,999",East North Central
118441035448,453292315,10/11/2023 03:04:19 PM,10/11/2023 03:07:08 PM,,,,,cdf9b5f067b5e3996a21c5e7b1,smc,Male,21-34,"North East (Chicago, Suburbs of Chicago, Joliet, Aurora, Waukegan, Evanston, etc.)",No firearms in home or vehicles,Other type of lock or safe (including cabinet or other locked area),,,,,,,,,,,,No,,No,Yes,Suburban,30-44,iOS Phone / Tablet,Male,"$0-$9,999",East North Central
118441032152,453292315,10/11/2023 03:02:31 PM,10/11/2023 03:03:33 PM,,,,,ab02853dbf2e93aa054e0a0d64,smc,Male,35-54,"Central (Peoria, Champaign, Springfield, etc.)",No firearms in home or vehicles,Locked safe or case (not biometric),,,,,,,,,,,,Yes,No,,Yes,Suburban,45-60,Android Phone / Tablet,Male,"$50,000-$74,999",East North Central
118441027859,453292315,10/11/2023 02:57:52 PM,10/11/2023 02:59:04 PM,,,,,d46414bde33cff7a4e355b4827,smc,Male,21-34,"North West or North Central (Rockford, DeKalb, Moline, Rock Island, etc.)",No firearms in home or vehicles,Locked safe or case (not biometric),,,,,,,,,,,,Yes,Children not old enough/don't visit other homes,,Yes,Rural,30-44,iOS Phone / Tablet,Male,"$50,000-$74,999",East North Central
118441020092,453292315,10/11/2023 02:49:14 PM,10/11/2023 02:50:25 PM,,,,,d2274029a47ccf57f17ed0dfda,smc,Male,35-54,"North East (Chicago, Suburbs of Chicago, Joliet, Aurora, Waukegan, Evanston, etc.)",All locked,,,"Biometric (Fingerprint, etc.) safe",,,,,,,,,No firearms in any household vehicles,Yes,No,,Yes,Urban/city,30-44,iOS Phone / Tablet,Male,"$75,000-$99,999",East North Central
118441009486,453292315,10/11/2023 02:38:25 PM,10/11/2023 02:39:04 PM,,,,,93e94833ca55cb42b6a6990e3f,smc,Male,21-34,"Central (Peoria, Champaign, Springfield, etc.)",No firearms in home or vehicles,"Biometric (fingerprint, etc.) safe",,,,,,,,,,,,No,,No,Yes,Urban/city,18-29,Android Phone / Tablet,Male,"$25,000-$49,999",East North Central
118441005570,453292315,10/11/2023 02:34:19 PM,10/11/2023 02:34:45 PM,,,,,52dd33aaa4d962f209b30228c6,smc,Male,35-54,"Central (Peoria, Champaign, Springfield, etc.)",All Unlocked,,,,,,Other type of lock or safe (including locked cabinet or other locked area),,,,,"Trunk, glovebox, under seat or other hidden but unsecured place",,Yes,Yes,,Yes,Urban/city,30-44,iOS Phone / Tablet,Male,Prefer not to answer,East North Central
118441004821,453292315,10/11/2023 02:32:02 PM,10/11/2023 02:33:57 PM,,,,,840e787741651a38cdd689fb35,smc,Male,21-34,"North East (Chicago, Suburbs of Chicago, Joliet, Aurora, Waukegan, Evanston, etc.)",No firearms in home or vehicles,Locked safe or case (not biometric),,,,,,,,,,,,No,,No,No/don't recall,Suburban,18-29,iOS Phone / Tablet,Male,"$75,000-$99,999",East North Central
118440998643,453292315,10/11/2023 02:25:55 PM,10/11/2023 02:27:23 PM,,,,,f4370e521195bb42e0076af10b,smc,Female,35-54,"North East (Chicago, Suburbs of Chicago, Joliet, Aurora, Waukegan, Evanston, etc.)",All locked,,,,Locked safe or case (not biometric),,,,,,,,No firearms in any household vehicles,No,,Yes,Yes,Suburban,30-44,iOS Phone / Tablet,Female,"$125,000-$149,999",East North Central
118440995329,453292315,10/11/2023 02:22:48 PM,10/11/2023 02:23:47 PM,,,,,9898b3e376758dc12d01ad6229,smc,Male,21-34,"North East (Chicago, Suburbs of Chicago, Joliet, Aurora, Waukegan, Evanston, etc.)",All locked,,,,,,,"Drawer, nightstand or other UNLOCKED area",,,,,No firearms in any household vehicles,No,,Yes,Yes,Suburban,18-29,Android Phone / Tablet,Male,"$25,000-$49,999",East North Central
118440995110,453292315,10/11/2023 02:22:12 PM,10/11/2023 02:23:32 PM,,,,,723288cf1d16a6afb2dfd5b163,smc,Female,35-54,"North East (Chicago, Suburbs of Chicago, Joliet, Aurora, Waukegan, Evanston, etc.)",All locked,,,"Biometric (Fingerprint, etc.) safe",,,,,,,,,No firearms in any household vehicles,Yes,No,,Yes,Suburban,30-44,iOS Phone / Tablet,Female,"$75,000-$99,999",East North Central
118440994146,453292315,10/11/2023 02:21:39 PM,10/11/2023 02:22:31 PM,,,,,ba183c19bd45cad263591722cd,smc,Female,21-34,"North East (Chicago, Suburbs of Chicago, Joliet, Aurora, Waukegan, Evanston, etc.)",All locked,,,,Locked safe or case (not biometric),,,,,,,"Trunk, glovebox, under seat or other hidden but unsecured place",,Yes,No,,No/don't recall,Suburban,30-44,iOS Phone / Tablet,Female,"$25,000-$49,999",East North Central
118440992448,453292315,10/11/2023 02:20:05 PM,10/11/2023 02:20:42 PM,,,,,38ec8d9773a3ad8dc8c4a258c7,smc,Female,35-54,"North West or North Central (Rockford, DeKalb, Moline, Rock Island, etc.)",No firearms in home or vehicles,"Biometric (fingerprint, etc.) safe",,,,,,,,,,,,Yes,Yes,,Yes,Suburban,30-44,Android Phone / Tablet,Female,"$175,000-$199,999",East North Central
118440992236,453292315,10/11/2023 02:19:28 PM,10/11/2023 02:20:29 PM,,,,,c7c74799d2df66dcd1862f7383,smc,Male,21-34,"Central (Peoria, Champaign, Springfield, etc.)",No firearms in home or vehicles,Locked safe or case (not biometric),,,,,,,,,,,,No,,No,Yes,Urban/city,18-29,Android Phone / Tablet,Male,"$25,000-$49,999",East North Central
118440989293,453292315,10/11/2023 02:16:16 PM,10/11/2023 02:17:25 PM,,,,,c6451c5e8ba2f4531368dab0cc,smc,Male,21-34,"Central (Peoria, Champaign, Springfield, etc.)",All locked,,,,Locked safe or case (not biometric),,Other type of lock or safe (including locked cabinet or other locked area),,,,,,No firearms in any household vehicles,No,,No,Yes,Rural,18-29,Android Phone / Tablet,Male,"$25,000-$49,999",East North Central
118440989291,453292315,10/11/2023 02:16:07 PM,10/11/2023 02:17:24 PM,,,,,ee29080669157bb1a50b889092,smc,Female,21-34,"North East (Chicago, Suburbs of Chicago, Joliet, Aurora, Waukegan, Evanston, etc.)",No firearms in home or vehicles,"Biometric (fingerprint, etc.) safe",,,,,,,,,,,,Yes,Children not old enough/don't visit other homes,,No/don't recall,Urban/city,30-44,Android Phone / Tablet,Female,"$0-$9,999",East North Central
118440981505,453292315,10/11/2023 02:08:15 PM,10/11/2023 02:09:32 PM,,,,,928a69f4a5248b7812a88d0bab,smc,Male,55+,"North East (Chicago, Suburbs of Chicago, Joliet, Aurora, Waukegan, Evanston, etc.)",All Unlocked,,,,Locked safe or case (not biometric),,Other type of lock or safe (including locked cabinet or other locked area),,,,,,No firearms in any household vehicles,No,,No,Yes,Rural,45-60,iOS Phone / Tablet,Male,"$200,000+",East North Central
118440980960,453292315,10/11/2023 02:07:25 PM,10/11/2023 02:08:58 PM,,,,,068deee2b54fc6f29f347bf648,smc,Female,21-34,"North East (Chicago, Suburbs of Chicago, Joliet, Aurora, Waukegan, Evanston, etc.)",No firearms in home or vehicles,Locked safe or case (not biometric),,,,,,,,,,,,No,,No,Yes,Urban/city,18-29,iOS Phone / Tablet,Female,"$10,000-$24,999",East North Central
118440980491,453292315,10/11/2023 02:07:26 PM,10/11/2023 02:08:22 PM,,,,,5723b4af04cc5cf7e6c0c523fd,smc,Male,35-54,"North East (Chicago, Suburbs of Chicago, Joliet, Aurora, Waukegan, Evanston, etc.)",No firearms in home or vehicles,Locked safe or case (not biometric),,,,,,,,,,,,Yes,Yes,,No/don't recall,Suburban,30-44,Android Phone / Tablet,Male,"$125,000-$149,999",East North Central
118440980469,453292315,10/11/2023 02:08:07 PM,10/11/2023 02:08:21 PM,,,,,7c7e9a45f2f782213062c9c3cb,smc,Male,21-34,"Central (Peoria, Champaign, Springfield, etc.)",All Unlocked,,,"Biometric (Fingerprint, etc.) safe",Locked safe or case (not biometric),,,,,"Biometric (fingerprint, etc.) safe secured to vehicle",Locked safe or case (not biometric) secured to vehicle,,,Yes,Yes,,Yes,Urban/city,18-29,iOS Phone / Tablet,Male,"$75,000-$99,999",East North Central
118440979164,453292315,10/11/2023 02:05:47 PM,10/11/2023 02:06:52 PM,,,,,be8c933818465c5064775ca904,smc,Male,35-54,"North East (Chicago, Suburbs of Chicago, Joliet, Aurora, Waukegan, Evanston, etc.)",All locked,,,,Locked safe or case (not biometric),Trigger Lock,,,,,,,No firearms in any household vehicles,Yes,Yes,,Yes,Suburban,45-60,Android Phone / Tablet,Male,"$25,000-$49,999",East North Central
118440977817,453292315,10/11/2023 02:03:45 PM,10/11/2023 02:05:24 PM,,,,,33b410c8dd7bed14eff36134fb,smc,Male,21-34,"North East (Chicago, Suburbs of Chicago, Joliet, Aurora, Waukegan, Evanston, etc.)",All locked,,,,Locked safe or case (not biometric),,,,,,Locked safe or case (not biometric) secured to vehicle,,,Yes,Yes,,Yes,Urban/city,18-29,Android Phone / Tablet,Male,"$125,000-$149,999",East North Central
118440976455,453292315,10/11/2023 02:02:48 PM,10/11/2023 02:04:01 PM,,,,,24ef2b8f01af4a3c3b5e7c3c4c,smc,Female,21-34,"North West or North Central (Rockford, DeKalb, Moline, Rock Island, etc.)",No firearms in home or vehicles,Locked safe or case (not biometric),,,,,,,,,,,,No,,Yes,Yes,Urban/city,18-29,Android Phone / Tablet,Female,"$10,000-$24,999",East North Central
118440974661,453292315,10/11/2023 02:01:54 PM,10/11/2023 02:02:58 PM,,,,,91dab0dd324ea2925394f926af,smc,Male,55+,"North East (Chicago, Suburbs of Chicago, Joliet, Aurora, Waukegan, Evanston, etc.)","Some locked, some unlocked",,,,,,,"Drawer, nightstand or other UNLOCKED area",,,,,No firearms in any household vehicles,No,,Yes,Yes,Suburban,> 60,iOS Phone / Tablet,Male,"$100,000-$124,999",East North Central
118440975256,453292315,10/11/2023 02:01:54 PM,10/11/2023 02:02:51 PM,,,,,e14f1a1d7a279424996d1fad20,smc,Male,35-54,"North East (Chicago, Suburbs of Chicago, Joliet, Aurora, Waukegan, Evanston, etc.)",No firearms in home or vehicles,"Biometric (fingerprint, etc.) safe",,,,,,,,,,,,No,,No,Yes,Urban/city,30-44,Android Phone / Tablet,Male,"$100,000-$124,999",East North Central
118440973200,453292315,10/11/2023 02:00:27 PM,10/11/2023 02:00:49 PM,,,,,1e083ae57575306b386b752665,smc,Male,21-34,"Central (Peoria, Champaign, Springfield, etc.)",All Unlocked,,Cable lock,,,,,,,,,"Trunk, glovebox, under seat or other hidden but unsecured place",,No,,Yes,No/don't recall,Urban/city,18-29,iOS Phone / Tablet,Male,"$50,000-$74,999",East North Central
118440972998,453292315,10/11/2023 02:00:21 PM,10/11/2023 02:00:38 PM,,,,,d3a260c2950a061ceda6b9dbf5,smc,Male,21-34,"North East (Chicago, Suburbs of Chicago, Joliet, Aurora, Waukegan, Evanston, etc.)","Some locked, some unlocked",,,"Biometric (Fingerprint, etc.) safe",,,Other type of lock or safe (including locked cabinet or other locked area),"Drawer, nightstand or other UNLOCKED area",,"Biometric (fingerprint, etc.) safe secured to vehicle",,"Trunk, glovebox, under seat or other hidden but unsecured place",,Yes,Yes,,Yes,Urban/city,18-29,iOS Phone / Tablet,Male,"$200,000+",East North Central
118440972671,453292315,10/11/2023 01:59:28 PM,10/11/2023 02:00:17 PM,,,,,41bb6118430a58738a201d3b0e,smc,Male,35-54,"North East (Chicago, Suburbs of Chicago, Joliet, Aurora, Waukegan, Evanston, etc.)",All locked,,,,Locked safe or case (not biometric),,,,,,,,No firearms in any household vehicles,Yes,No,,Yes,Suburban,45-60,Android Phone / Tablet,Male,"$175,000-$199,999",East North Central
118440969357,453292315,10/11/2023 01:56:03 PM,10/11/2023 01:56:46 PM,,,,,a5ca7f95887ec429d8d05c11e7,smc,Male,21-34,"North East (Chicago, Suburbs of Chicago, Joliet, Aurora, Waukegan, Evanston, etc.)",All locked,,,,,,Other type of lock or safe (including locked cabinet or other locked area),,,,,,No firearms in any household vehicles,Yes,No,,Yes,Urban/city,18-29,Android Phone / Tablet,Male,"$10,000-$24,999",East North Central
118440964084,453292315,10/11/2023 01:48:17 PM,10/11/2023 01:51:16 PM,,,,,4ec570259b02902659522daeac,smc,Male,55+,"Central (Peoria, Champaign, Springfield, etc.)",All locked,,Cable lock,,Locked safe or case (not biometric),,,"Drawer, nightstand or other UNLOCKED area",,,Locked safe or case (not biometric) secured to vehicle,,,Yes,Yes,,Yes,Suburban,> 60,iOS Phone / Tablet,Male,"$125,000-$149,999",East North Central
118440963604,453292315,10/11/2023 01:49:57 PM,10/11/2023 01:50:47 PM,,,,,c5a02e4d0614a04343c31e36f2,smc,Male,21-34,"North East (Chicago, Suburbs of Chicago, Joliet, Aurora, Waukegan, Evanston, etc.)",No firearms in home or vehicles,Locked safe or case (not biometric),,,,,,,,,,,,Yes,No,,Yes,Suburban,30-44,Android Phone / Tablet,Male,"$150,000-$174,999",East North Central
118440961403,453292315,10/11/2023 01:14:00 PM,10/11/2023 01:48:21 PM,,,,,99811ef5cca9864ba9034eaf6d,smc,Female,21-34,"Central (Peoria, Champaign, Springfield, etc.)",No firearms in home or vehicles,"Biometric (fingerprint, etc.) safe",,,,,,,,,,,,No,,Yes,Yes,Suburban,18-29,Android Phone / Tablet,Female,"$75,000-$99,999",East North Central
118440961053,453292315,10/11/2023 01:47:07 PM,10/11/2023 01:47:59 PM,,,,,96dc1d98512068c0cf8663984d,smc,Male,21-34,"North East (Chicago, Suburbs of Chicago, Joliet, Aurora, Waukegan, Evanston, etc.)",No firearms in home or vehicles,"Biometric (fingerprint, etc.) safe",,,,,,,,,,,,No,,Yes,No/don't recall,Urban/city,30-44,Android Phone / Tablet,Male,"$75,000-$99,999",East North Central
118440954859,453292315,10/11/2023 01:40:05 PM,10/11/2023 01:41:16 PM,,,,,3ed56fd8b1b1ab6c574bbc55c6,smc,Male,35-54,"Central (Peoria, Champaign, Springfield, etc.)",All locked,,Cable lock,,Locked safe or case (not biometric),,,,,,,,No firearms in any household vehicles,Yes,No,,Yes,Rural,45-60,iOS Phone / Tablet,Male,Prefer not to answer,East North Central
118440950715,453292315,10/11/2023 01:35:33 PM,10/11/2023 01:36:54 PM,,,,,59f7bd8758b53cf67d2f001301,smc,Female,21-34,"North East (Chicago, Suburbs of Chicago, Joliet, Aurora, Waukegan, Evanston, etc.)",All locked,,,,,Trigger Lock,Other type of lock or safe (including locked cabinet or other locked area),,,"Biometric (fingerprint, etc.) safe secured to vehicle",Locked safe or case (not biometric) secured to vehicle,"Trunk, glovebox, under seat or other hidden but unsecured place",,No,,No,Yes,Urban/city,18-29,iOS Phone / Tablet,Female,"$0-$9,999",East North Central
118440949257,453292315,10/11/2023 01:35:02 PM,10/11/2023 01:35:17 PM,,,,,0da5f6a34eda4aaf2f7c0b7ecc,smc,Male,21-34,"Central (Peoria, Champaign, Springfield, etc.)",All locked,,,,,,,"Drawer, nightstand or other UNLOCKED area",,"Biometric (fingerprint, etc.) safe secured to vehicle",,,,Yes,No,,No/don't recall,Suburban,18-29,Android Phone / Tablet,Male,"$125,000-$149,999",East North Central
118440947182,453292315,10/11/2023 01:31:55 PM,10/11/2023 01:33:06 PM,,,,,f9fd5e8560ee1dd6552f1883d1,smc,Female,21-34,"North East (Chicago, Suburbs of Chicago, Joliet, Aurora, Waukegan, Evanston, etc.)",No firearms in home or vehicles,"Biometric (fingerprint, etc.) safe",,,,,,,,,,,,No,,Yes,Yes,Suburban,18-29,iOS Phone / Tablet,Female,"$25,000-$49,999",East North Central
118440946321,453292315,10/11/2023 01:30:25 PM,10/11/2023 01:32:11 PM,,,,,94d82bccb92130a80f9366c45f,smc,Male,35-54,"Central (Peoria, Champaign, Springfield, etc.)",All locked,,,"Biometric (Fingerprint, etc.) safe",Locked safe or case (not biometric),,,,,,Locked safe or case (not biometric) secured to vehicle,,,Yes,No,,Yes,Suburban,30-44,iOS Phone / Tablet,Male,"$100,000-$124,999",East North Central
118440943394,453292315,10/11/2023 01:28:21 PM,10/11/2023 01:29:03 PM,,,,,7711b503176add3484819fb5e3,smc,Female,21-34,"North East (Chicago, Suburbs of Chicago, Joliet, Aurora, Waukegan, Evanston, etc.)",No firearms in home or vehicles,Locked safe or case (not biometric),,,,,,,,,,,,Yes,Yes,,Yes,Urban/city,18-29,iOS Phone / Tablet,Female,"$75,000-$99,999",East North Central
118440938617,453292315,10/11/2023 01:22:44 PM,10/11/2023 01:23:56 PM,,,,,21fad63391c6301a5b43ffe8da,smc,Female,21-34,"North East (Chicago, Suburbs of Chicago, Joliet, Aurora, Waukegan, Evanston, etc.)","Some locked, some unlocked",,Cable lock,,,Trigger Lock,,"Drawer, nightstand or other UNLOCKED area",,,,,No firearms in any household vehicles,No,,No,Yes,Urban/city,30-44,iOS Phone / Tablet,Female,"$200,000+",East North Central
118440932555,453292315,10/11/2023 01:16:03 PM,10/11/2023 01:17:44 PM,,,,,4280c2ea985195415eb31d1905,smc,Male,35-54,"Southern (Carbondale, Mount Vernon, East St. Louis, etc.)",No firearms in home or vehicles,Locked safe or case (not biometric),,,,,,,,,,,,No,,No,Yes,Rural,30-44,Android Phone / Tablet,Male,"$50,000-$74,999",East North Central
118440932190,453292315,10/11/2023 01:16:51 PM,10/11/2023 01:17:20 PM,,,,,3c3dfb084b0d7281f12f9f0d1a,smc,Female,21-34,"Central (Peoria, Champaign, Springfield, etc.)",All locked,,,"Biometric (Fingerprint, etc.) safe",,,,,,,Locked safe or case (not biometric) secured to vehicle,,,No,,No,Yes,Suburban,18-29,Android Phone / Tablet,Female,"$0-$9,999",East North Central
118440929036,453292315,10/11/2023 01:13:26 PM,10/11/2023 01:14:12 PM,,,,,0ff4307cad28ed5312437356af,smc,Female,35-54,"Central (Peoria, Champaign, Springfield, etc.)",No firearms in home or vehicles,"Biometric (fingerprint, etc.) safe",,,,,,,,,,,,No,,Yes,Yes,Suburban,30-44,Android Phone / Tablet,Female,"$50,000-$74,999",East North Central
118440922602,453292315,10/11/2023 01:06:40 PM,10/11/2023 01:08:09 PM,,,,,8c15e7a124db31fbf4ab60449c,smc,Female,35-54,"Central (Peoria, Champaign, Springfield, etc.)","Some locked, some unlocked",,,,,,Other type of lock or safe (including locked cabinet or other locked area),,,"Biometric (fingerprint, etc.) safe secured to vehicle",Locked safe or case (not biometric) secured to vehicle,"Trunk, glovebox, under seat or other hidden but unsecured place",,No,,No,Yes,Suburban,30-44,iOS Phone / Tablet,Female,"$0-$9,999",East North Central
118440919944,453292315,10/11/2023 01:05:01 PM,10/11/2023 01:06:40 PM,,,,,2a08ed3453a506e620bcdd5ca6,smc,Male,55+,"North West or North Central (Rockford, DeKalb, Moline, Rock Island, etc.)",No firearms in home or vehicles,Other type of lock or safe (including cabinet or other locked area),,,,,,,,,,,,No,,Yes,Yes,Suburban,> 60,Windows Desktop / Laptop,Male,"$200,000+",East North Central
118440918096,453292315,10/11/2023 01:02:09 PM,10/11/2023 01:03:42 PM,,,,,698945a6fe4fbb3e4da775b243,smc,Male,55+,"North East (Chicago, Suburbs of Chicago, Joliet, Aurora, Waukegan, Evanston, etc.)",No firearms in home or vehicles,"Biometric (fingerprint, etc.) safe",,,,,,,,,,,,No,,No,No/don't recall,Suburban,45-60,iOS Phone / Tablet,Male,"$75,000-$99,999",East North Central
118440915787,453292315,10/11/2023 01:01:22 PM,10/11/2023 01:01:46 PM,,,,,c713224b5a01f2368b76af9be7,smc,Female,35-54,"North West or North Central (Rockford, DeKalb, Moline, Rock Island, etc.)",All locked,,Cable lock,,,,,,,"Biometric (fingerprint, etc.) safe secured to vehicle",,,,Yes,No,,Yes,Rural,30-44,iOS Phone / Tablet,Male,"$75,000-$99,999",East North Central
118440915652,453292315,10/11/2023 01:01:06 PM,10/11/2023 01:01:40 PM,,,,,0d604289728c637f733944d0f0,smc,Male,35-54,"North East (Chicago, Suburbs of Chicago, Joliet, Aurora, Waukegan, Evanston, etc.)",All locked,,Cable lock,,,Trigger Lock,,,,,,,No firearms in any household vehicles,Yes,No,,Yes,Suburban,30-44,Android Phone / Tablet,Male,"$100,000-$124,999",East North Central
118440913868,453292315,10/11/2023 12:59:44 PM,10/11/2023 01:01:01 PM,,,,,aa42a856adef93837e0a6e5553,smc,Male,55+,"Central (Peoria, Champaign, Springfield, etc.)",No firearms in home or vehicles,Locked safe or case (not biometric),,,,,,,,,,,,No,,No,Yes,Urban/city,> 60,Windows Desktop / Laptop,Male,"$25,000-$49,999",East North Central
118440913737,453292315,10/11/2023 12:59:36 PM,10/11/2023 12:59:56 PM,,,,,9609ebdb1433229587182d9017,smc,Female,35-54,"North East (Chicago, Suburbs of Chicago, Joliet, Aurora, Waukegan, Evanston, etc.)",All locked,,,,Locked safe or case (not biometric),,,"Drawer, nightstand or other UNLOCKED area",,"Biometric (fingerprint, etc.) safe secured to vehicle",,,,Yes,Yes,,Yes,Urban/city,30-44,iOS Phone / Tablet,Female,"$0-$9,999",East North Central
118440911784,453292315,10/11/2023 12:56:27 PM,10/11/2023 12:58:03 PM,,,,,78cc50417de1ac74a87ee51537,smc,Male,21-34,"North East (Chicago, Suburbs of Chicago, Joliet, Aurora, Waukegan, Evanston, etc.)",No firearms in home or vehicles,Locked safe or case (not biometric),,,,,,,,,,,,No,,Yes,No/don't recall,Suburban,45-60,Android Phone / Tablet,Male,"$75,000-$99,999",East North Central
118440910729,453292315,10/11/2023 12:55:57 PM,10/11/2023 12:57:01 PM,,,,,2a41ef9b7015d45b4964e3074f,smc,Female,35-54,"North West or North Central (Rockford, DeKalb, Moline, Rock Island, etc.)",All locked,,Cable lock,,,,,,,,,"Trunk, glovebox, under seat or other hidden but unsecured place",No firearms in any household vehicles,Yes,Yes,,No/don't recall,Urban/city,30-44,iOS Phone / Tablet,Female,"$25,000-$49,999",East North Central
118440908789,453292315,10/11/2023 12:51:32 PM,10/11/2023 12:54:57 PM,,,,,8ed1ca615451880d82c79194d4,smc,Male,21-34,"North East (Chicago, Suburbs of Chicago, Joliet, Aurora, Waukegan, Evanston, etc.)","Some locked, some unlocked",,Cable lock,,Locked safe or case (not biometric),Trigger Lock,Other type of lock or safe (including locked cabinet or other locked area),"Drawer, nightstand or other UNLOCKED area",,,,"Trunk, glovebox, under seat or other hidden but unsecured place",,Yes,No,,Yes,Suburban,30-44,Android Phone / Tablet,Male,"$150,000-$174,999",East North Central
118440908502,453292315,10/11/2023 12:53:52 PM,10/11/2023 12:54:38 PM,,,,,1654d894c3c396bb8308c4f3d9,smc,Male,35-54,"North East (Chicago, Suburbs of Chicago, Joliet, Aurora, Waukegan, Evanston, etc.)",All locked,,,"Biometric (Fingerprint, etc.) safe",,,,,,,,,No firearms in any household vehicles,No,,No,Yes,Suburban,30-44,iOS Phone / Tablet,Male,"$75,000-$99,999",East North Central
118440902139,453292315,10/11/2023 12:47:27 PM,10/11/2023 12:48:06 PM,,,,,867385335272f95fd592a6d83e,smc,Female,21-34,"North East (Chicago, Suburbs of Chicago, Joliet, Aurora, Waukegan, Evanston, etc.)",All locked,,,,Locked safe or case (not biometric),,,,,,Locked safe or case (not biometric) secured to vehicle,,,No,,Yes,Yes,Urban/city,18-29,iOS Phone / Tablet,Female,"$0-$9,999",East North Central
118440901156,453292315,10/11/2023 12:46:19 PM,10/11/2023 12:47:01 PM,,,,,2f067d2a871d3bcbf86a7bc4d9,smc,Female,21-34,"North East (Chicago, Suburbs of Chicago, Joliet, Aurora, Waukegan, Evanston, etc.)","Some locked, some unlocked",,,,Locked safe or case (not biometric),,,,,,Locked safe or case (not biometric) secured to vehicle,,,No,,No,Yes,Rural,18-29,iOS Phone / Tablet,Female,"$0-$9,999",East North Central
118440899296,453292315,10/11/2023 12:43:29 PM,10/11/2023 12:45:05 PM,,,,,011f0a09710aad7c6d8bd1e904,smc,Male,21-34,"Central (Peoria, Champaign, Springfield, etc.)",All locked,,,,,Trigger Lock,,,,,,"Trunk, glovebox, under seat or other hidden but unsecured place",,No,,Yes,Yes,Suburban,18-29,iOS Phone / Tablet,Male,"$25,000-$49,999",East North Central
118440899057,453292315,10/11/2023 12:43:33 PM,10/11/2023 12:44:52 PM,,,,,339231540d7b7ce71285e23999,smc,Female,21-34,"North East (Chicago, Suburbs of Chicago, Joliet, Aurora, Waukegan, Evanston, etc.)",No firearms in home or vehicles,"Biometric (fingerprint, etc.) safe",,,,,,,,,,,,Yes,Children not old enough/don't visit other homes,,No/don't recall,Suburban,30-44,Android Phone / Tablet,Female,"$25,000-$49,999",East North Central
118440887597,453292315,10/11/2023 12:32:52 PM,10/11/2023 12:33:19 PM,,,,,87b01dab03a054c2777810fb95,smc,Male,35-54,"North East (Chicago, Suburbs of Chicago, Joliet, Aurora, Waukegan, Evanston, etc.)","Some locked, some unlocked",,,,Locked safe or case (not biometric),,,"Drawer, nightstand or other UNLOCKED area",,"Biometric (fingerprint, etc.) safe secured to vehicle",,,,Yes,Yes,,Yes,Suburban,30-44,Android Phone / Tablet,Male,"$75,000-$99,999",East North Central
118440885171,453292315,10/11/2023 12:30:38 PM,10/11/2023 12:31:01 PM,,,,,d420d9c3621600ada673e59798,smc,Male,21-34,"North East (Chicago, Suburbs of Chicago, Joliet, Aurora, Waukegan, Evanston, etc.)",All locked,,,,,,Other type of lock or safe (including locked cabinet or other locked area),,,"Biometric (fingerprint, etc.) safe secured to vehicle",,,,No,,No,No/don't recall,Urban/city,18-29,iOS Phone / Tablet,Male,"$75,000-$99,999",East North Central
118440884169,453292315,10/11/2023 12:29:00 PM,10/11/2023 12:29:59 PM,,,,,e30acd2af0c890d64e678706f2,smc,Female,35-54,"Central (Peoria, Champaign, Springfield, etc.)",All Unlocked,,,,,,,"Drawer, nightstand or other UNLOCKED area",,,,,No firearms in any household vehicles,No,,No,Yes,Rural,30-44,iOS Phone / Tablet,Female,"$75,000-$99,999",East North Central
118440884072,453292315,10/11/2023 12:28:55 PM,10/11/2023 12:29:53 PM,,,,,106cce33d03c54f318cd20e551,smc,Female,35-54,"North West or North Central (Rockford, DeKalb, Moline, Rock Island, etc.)",All locked,,,,Locked safe or case (not biometric),,,,,,,,No firearms in any household vehicles,Yes,No,,Yes,Suburban,30-44,iOS Phone / Tablet,Female,"$50,000-$74,999",East North Central
118440881234,453292315,10/11/2023 12:26:38 PM,10/11/2023 12:26:57 PM,,,,,b778c153787d955ff94cd3ad45,smc,Male,21-34,"North East (Chicago, Suburbs of Chicago, Joliet, Aurora, Waukegan, Evanston, etc.)",All locked,,Cable lock,,,,Other type of lock or safe (including locked cabinet or other locked area),,,"Biometric (fingerprint, etc.) safe secured to vehicle",,"Trunk, glovebox, under seat or other hidden but unsecured place",,Yes,Yes,,Yes,Suburban,18-29,iOS Phone / Tablet,Male,"$0-$9,999",East North Central
118440879766,453292315,10/11/2023 12:25:11 PM,10/11/2023 12:25:27 PM,,,,,81beb1c5170cf7b0b3afa571e5,smc,Male,35-54,"Central (Peoria, Champaign, Springfield, etc.)","Some locked, some unlocked",,,,,,,"Drawer, nightstand or other UNLOCKED area",,,,"Trunk, glovebox, under seat or other hidden but unsecured place",,Yes,No,,Yes,Rural,30-44,iOS Phone / Tablet,Female,"$0-$9,999",East North Central
118440871327,453292315,10/11/2023 12:15:36 PM,10/11/2023 12:16:49 PM,,,,,80f4253792612c6ee1df3887d0,smc,Male,21-34,"North East (Chicago, Suburbs of Chicago, Joliet, Aurora, Waukegan, Evanston, etc.)",No firearms in home or vehicles,Other type of lock or safe (including cabinet or other locked area),,,,,,,,,,,,Yes,No,,Yes,Urban/city,18-29,iOS Phone / Tablet,Male,"$125,000-$149,999",East North Central
118440870847,453292315,10/11/2023 12:15:54 PM,10/11/2023 12:16:22 PM,,,,,9f75f3ca56048b0696882e686a,smc,Female,35-54,"North East (Chicago, Suburbs of Chicago, Joliet, Aurora, Waukegan, Evanston, etc.)","Some locked, some unlocked",,,,,Trigger Lock,Other type of lock or safe (including locked cabinet or other locked area),,,"Biometric (fingerprint, etc.) safe secured to vehicle",,,,Yes,Yes,,Yes,Suburban,30-44,iOS Phone / Tablet,Female,"$200,000+",East North Central
118440868329,453292315,10/11/2023 12:13:25 PM,10/11/2023 12:14:14 PM,,,,,87dd78706af1652db6d6a74a95,smc,Female,21-34,"North East (Chicago, Suburbs of Chicago, Joliet, Aurora, Waukegan, Evanston, etc.)",No firearms in home or vehicles,"Biometric (fingerprint, etc.) safe",,,,,,,,,,,,Yes,Yes,,No/don't recall,Suburban,18-29,iOS Phone / Tablet,Female,"$75,000-$99,999",East North Central
118440862951,453292315,10/11/2023 12:07:54 PM,10/11/2023 12:09:03 PM,,,,,b52dca4006afa69d505b766465,smc,Female,21-34,"North East (Chicago, Suburbs of Chicago, Joliet, Aurora, Waukegan, Evanston, etc.)",No firearms in home or vehicles,Locked safe or case (not biometric),,,,,,,,,,,,No,,No,Yes,Urban/city,18-29,Android Phone / Tablet,Female,"$0-$9,999",East North Central
118440860508,453292315,10/11/2023 12:06:02 PM,10/11/2023 12:06:49 PM,,,,,03eee026aac113267b1c3261df,smc,Female,21-34,"Central (Peoria, Champaign, Springfield, etc.)",No firearms in home or vehicles,"Drawer, nightstand, or other UNLOCKED area in home",,,,,,,,,,,,No,,Yes,No/don't recall,Rural,18-29,Android Phone / Tablet,Female,"$75,000-$99,999",East North Central
118440858767,453292315,10/11/2023 12:04:43 PM,10/11/2023 12:05:47 PM,,,,,d93ebf97337f6a362d49e753a6,smc,Male,55+,"Central (Peoria, Champaign, Springfield, etc.)",All Unlocked,,,,,,,"Drawer, nightstand or other UNLOCKED area",,,,,No firearms in any household vehicles,No,,Yes,Yes,Rural,> 60,Windows Desktop / Laptop,Male,"$125,000-$149,999",East North Central
118440856359,453292315,10/11/2023 12:02:28 PM,10/11/2023 12:03:48 PM,,,,,da93ceed4d04a97e7065d31d57,smc,Male,35-54,"North East (Chicago, Suburbs of Chicago, Joliet, Aurora, Waukegan, Evanston, etc.)",All locked,,,"Biometric (Fingerprint, etc.) safe",Locked safe or case (not biometric),,,,,,,,No firearms in any household vehicles,Yes,No,,Yes,Rural,45-60,Windows Desktop / Laptop,Male,"$200,000+",East North Central
118440856551,453292315,10/11/2023 12:02:08 PM,10/11/2023 12:03:12 PM,,,,,af111fed1127b6353959c2bb90,smc,Male,21-34,"North West or North Central (Rockford, DeKalb, Moline, Rock Island, etc.)",No firearms in home or vehicles,Other type of lock or safe (including cabinet or other locked area),,,,,,,,,,,,No,,No,Yes,Rural,18-29,iOS Phone / Tablet,Male,"$50,000-$74,999",East North Central
118440855863,453292315,10/11/2023 12:01:51 PM,10/11/2023 12:02:37 PM,,,,,8a9937f628c3712479aababcdb,smc,Female,35-54,"North East (Chicago, Suburbs of Chicago, Joliet, Aurora, Waukegan, Evanston, etc.)",All locked,,,,Locked safe or case (not biometric),,,,,,Locked safe or case (not biometric) secured to vehicle,,,Yes,Children not old enough/don't visit other homes,,No/don't recall,Suburban,30-44,iOS Phone / Tablet,Female,Prefer not to answer,East North Central
118440855498,453292315,10/11/2023 12:01:10 PM,10/11/2023 12:02:20 PM,,,,,a2e16a5d146d42a5ac05701bf3,smc,Male,35-54,"North East (Chicago, Suburbs of Chicago, Joliet, Aurora, Waukegan, Evanston, etc.)",All locked,,Cable lock,,,,,,,,Locked safe or case (not biometric) secured to vehicle,"Trunk, glovebox, under seat or other hidden but unsecured place",,Yes,Children not old enough/don't visit other homes,,Yes,Suburban,30-44,iOS Phone / Tablet,Male,"$200,000+",East North Central
118440853089,453292315,10/11/2023 11:58:51 AM,10/11/2023 12:00:05 PM,,,,,2c378212cf67b051f148da153c,smc,Female,35-54,"Central (Peoria, Champaign, Springfield, etc.)",No firearms in home or vehicles,"Biometric (fingerprint, etc.) safe",,,,,,,,,,,,Yes,No,,Yes,Rural,30-44,Android Phone / Tablet,Female,"$25,000-$49,999",East North Central
118440851955,453292315,10/11/2023 11:58:20 AM,10/11/2023 11:59:08 AM,,,,,e6d292ad7d283d2356574c952b,smc,Female,21-34,"Central (Peoria, Champaign, Springfield, etc.)",No firearms in home or vehicles,Locked safe or case (not biometric),,,,,,,,,,,,No,,No,No/don't recall,Rural,18-29,iOS Phone / Tablet,Female,"$10,000-$24,999",East North Central
118440847505,453292315,10/11/2023 11:54:47 AM,10/11/2023 11:55:49 AM,,,,,d5f4a438ea9d9ddf03bbecbcf2,smc,Male,55+,"North West or North Central (Rockford, DeKalb, Moline, Rock Island, etc.)",No firearms in home or vehicles,Locked safe or case (not biometric),,,,,,,,,,,,No,,Yes,Yes,Suburban,> 60,Windows Desktop / Laptop,Male,"$75,000-$99,999",East North Central
118440846166,453292315,10/11/2023 11:51:57 AM,10/11/2023 11:54:04 AM,,,,,73b59e0e6a0d47be6805f9dc17,smc,Female,35-54,"North East (Chicago, Suburbs of Chicago, Joliet, Aurora, Waukegan, Evanston, etc.)","Some locked, some unlocked",,,,Locked safe or case (not biometric),,,"Drawer, nightstand or other UNLOCKED area",,,,"Trunk, glovebox, under seat or other hidden but unsecured place",,Yes,No,,Yes,Rural,30-44,Android Phone / Tablet,Female,"$25,000-$49,999",East North Central
118440845224,453292315,10/11/2023 11:52:44 AM,10/11/2023 11:53:47 AM,,,,,0e099b0d314b539debf9b576e5,smc,Male,21-34,"North West or North Central (Rockford, DeKalb, Moline, Rock Island, etc.)",No firearms in home or vehicles,Cable Lock,,,,,,,,,,,,No,,No,No/don't recall,Suburban,> 60,Android Phone / Tablet,Male,"$0-$9,999",Middle Atlantic
118440843215,453292315,10/11/2023 11:50:27 AM,10/11/2023 11:51:41 AM,,,,,f3e3125a820c40490aa1a9d187,smc,Male,21-34,"Southern (Carbondale, Mount Vernon, East St. Louis, etc.)",All Unlocked,,,,,,,"Drawer, nightstand or other UNLOCKED area",,,,"Trunk, glovebox, under seat or other hidden but unsecured place",No firearms in any household vehicles,Yes,No,,Yes,Urban/city,18-29,iOS Phone / Tablet,Male,"$50,000-$74,999",East North Central
118440841635,453292315,10/11/2023 11:48:40 AM,10/11/2023 11:50:13 AM,,,,,851506fa74d73dfc715f583037,smc,Female,21-34,"North East (Chicago, Suburbs of Chicago, Joliet, Aurora, Waukegan, Evanston, etc.)",No firearms in home or vehicles,Locked safe or case (not biometric),,,,,,,,,,,,No,,Yes,No/don't recall,Urban/city,18-29,iOS Phone / Tablet,Female,"$25,000-$49,999",East North Central
118440840663,453292315,10/11/2023 11:38:12 AM,10/11/2023 11:49:15 AM,,,,,f34a5e32cd5cb7333a20399deb,smc,Male,21-34,"North East (Chicago, Suburbs of Chicago, Joliet, Aurora, Waukegan, Evanston, etc.)",All locked,,,"Biometric (Fingerprint, etc.) safe",Locked safe or case (not biometric),,,,,,,,No firearms in any household vehicles,No,,No,Yes,Rural,30-44,Android Phone / Tablet,Male,Prefer not to answer,East North Central
118440839768,453292315,10/11/2023 11:46:34 AM,10/11/2023 11:48:21 AM,,,,,5f66576763357322b35eca5158,smc,Female,35-54,"Central (Peoria, Champaign, Springfield, etc.)",All locked,,,,Locked safe or case (not biometric),,,,,,,,No firearms in any household vehicles,No,,No,Yes,Rural,30-44,iOS Phone / Tablet,Female,"$50,000-$74,999",East North Central
118440838502,453292315,10/11/2023 11:43:48 AM,10/11/2023 11:47:12 AM,,,,,3d53cfa2d045269331a518cded,smc,Female,35-54,"North East (Chicago, Suburbs of Chicago, Joliet, Aurora, Waukegan, Evanston, etc.)",All locked,,Cable lock,"Biometric (Fingerprint, etc.) safe",Locked safe or case (not biometric),Trigger Lock,Other type of lock or safe (including locked cabinet or other locked area),"Drawer, nightstand or other UNLOCKED area",,,Locked safe or case (not biometric) secured to vehicle,"Trunk, glovebox, under seat or other hidden but unsecured place",,Yes,No,,Yes,Urban/city,30-44,iOS Phone / Tablet,Female,"$50,000-$74,999",East North Central
118440836988,453292315,10/11/2023 11:45:30 AM,10/11/2023 11:45:43 AM,,,,,8f4f7c74be52f0de604b75354d,smc,Male,35-54,"Central (Peoria, Champaign, Springfield, etc.)",All Unlocked,,,,Locked safe or case (not biometric),,Other type of lock or safe (including locked cabinet or other locked area),,,"Biometric (fingerprint, etc.) safe secured to vehicle",,"Trunk, glovebox, under seat or other hidden but unsecured place",,Yes,No,,Yes,Rural,18-29,iOS Phone / Tablet,Male,"$100,000-$124,999",East North Central
118440834511,453292315,10/11/2023 11:40:27 AM,10/11/2023 11:43:38 AM,,,,,55bd2f0bccbeaa3425f83c74d5,smc,Male,55+,"Central (Peoria, Champaign, Springfield, etc.)",All Unlocked,,,,Locked safe or case (not biometric),,Other type of lock or safe (including locked cabinet or other locked area),,,,,,No firearms in any household vehicles,No,,No,Yes,Suburban,> 60,Android Phone / Tablet,Male,"$10,000-$24,999",East North Central
118440832250,453292315,10/11/2023 11:38:21 AM,10/11/2023 11:41:36 AM,,,,,5065ac7ff4187945e613b58b0e,smc,Female,35-54,"Central (Peoria, Champaign, Springfield, etc.)",No firearms in home or vehicles,"Biometric (fingerprint, etc.) safe",,,,,,,,,,,,No,,No,Yes,Rural,30-44,Android Phone / Tablet,Female,"$25,000-$49,999",East North Central
118440830651,453292315,10/11/2023 11:39:12 AM,10/11/2023 11:40:15 AM,,,,,c94010e784c9e4cbefc6b815f4,smc,Female,35-54,"Central (Peoria, Champaign, Springfield, etc.)",No firearms in home or vehicles,"Biometric (fingerprint, etc.) safe",,,,,,,,,,,,Yes,No,,Yes,Urban/city,30-44,Android Phone / Tablet,Female,"$10,000-$24,999",East North Central
118440821659,453292315,10/11/2023 11:31:20 AM,10/11/2023 11:32:13 AM,,,,,d8367b85f4e86a5fc602e394cd,smc,Male,35-54,"North East (Chicago, Suburbs of Chicago, Joliet, Aurora, Waukegan, Evanston, etc.)",No firearms in home or vehicles,Locked safe or case (not biometric),,,,,,,,,,,,Yes,Yes,,Yes,Suburban,30-44,Android Phone / Tablet,Male,"$200,000+",East North Central
118440821600,453292315,10/11/2023 11:31:12 AM,10/11/2023 11:32:09 AM,,,,,6beae82e87159f146b1415e2be,smc,Male,21-34,"North West or North Central (Rockford, DeKalb, Moline, Rock Island, etc.)",All locked,,,"Biometric (Fingerprint, etc.) safe",,,Other type of lock or safe (including locked cabinet or other locked area),,,,,,No firearms in any household vehicles,Yes,No,,Yes,Suburban,30-44,iOS Phone / Tablet,Male,"$0-$9,999",East North Central
118440821434,453292315,10/11/2023 11:31:19 AM,10/11/2023 11:32:00 AM,,,,,82e05de842799bba6ffc704471,smc,Male,21-34,"North West or North Central (Rockford, DeKalb, Moline, Rock Island, etc.)",No firearms in home or vehicles,"Biometric (fingerprint, etc.) safe",,,,,,,,,,,,Yes,Children not old enough/don't visit other homes,,Yes,Suburban,30-44,Android Phone / Tablet,Male,"$25,000-$49,999",East North Central
118440820386,453292315,10/11/2023 11:30:29 AM,10/11/2023 11:31:00 AM,,,,,124104036977cd62b8191f87d9,smc,Male,21-34,"North East (Chicago, Suburbs of Chicago, Joliet, Aurora, Waukegan, Evanston, etc.)",All locked,,Cable lock,,,,,,,,,"Trunk, glovebox, under seat or other hidden but unsecured place",,No,,No,Yes,Rural,18-29,iOS Phone / Tablet,Male,"$150,000-$174,999",East North Central
118440809572,453292315,10/11/2023 11:15:52 AM,10/11/2023 11:20:41 AM,,,,,393fbc3c5cf13f9c0b999178e9,smc,Male,35-54,"North West or North Central (Rockford, DeKalb, Moline, Rock Island, etc.)",No firearms in home or vehicles,"Biometric (fingerprint, etc.) safe",,,,,,,,,,,,No,,Yes,Yes,Rural,45-60,Android Phone / Tablet,Male,"$25,000-$49,999",East North Central
118440803711,453292315,10/11/2023 11:14:40 AM,10/11/2023 11:16:23 AM,,,,,f4cf01d846d001f0f946c2c11d,smc,Male,55+,"North East (Chicago, Suburbs of Chicago, Joliet, Aurora, Waukegan, Evanston, etc.)",All Unlocked,,,,,,,"Drawer, nightstand or other UNLOCKED area",,,,,No firearms in any household vehicles,No,,Yes,Yes,Suburban,> 60,Android Phone / Tablet,Male,"$150,000-$174,999",East North Central
118440804256,453292315,10/11/2023 11:15:12 AM,10/11/2023 11:15:49 AM,,,,,20e819086f79e95109a7d55f66,smc,Female,21-34,"North East (Chicago, Suburbs of Chicago, Joliet, Aurora, Waukegan, Evanston, etc.)",All locked,,,"Biometric (Fingerprint, etc.) safe",,,,,,,,,No firearms in any household vehicles,Yes,Children not old enough/don't visit other homes,,Yes,Urban/city,30-44,Android Phone / Tablet,Female,"$50,000-$74,999",East North Central
118440804027,453292315,10/11/2023 11:15:28 AM,10/11/2023 11:15:37 AM,,,,,16e9ee4d92a5703a2bf326c848,smc,Male,35-54,"North East (Chicago, Suburbs of Chicago, Joliet, Aurora, Waukegan, Evanston, etc.)",All Unlocked,,,,,,,"Drawer, nightstand or other UNLOCKED area",,,Locked safe or case (not biometric) secured to vehicle,,,No,,Yes,Yes,Urban/city,18-29,iOS Phone / Tablet,Male,"$25,000-$49,999",East North Central
118440803920,453292315,10/11/2023 11:14:40 AM,10/11/2023 11:15:31 AM,,,,,8134d98bd79e2f1e8254fec048,smc,Female,21-34,"Central (Peoria, Champaign, Springfield, etc.)",All locked,,,,Locked safe or case (not biometric),,,,,,Locked safe or case (not biometric) secured to vehicle,,,Yes,No,,Yes,Suburban,18-29,iOS Phone / Tablet,Female,"$25,000-$49,999",East North Central
118440783160,453292315,10/11/2023 10:56:16 AM,10/11/2023 10:56:43 AM,,,,,0803cd26ee9d67c59249168916,smc,Female,21-34,"Central (Peoria, Champaign, Springfield, etc.)",All locked,,,,,,,"Drawer, nightstand or other UNLOCKED area",,,,"Trunk, glovebox, under seat or other hidden but unsecured place",,Yes,Yes,,Yes,Urban/city,30-44,iOS Phone / Tablet,Female,"$50,000-$74,999",East North Central
118440779869,453292315,10/11/2023 10:52:52 AM,10/11/2023 10:53:27 AM,,,,,1821610dda9bf49ed581d32913,smc,Male,35-54,"North East (Chicago, Suburbs of Chicago, Joliet, Aurora, Waukegan, Evanston, etc.)",All locked,,,,,,Other type of lock or safe (including locked cabinet or other locked area),,,,,,No firearms in any household vehicles,No,,No,Yes,Suburban,45-60,Android Phone / Tablet,Male,"$50,000-$74,999",East North Central
118440778342,453292315,10/11/2023 10:51:02 AM,10/11/2023 10:51:56 AM,,,,,79cb390d90d18208c9da6eb13c,smc,Female,35-54,"North West or North Central (Rockford, DeKalb, Moline, Rock Island, etc.)",No firearms in home or vehicles,Locked safe or case (not biometric),,,,,,,,,,,,No,,No,Yes,Suburban,30-44,Android Phone / Tablet,Female,"$50,000-$74,999",East North Central
118440774671,453292315,10/11/2023 10:47:00 AM,10/11/2023 10:48:22 AM,,,,,0c8343c15a61387671abc692ba,smc,Female,21-34,"North East (Chicago, Suburbs of Chicago, Joliet, Aurora, Waukegan, Evanston, etc.)",No firearms in home or vehicles,Locked safe or case (not biometric),,,,,,,,,,,,No,,Yes,Yes,Urban/city,18-29,Android Phone / Tablet,Female,"$50,000-$74,999",East North Central
118440773228,453292315,10/11/2023 10:46:20 AM,10/11/2023 10:47:02 AM,,,,,de23293edc210634e59e8f6bfa,smc,Male,21-34,"North East (Chicago, Suburbs of Chicago, Joliet, Aurora, Waukegan, Evanston, etc.)",No firearms in home or vehicles,Other type of lock or safe (including cabinet or other locked area),,,,,,,,,,,,No,,No,Yes,Urban/city,30-44,Android Phone / Tablet,Male,"$10,000-$24,999",East North Central
118440772844,453292315,10/11/2023 10:45:29 AM,10/11/2023 10:46:38 AM,,,,,b3b30e245b618704af7433f99b,smc,Male,21-34,"North West or North Central (Rockford, DeKalb, Moline, Rock Island, etc.)",No firearms in home or vehicles,"Biometric (fingerprint, etc.) safe",,,,,,,,,,,,No,,No,No/don't recall,Suburban,18-29,Android Phone / Tablet,Male,"$150,000-$174,999",East North Central
118440765509,453292315,10/11/2023 10:39:33 AM,10/11/2023 10:39:51 AM,,,,,758fdf244492a61d2369e90f52,smc,Male,35-54,"North East (Chicago, Suburbs of Chicago, Joliet, Aurora, Waukegan, Evanston, etc.)",All locked,,,,,,Other type of lock or safe (including locked cabinet or other locked area),"Drawer, nightstand or other UNLOCKED area",,,,"Trunk, glovebox, under seat or other hidden but unsecured place",,No,,No,No/don't recall,Suburban,18-29,iOS Phone / Tablet,Male,"$100,000-$124,999",East North Central
118440760201,453292315,10/11/2023 10:33:57 AM,10/11/2023 10:35:04 AM,,,,,84744e02f774eda0c46fe660d5,smc,Male,35-54,"North East (Chicago, Suburbs of Chicago, Joliet, Aurora, Waukegan, Evanston, etc.)",No firearms in home or vehicles,Other type of lock or safe (including cabinet or other locked area),,,,,,,,,,,,Yes,No,,No/don't recall,Suburban,30-44,iOS Phone / Tablet,Male,Prefer not to answer,East North Central
118440758042,453292315,10/11/2023 10:31:36 AM,10/11/2023 10:33:05 AM,,,,,0f2534ef8f57eec0b7bcc01e1a,smc,Female,35-54,"North West or North Central (Rockford, DeKalb, Moline, Rock Island, etc.)",No firearms in home or vehicles,"Biometric (fingerprint, etc.) safe",,,,,,,,,,,,Yes,No,,No/don't recall,Rural,30-44,iOS Phone / Tablet,Female,"$25,000-$49,999",East North Central
118440756639,453292315,10/11/2023 10:30:45 AM,10/11/2023 10:31:47 AM,,,,,ece46fe9439940ad65aa8cc604,smc,Male,21-34,"North West or North Central (Rockford, DeKalb, Moline, Rock Island, etc.)",No firearms in home or vehicles,"Biometric (fingerprint, etc.) safe",,,,,,,,,,,,No,,No,No/don't recall,Suburban,18-29,Android Phone / Tablet,Male,"$25,000-$49,999",East North Central
118440755626,453292315,10/11/2023 10:30:11 AM,10/11/2023 10:30:52 AM,,,,,26b35442ed2db8510b6a765f85,smc,Female,21-34,"North East (Chicago, Suburbs of Chicago, Joliet, Aurora, Waukegan, Evanston, etc.)",No firearms in home or vehicles,Locked safe or case (not biometric),,,,,,,,,,,,No,,No,Yes,Urban/city,18-29,iOS Phone / Tablet,Female,"$50,000-$74,999",East North Central
118440755150,453292315,10/11/2023 10:28:34 AM,10/11/2023 10:30:26 AM,,,,,9924dcec989694c3458c556d8b,smc,Female,35-54,"North East (Chicago, Suburbs of Chicago, Joliet, Aurora, Waukegan, Evanston, etc.)",No firearms in home or vehicles,Locked safe or case (not biometric),,,,,,,,,,,,Yes,No,,Yes,Rural,30-44,iOS Phone / Tablet,Female,"$0-$9,999",East North Central
118440754451,453292315,10/11/2023 10:28:29 AM,10/11/2023 10:29:46 AM,,,,,85dd406d655ba4296b05a4771f,smc,Female,21-34,"North East (Chicago, Suburbs of Chicago, Joliet, Aurora, Waukegan, Evanston, etc.)",No firearms in home or vehicles,Locked safe or case (not biometric),,,,,,,,,,,,Yes,No,,Yes,Suburban,18-29,iOS Phone / Tablet,Female,"$0-$9,999",East North Central
118440754439,453292315,10/11/2023 10:28:55 AM,10/11/2023 10:29:45 AM,,,,,703b59a59a5f111551b74c0bc0,smc,Female,35-54,"Central (Peoria, Champaign, Springfield, etc.)",No firearms in home or vehicles,Other type of lock or safe (including cabinet or other locked area),,,,,,,,,,,,Yes,No,,Yes,Suburban,30-44,iOS Phone / Tablet,Female,"$100,000-$124,999",East North Central
118440745198,453292315,10/11/2023 10:18:17 AM,10/11/2023 10:20:59 AM,,,,,a7649a90430c7a15df4d40fa3f,smc,Male,55+,"North East (Chicago, Suburbs of Chicago, Joliet, Aurora, Waukegan, Evanston, etc.)",All locked,,,,Locked safe or case (not biometric),Trigger Lock,,,,,,,No firearms in any household vehicles,No,,Yes,Yes,Suburban,> 60,iOS Phone / Tablet,Male,"$200,000+",East North Central
118440744711,453292315,10/11/2023 10:19:59 AM,10/11/2023 10:20:33 AM,,,,,f76cc806d811d2595ff4992a97,smc,Female,21-34,"North East (Chicago, Suburbs of Chicago, Joliet, Aurora, Waukegan, Evanston, etc.)",No firearms in home or vehicles,Locked safe or case (not biometric),,,,,,,,,,,,No,,No,Yes,Urban/city,18-29,Android Phone / Tablet,Female,"$10,000-$24,999",East North Central
118440744679,453292315,10/11/2023 10:19:21 AM,10/11/2023 10:20:31 AM,,,,,99f4044388fb0b014405f11e4e,smc,Female,21-34,"North West or North Central (Rockford, DeKalb, Moline, Rock Island, etc.)",No firearms in home or vehicles,Locked safe or case (not biometric),,,,,,,,,,,,Yes,Children not old enough/don't visit other homes,,Yes,Urban/city,30-44,Android Phone / Tablet,Female,"$50,000-$74,999",East North Central
118440742585,453292315,10/11/2023 10:17:55 AM,10/11/2023 10:18:31 AM,,,,,0eed07f09250c1aec5ad30c3a0,smc,Female,21-34,"North East (Chicago, Suburbs of Chicago, Joliet, Aurora, Waukegan, Evanston, etc.)",No firearms in home or vehicles,Locked safe or case (not biometric),,,,,,,,,,,,No,,Yes,Yes,Suburban,18-29,Android Phone / Tablet,Female,"$0-$9,999",East North Central
118440741096,453292315,10/11/2023 10:15:18 AM,10/11/2023 10:17:04 AM,,,,,5f236e6e0c158672ea383a94ff,smc,Male,55+,"North East (Chicago, Suburbs of Chicago, Joliet, Aurora, Waukegan, Evanston, etc.)",No firearms in home or vehicles,Other type of lock or safe (including cabinet or other locked area),,,,,,,,,,,,No,,Yes,No/don't recall,Suburban,45-60,iOS Phone / Tablet,Male,"$25,000-$49,999",East North Central
118440740898,453292315,10/11/2023 10:16:18 AM,10/11/2023 10:16:53 AM,,,,,6b2b7c0734cb9fc3c610f56b55,smc,Male,21-34,"North East (Chicago, Suburbs of Chicago, Joliet, Aurora, Waukegan, Evanston, etc.)",No firearms in home or vehicles,Other type of lock or safe (including cabinet or other locked area),,,,,,,,,,,,No,,No,No/don't recall,Suburban,30-44,iOS Phone / Tablet,Male,"$10,000-$24,999",East North Central
118440739464,453292315,10/11/2023 10:13:50 AM,10/11/2023 10:15:32 AM,,,,,09998fcad2cb0fe5a2cd33dc5c,smc,Female,35-54,"North West or North Central (Rockford, DeKalb, Moline, Rock Island, etc.)",No firearms in home or vehicles,"Biometric (fingerprint, etc.) safe",,,,,,,,,,,,No,,Yes,Yes,Suburban,30-44,iOS Phone / Tablet,Female,"$0-$9,999",East North Central
118440722791,453292315,10/11/2023 10:00:33 AM,10/11/2023 10:01:12 AM,,,,,aeb4746b2f8d4a2db06f6a68a4,smc,Male,21-34,"North East (Chicago, Suburbs of Chicago, Joliet, Aurora, Waukegan, Evanston, etc.)",All locked,,,,,,,"Drawer, nightstand or other UNLOCKED area",,,,,No firearms in any household vehicles,No,,No,No/don't recall,Suburban,18-29,iOS Phone / Tablet,Male,Prefer not to answer,East North Central
118440721352,453292315,10/11/2023 09:58:45 AM,10/11/2023 10:00:00 AM,,,,,25f09755849b2db0651b955596,smc,Male,35-54,"North East (Chicago, Suburbs of Chicago, Joliet, Aurora, Waukegan, Evanston, etc.)",All locked,,,"Biometric (Fingerprint, etc.) safe",,,,,,,,,No firearms in any household vehicles,No,,No,Yes,Suburban,45-60,Android Phone / Tablet,Male,"$200,000+",East North Central
118440714443,453292315,10/11/2023 09:53:19 AM,10/11/2023 09:55:54 AM,,,,,ddfdf74ebad374bd0bc1a01054,smc,Male,55+,"Central (Peoria, Champaign, Springfield, etc.)",No firearms in home or vehicles,Trigger lock,,,,,,,,,,,,No,,No,Yes,Urban/city,> 60,Windows Desktop / Laptop,Male,"$125,000-$149,999",East North Central
118440685807,453292315,10/11/2023 09:26:44 AM,10/11/2023 09:28:28 AM,,,,,87b1fc9ffea725c5e57e9f45e2,smc,Male,55+,"North East (Chicago, Suburbs of Chicago, Joliet, Aurora, Waukegan, Evanston, etc.)",No firearms in home or vehicles,Other type of lock or safe (including cabinet or other locked area),,,,,,,,,,,,No,,Yes,Yes,Rural,> 60,MacOS Desktop / Laptop,Male,Prefer not to answer,East North Central
118440666421,453292315,10/11/2023 09:06:36 AM,10/11/2023 09:08:40 AM,,,,,fed557514a3143f49aceb7cd75,smc,Male,55+,"North East (Chicago, Suburbs of Chicago, Joliet, Aurora, Waukegan, Evanston, etc.)",No firearms in home or vehicles,Other type of lock or safe (including cabinet or other locked area),,,,,,,,,,,,No,,No,No/don't recall,Suburban,> 60,MacOS Desktop / Laptop,Male,"$200,000+",East North Central
118440627156,453292315,10/11/2023 08:26:09 AM,10/11/2023 08:28:08 AM,,,,,1b06da4b2bba9e157804563f5d,smc,Male,55+,"North East (Chicago, Suburbs of Chicago, Joliet, Aurora, Waukegan, Evanston, etc.)",No firearms in home or vehicles,Other type of lock or safe (including cabinet or other locked area),,,,,,,,,,,,Yes,No,,No/don't recall,Suburban,> 60,Android Phone / Tablet,Male,"$75,000-$99,999",East North Central
118440603442,453292315,10/11/2023 08:00:26 AM,10/11/2023 08:02:02 AM,,,,,af89162e4fadae3ebc649a7f4b,smc,Male,55+,"North East (Chicago, Suburbs of Chicago, Joliet, Aurora, Waukegan, Evanston, etc.)",No firearms in home or vehicles,Locked safe or case (not biometric),,,,,,,,,,,,No,,Yes,Yes,Urban/city,> 60,iOS Phone / Tablet,Male,"$10,000-$24,999",East North Central
118440592729,453292315,10/11/2023 07:49:50 AM,10/11/2023 07:50:51 AM,,,,,126e2e8593277385237cacfc66,smc,Male,55+,"North East (Chicago, Suburbs of Chicago, Joliet, Aurora, Waukegan, Evanston, etc.)",No firearms in home or vehicles,Other type of lock or safe (including cabinet or other locked area),,,,,,,,,,,,Yes,No,,No/don't recall,Suburban,> 60,Windows Desktop / Laptop,Male,"$100,000-$124,999",East North Central
118440565778,453292315,10/11/2023 07:16:49 AM,10/11/2023 07:19:21 AM,,,,,e4ff1032d0137a5cb246fc2656,smc,Male,55+,"Southern (Carbondale, Mount Vernon, East St. Louis, etc.)",No firearms in home or vehicles,"Biometric (fingerprint, etc.) safe",,,,,,,,,,,,Yes,No,,No/don't recall,Suburban,45-60,Windows Desktop / Laptop,Male,"$175,000-$199,999",East North Central
118440523424,453292315,10/11/2023 06:16:35 AM,10/11/2023 06:18:53 AM,,,,,3344ec4557f8a75bbccc94cb12,smc,Male,55+,"North West or North Central (Rockford, DeKalb, Moline, Rock Island, etc.)",All Unlocked,,Cable lock,,,,,,,,,,No firearms in any household vehicles,No,,No,Yes,Urban/city,> 60,Windows Desktop / Laptop,Male,"$10,000-$24,999",East North Central
118440519285,453292315,10/11/2023 06:10:19 AM,10/11/2023 06:11:35 AM,,,,,43150c27f093ea621588f234b7,smc,Male,55+,"Central (Peoria, Champaign, Springfield, etc.)",All locked,,,,Locked safe or case (not biometric),,,,,,,,No firearms in any household vehicles,No,,Yes,Yes,Rural,> 60,Windows Desktop / Laptop,Male,"$50,000-$74,999",East North Central
118440499983,453292315,10/11/2023 05:34:22 AM,10/11/2023 05:36:16 AM,,,,,a79a73f2f7b21a15092a24f13f,smc,Female,21-34,"North East (Chicago, Suburbs of Chicago, Joliet, Aurora, Waukegan, Evanston, etc.)",All locked,,,,Locked safe or case (not biometric),,,,,,,,No firearms in any household vehicles,Yes,No,,Yes,Suburban,30-44,iOS Phone / Tablet,Female,"$150,000-$174,999",East North Central
118440495865,453292315,10/11/2023 05:27:54 AM,10/11/2023 05:29:55 AM,,,,,5ff9d4165e539d77fcd8fb46f8,smc,Male,55+,"North East (Chicago, Suburbs of Chicago, Joliet, Aurora, Waukegan, Evanston, etc.)",No firearms in home or vehicles,"Biometric (fingerprint, etc.) safe",,,,,,,,,,,,No,,No,Yes,Suburban,> 60,Windows Desktop / Laptop,Male,"$25,000-$49,999",East North Central
118440358163,453292315,10/11/2023 01:03:31 AM,10/11/2023 01:05:32 AM,,,,,0b28150bbc481a00a8fd1d4b82,smc,Male,55+,"North East (Chicago, Suburbs of Chicago, Joliet, Aurora, Waukegan, Evanston, etc.)",All Unlocked,,,,,,,"Drawer, nightstand or other UNLOCKED area",,,,"Trunk, glovebox, under seat or other hidden but unsecured place",,No,,No,Yes,Suburban,> 60,Windows Desktop / Laptop,Male,"$150,000-$174,999",East North Central
118440321586,453292315,10/10/2023 11:30:28 PM,10/10/2023 11:31:28 PM,,,,,36fe44b46e7a6396c776a6dd42,smc,Male,55+,"North East (Chicago, Suburbs of Chicago, Joliet, Aurora, Waukegan, Evanston, etc.)",No firearms in home or vehicles,Other type of lock or safe (including cabinet or other locked area),,,,,,,,,,,,No,,No,Yes,Urban/city,> 60,iOS Phone / Tablet,Male,Prefer not to answer,East North Central
118440302623,453292315,10/10/2023 10:45:05 PM,10/10/2023 10:47:22 PM,,,,,c5280319f4ce740945ee905895,smc,Male,55+,"North East (Chicago, Suburbs of Chicago, Joliet, Aurora, Waukegan, Evanston, etc.)",All Unlocked,,,,,,,"Drawer, nightstand or other UNLOCKED area",,,Locked safe or case (not biometric) secured to vehicle,,,No,,Yes,Yes,Suburban,> 60,Windows Desktop / Laptop,Male,"$200,000+",East North Central
118440293376,453292315,10/10/2023 10:18:22 PM,10/10/2023 10:26:25 PM,,,,,1308bb6d212b9d936bf1db9314,smc,Male,55+,"North East (Chicago, Suburbs of Chicago, Joliet, Aurora, Waukegan, Evanston, etc.)",No firearms in home or vehicles,"Biometric (fingerprint, etc.) safe",,,,,,,,,,,,No,,Yes,Yes,Suburban,> 60,Android Phone / Tablet,Male,"$50,000-$74,999",East North Central
118440293412,453292315,10/10/2023 10:23:49 PM,10/10/2023 10:26:00 PM,,,,,6e71a30b786544c72ca701a9ba,smc,Male,55+,"North East (Chicago, Suburbs of Chicago, Joliet, Aurora, Waukegan, Evanston, etc.)",No firearms in home or vehicles,"Biometric (fingerprint, etc.) safe",,,,,,,,,,,,No,,Yes,Yes,Suburban,> 60,iOS Phone / Tablet,Male,Prefer not to answer,East North Central
118440288656,453292315,10/10/2023 10:13:32 PM,10/10/2023 10:14:25 PM,,,,,f124ce88989f3cf7e50a16e192,smc,Male,55+,"Central (Peoria, Champaign, Springfield, etc.)",All locked,,,,,,Other type of lock or safe (including locked cabinet or other locked area),,,,,,No firearms in any household vehicles,No,,Yes,Yes,Urban/city,45-60,iOS Phone / Tablet,Male,"$100,000-$124,999",East North Central
118440286404,453292315,10/10/2023 10:07:59 PM,10/10/2023 10:09:14 PM,,,,,0c89b0ed67f9c08413582158bb,smc,Male,35-54,"North East (Chicago, Suburbs of Chicago, Joliet, Aurora, Waukegan, Evanston, etc.)",No firearms in home or vehicles,Locked safe or case (not biometric),,,,,,,,,,,,Yes,Yes,,No/don't recall,Suburban,45-60,iOS Phone / Tablet,Male,"$200,000+",East North Central
118440275438,453292315,10/10/2023 09:44:58 PM,10/10/2023 09:46:15 PM,,,,,273fadf4687cb748489f55d981,smc,Male,55+,"Central (Peoria, Champaign, Springfield, etc.)",No firearms in home or vehicles,"Drawer, nightstand, or other UNLOCKED area in home",,,,,,,,,,,,No,,Yes,Yes,Suburban,> 60,Android Phone / Tablet,Male,"$175,000-$199,999",East North Central
118440272871,453292315,10/10/2023 09:39:43 PM,10/10/2023 09:41:03 PM,,,,,c20d2a5cf44c55950a029dc5e2,smc,Male,55+,"Southern (Carbondale, Mount Vernon, East St. Louis, etc.)",No firearms in home or vehicles,"Drawer, nightstand, or other UNLOCKED area in home",,,,,,,,,,,,No,,No,Yes,Suburban,> 60,iOS Phone / Tablet,Male,"$25,000-$49,999",East North Central
118440263770,453292315,10/10/2023 09:21:18 PM,10/10/2023 09:22:51 PM,,,,,5e417a2aaafadfb3347ea88015,smc,Male,55+,"North East (Chicago, Suburbs of Chicago, Joliet, Aurora, Waukegan, Evanston, etc.)",No firearms in home or vehicles,"Biometric (fingerprint, etc.) safe",,,,,,,,,,,,No,,Yes,No/don't recall,Suburban,> 60,Android Phone / Tablet,Male,"$75,000-$99,999",East North Central
118440260953,453292315,10/10/2023 09:15:14 PM,10/10/2023 09:16:47 PM,,,,,4e92aee776f6ce9d8147a5227d,smc,Male,55+,"North East (Chicago, Suburbs of Chicago, Joliet, Aurora, Waukegan, Evanston, etc.)",No firearms in home or vehicles,"Drawer, nightstand, or other UNLOCKED area in home",,,,,,,,,,,,No,,Yes,Yes,Suburban,> 60,Windows Desktop / Laptop,Male,"$75,000-$99,999",East North Central
118440255504,453292315,10/10/2023 09:03:28 PM,10/10/2023 09:05:23 PM,,,,,4567b4524f2b5fe90b425e97a6,smc,Male,55+,"North East (Chicago, Suburbs of Chicago, Joliet, Aurora, Waukegan, Evanston, etc.)",No firearms in home or vehicles,Other type of lock or safe (including cabinet or other locked area),,,,,,,,,,,,Yes,No,,No/don't recall,Suburban,> 60,iOS Phone / Tablet,Male,"$200,000+",East North Central
118440232379,453292315,10/10/2023 08:18:52 PM,10/10/2023 08:20:25 PM,,,,,6d3ab28fb2ae6d6c82e15bd8da,smc,Male,55+,"North East (Chicago, Suburbs of Chicago, Joliet, Aurora, Waukegan, Evanston, etc.)",No firearms in home or vehicles,"Biometric (fingerprint, etc.) safe",,,,,,,,,,,,No,,No,No/don't recall,Urban/city,> 60,Android Phone / Tablet,Male,"$0-$9,999",East North Central
118440226471,453292315,10/10/2023 08:07:49 PM,10/10/2023 08:09:17 PM,,,,,e2b17aa1b102b9154f1e2a6164,smc,Male,55+,"Central (Peoria, Champaign, Springfield, etc.)",All Unlocked,,,,,,,"Drawer, nightstand or other UNLOCKED area",,,,"Trunk, glovebox, under seat or other hidden but unsecured place",,No,,No,Yes,Suburban,45-60,iOS Phone / Tablet,Male,"$25,000-$49,999",East North Central
118440222050,453292315,10/10/2023 07:59:29 PM,10/10/2023 08:01:19 PM,,,,,aec44eb5bd94fa495df1aeed00,smc,Male,55+,"Southern (Carbondale, Mount Vernon, East St. Louis, etc.)",All Unlocked,,,,,Trigger Lock,,,,,,,No firearms in any household vehicles,No,,Yes,Yes,Suburban,> 60,Android Phone / Tablet,Male,"$25,000-$49,999",East North Central
118440218927,453292315,10/10/2023 07:53:26 PM,10/10/2023 07:54:27 PM,,,,,09128fbe0df5079f13010b3911,smc,Male,55+,"Southern (Carbondale, Mount Vernon, East St. Louis, etc.)","Some locked, some unlocked",,,,,,Other type of lock or safe (including locked cabinet or other locked area),"Drawer, nightstand or other UNLOCKED area",,,,,No firearms in any household vehicles,No,,Yes,Yes,Rural,> 60,Android Phone / Tablet,Male,"$75,000-$99,999",East North Central
118440211389,453292315,10/10/2023 07:38:29 PM,10/10/2023 07:39:39 PM,,,,,85a54cdf9456179c2bc6849818,smc,Male,55+,"North East (Chicago, Suburbs of Chicago, Joliet, Aurora, Waukegan, Evanston, etc.)",No firearms in home or vehicles,Locked safe or case (not biometric),,,,,,,,,,,,No,,No,No/don't recall,Urban/city,45-60,Android Phone / Tablet,Male,Prefer not to answer,East North Central
118440204082,453292315,10/10/2023 07:24:09 PM,10/10/2023 07:24:31 PM,,,,,39073c5f7238f8f4148d3a82a3,smc,Male,35-54,"North East (Chicago, Suburbs of Chicago, Joliet, Aurora, Waukegan, Evanston, etc.)",All locked,,Cable lock,,Locked safe or case (not biometric),Trigger Lock,,,,"Biometric (fingerprint, etc.) safe secured to vehicle",,,,Yes,Yes,,Yes,Suburban,45-60,iOS Phone / Tablet,Male,"$75,000-$99,999",East North Central
118440198730,453292315,10/10/2023 07:13:20 PM,10/10/2023 07:14:45 PM,,,,,161c4071c7f3f67965ed25bb7c,smc,Male,55+,"Southern (Carbondale, Mount Vernon, East St. Louis, etc.)",No firearms in home or vehicles,"Drawer, nightstand, or other UNLOCKED area in home",,,,,,,,,,,,No,,No,Yes,Rural,> 60,MacOS Desktop / Laptop,Male,"$50,000-$74,999",East North Central
118440191082,453292315,10/10/2023 06:58:44 PM,10/10/2023 07:00:07 PM,,,,,82867b5a6f46689f957ce80284,smc,Male,55+,"Central (Peoria, Champaign, Springfield, etc.)","Some locked, some unlocked",,,,,,Other type of lock or safe (including locked cabinet or other locked area),,,,,,No firearms in any household vehicles,No,,No,Yes,Suburban,> 60,iOS Phone / Tablet,Male,"$75,000-$99,999",East North Central
118440182743,453292315,10/10/2023 06:41:42 PM,10/10/2023 06:43:33 PM,,,,,4a8f9936a4f1019b27b83fd5b7,smc,Male,35-54,"Central (Peoria, Champaign, Springfield, etc.)","Some locked, some unlocked",,,,,,,"Drawer, nightstand or other UNLOCKED area",,,,,No firearms in any household vehicles,Yes,Children not old enough/don't visit other homes,,Yes,Urban/city,45-60,Android Phone / Tablet,Male,"$50,000-$74,999",East North Central
118440179610,453292315,10/10/2023 06:37:28 PM,10/10/2023 06:38:22 PM,,,,,6075df4ff498e16b572d03a29d,smc,Male,35-54,"North East (Chicago, Suburbs of Chicago, Joliet, Aurora, Waukegan, Evanston, etc.)",No firearms in home or vehicles,"Drawer, nightstand, or other UNLOCKED area in home",,,,,,,,,,,,No,,Yes,Yes,Suburban,45-60,iOS Phone / Tablet,Male,Prefer not to answer,East North Central
118440176144,453292315,10/10/2023 06:31:05 PM,10/10/2023 06:32:35 PM,,,,,7e92a4242f8b39c8418c5bbba8,smc,Male,55+,"North East (Chicago, Suburbs of Chicago, Joliet, Aurora, Waukegan, Evanston, etc.)",No firearms in home or vehicles,Cable Lock,,,,,,,,,,,,No,,Yes,Yes,Suburban,> 60,iOS Phone / Tablet,Male,"$25,000-$49,999",East North Central
118440172251,453292315,10/10/2023 06:24:35 PM,10/10/2023 06:25:36 PM,,,,,e7555d172e05a8ac364887af72,smc,Male,55+,"Central (Peoria, Champaign, Springfield, etc.)",No firearms in home or vehicles,Cable Lock,,,,,,,,,,,,No,,Yes,Yes,Rural,> 60,Windows Desktop / Laptop,Male,"$75,000-$99,999",East North Central
118440166225,453292315,10/10/2023 06:12:19 PM,10/10/2023 06:14:51 PM,,,,,b7e551546233bf6d5a0e0d4f84,smc,Female,55+,"North East (Chicago, Suburbs of Chicago, Joliet, Aurora, Waukegan, Evanston, etc.)",All Unlocked,,,"Biometric (Fingerprint, etc.) safe",Locked safe or case (not biometric),,Other type of lock or safe (including locked cabinet or other locked area),,,"Biometric (fingerprint, etc.) safe secured to vehicle",,"Trunk, glovebox, under seat or other hidden but unsecured place",,Yes,No,,No/don't recall,Urban/city,45-60,iOS Phone / Tablet,Female,"$25,000-$49,999",East North Central
118440166189,453292315,10/10/2023 06:13:41 PM,10/10/2023 06:14:48 PM,,,,,07d54335875cc76990c36d0d93,smc,Female,35-54,"North East (Chicago, Suburbs of Chicago, Joliet, Aurora, Waukegan, Evanston, etc.)",No firearms in home or vehicles,"Biometric (fingerprint, etc.) safe",,,,,,,,,,,,Yes,No,,Yes,Suburban,45-60,iOS Phone / Tablet,Female,"$200,000+",East North Central
118440164799,453292315,10/10/2023 06:12:11 PM,10/10/2023 06:13:11 PM,,,,,1e93b23633d4745b1f9ef99abc,smc,Female,55+,"North West or North Central (Rockford, DeKalb, Moline, Rock Island, etc.)",No firearms in home or vehicles,Locked safe or case (not biometric),,,,,,,,,,,,No,,Yes,Yes,Suburban,> 60,MacOS Desktop / Laptop,Female,"$50,000-$74,999",East North Central
118440161594,453292315,10/10/2023 06:06:40 PM,10/10/2023 06:08:33 PM,,,,,08db3cb5ddb325d2fe5025605b,smc,Female,55+,"North East (Chicago, Suburbs of Chicago, Joliet, Aurora, Waukegan, Evanston, etc.)",No firearms in home or vehicles,"Biometric (fingerprint, etc.) safe",,,,,,,,,,,,No,,No,Yes,Urban/city,> 60,MacOS Desktop / Laptop,Female,"$25,000-$49,999",East North Central
118440159588,453292315,10/10/2023 06:02:34 PM,10/10/2023 06:03:43 PM,,,,,3d70d9736b5d6da3f497793690,smc,Male,55+,"Central (Peoria, Champaign, Springfield, etc.)",All locked,,,"Biometric (Fingerprint, etc.) safe",,,,,,,,,No firearms in any household vehicles,No,,No,Yes,Rural,> 60,iOS Phone / Tablet,Male,"$75,000-$99,999",East North Central
118440152827,453292315,10/10/2023 05:50:52 PM,10/10/2023 05:53:18 PM,,,,,ad9169e368a308609d807aca0e,smc,Female,55+,"North East (Chicago, Suburbs of Chicago, Joliet, Aurora, Waukegan, Evanston, etc.)",No firearms in home or vehicles,"Biometric (fingerprint, etc.) safe",,,,,,,,,,,,No,,Yes,No/don't recall,Suburban,> 60,iOS Phone / Tablet,Female,"$50,000-$74,999",East North Central
118440152429,453292315,10/10/2023 05:51:35 PM,10/10/2023 05:52:51 PM,,,,,7e21fb3eff1397ea6529aa0e5c,smc,Male,55+,"North East (Chicago, Suburbs of Chicago, Joliet, Aurora, Waukegan, Evanston, etc.)",All locked,,,,Locked safe or case (not biometric),,,,,,,,No firearms in any household vehicles,No,,Yes,Yes,Suburban,> 60,Windows Desktop / Laptop,Male,"$75,000-$99,999",East North Central
118440149587,453292315,10/10/2023 05:44:57 PM,10/10/2023 05:47:46 PM,,,,,10dac53ac02027cee2ef840246,smc,Female,55+,"Central (Peoria, Champaign, Springfield, etc.)",No firearms in home or vehicles,"Biometric (fingerprint, etc.) safe",,,,,,,,,,,,Yes,Yes,,Yes,Urban/city,> 60,Windows Desktop / Laptop,Female,"$25,000-$49,999",East North Central
118440149679,453292315,10/10/2023 05:47:10 PM,10/10/2023 05:47:31 PM,,,,,869b8ecaa6bca84811a71763dd,smc,Male,55+,"North West or North Central (Rockford, DeKalb, Moline, Rock Island, etc.)",No firearms in home or vehicles,,,,,,,,,,,,,,,,,,,,,,
118440143713,453292315,10/10/2023 05:37:14 PM,10/10/2023 05:37:37 PM,,,,,158412be2a3bad68d6be50205a,smc,Female,55+,"North East (Chicago, Suburbs of Chicago, Joliet, Aurora, Waukegan, Evanston, etc.)",No firearms in home or vehicles,,,,,,,,,,,,,,,,,,,,,,
118440141270,453292315,10/10/2023 05:33:02 PM,10/10/2023 05:33:51 PM,,,,,7fbf88098472258709e3b92456,smc,Female,55+,"Southern (Carbondale, Mount Vernon, East St. Louis, etc.)",No firearms in home or vehicles,Locked safe or case (not biometric),,,,,,,,,,,,No,,No,No/don't recall,Rural,> 60,Android Phone / Tablet,Female,"$10,000-$24,999",East North Central
118440139290,453292315,10/10/2023 05:29:36 PM,10/10/2023 05:31:54 PM,,,,,74a6caf125efa434eaeb5d0dcd,smc,Female,55+,"North East (Chicago, Suburbs of Chicago, Joliet, Aurora, Waukegan, Evanston, etc.)",No firearms in home or vehicles,"Biometric (fingerprint, etc.) safe",,,,,,,,,,,,No,,Yes,Yes,Suburban,> 60,Windows Desktop / Laptop,Female,"$75,000-$99,999",East North Central
118440137048,453292315,10/10/2023 05:26:14 PM,10/10/2023 05:27:39 PM,,,,,7d924ba46c6fb48d5a35af97df,smc,Female,55+,"North East (Chicago, Suburbs of Chicago, Joliet, Aurora, Waukegan, Evanston, etc.)",No firearms in home or vehicles,Locked safe or case (not biometric),,,,,,,,,,,,No,,Yes,Yes,Suburban,> 60,MacOS Desktop / Laptop,Female,"$10,000-$24,999",East North Central
118440135367,453292315,10/10/2023 05:22:33 PM,10/10/2023 05:24:05 PM,,,,,a344994175dd4cfad49d8bd8a6,smc,Male,55+,"North East (Chicago, Suburbs of Chicago, Joliet, Aurora, Waukegan, Evanston, etc.)",No firearms in home or vehicles,Other type of lock or safe (including cabinet or other locked area),,,,,,,,,,,,No,,Yes,Yes,Suburban,> 60,iOS Phone / Tablet,Male,"$50,000-$74,999",East North Central
118440134057,453292315,10/10/2023 05:21:45 PM,10/10/2023 05:22:53 PM,,,,,8af9878f1daf863a8fdc34b5cc,smc,Female,55+,"North East (Chicago, Suburbs of Chicago, Joliet, Aurora, Waukegan, Evanston, etc.)",No firearms in home or vehicles,Locked safe or case (not biometric),,,,,,,,,,,,No,,Yes,Yes,Suburban,> 60,MacOS Desktop / Laptop,Female,"$175,000-$199,999",East North Central
118440133853,453292315,10/10/2023 05:21:12 PM,10/10/2023 05:22:40 PM,,,,,ca641648a8c5865cb156db2f18,smc,Female,55+,"North West or North Central (Rockford, DeKalb, Moline, Rock Island, etc.)",No firearms in home or vehicles,Locked safe or case (not biometric),,,,,,,,,,,,No,,Yes,No/don't recall,Rural,> 60,iOS Phone / Tablet,Female,Prefer not to answer,East North Central
118440132240,453292315,10/10/2023 05:18:25 PM,10/10/2023 05:19:10 PM,,,,,5cfaef51ca27604107ad120891,smc,Male,35-54,"North East (Chicago, Suburbs of Chicago, Joliet, Aurora, Waukegan, Evanston, etc.)",All locked,,,,,Trigger Lock,,,,,Locked safe or case (not biometric) secured to vehicle,,,Yes,Yes,,Yes,Suburban,30-44,iOS Phone / Tablet,Male,"$25,000-$49,999",East North Central
118440130077,453292315,10/10/2023 05:15:43 PM,10/10/2023 05:17:20 PM,,,,,345a426687bea5572db737d909,smc,Female,55+,"North East (Chicago, Suburbs of Chicago, Joliet, Aurora, Waukegan, Evanston, etc.)",No firearms in home or vehicles,Locked safe or case (not biometric),,,,,,,,,,,,No,,No,Yes,Suburban,> 60,MacOS Desktop / Laptop,Female,Prefer not to answer,East North Central
118440129322,453292315,10/10/2023 05:13:37 PM,10/10/2023 05:16:24 PM,,,,,320e6ba4ef798d0b65b4094b17,smc,Female,55+,"North East (Chicago, Suburbs of Chicago, Joliet, Aurora, Waukegan, Evanston, etc.)",No firearms in home or vehicles,Locked safe or case (not biometric),,,,,,,,,,,,No,,Yes,Yes,Suburban,> 60,Android Phone / Tablet,Female,"$100,000-$124,999",East North Central
118440126830,453292315,10/10/2023 05:11:30 PM,10/10/2023 05:12:27 PM,,,,,ab3c29291fb78529febfaf8ac3,smc,Female,55+,"Central (Peoria, Champaign, Springfield, etc.)",No firearms in home or vehicles,Locked safe or case (not biometric),,,,,,,,,,,,No,,No,Yes,Suburban,> 60,Windows Desktop / Laptop,Female,"$50,000-$74,999",East North Central
118440125513,453292315,10/10/2023 05:09:32 PM,10/10/2023 05:11:53 PM,,,,,5e93be908ffebc50e4e88842e8,smc,Female,55+,"North East (Chicago, Suburbs of Chicago, Joliet, Aurora, Waukegan, Evanston, etc.)",No firearms in home or vehicles,Other type of lock or safe (including cabinet or other locked area),,,,,,,,,,,,No,,Yes,Yes,Suburban,> 60,Android Phone / Tablet,Female,"$75,000-$99,999",Mountain
118440125416,453292315,10/10/2023 05:09:32 PM,10/10/2023 05:11:05 PM,,,,,750562a60db645ec5ce5bdd5fa,smc,Male,55+,"North West or North Central (Rockford, DeKalb, Moline, Rock Island, etc.)",No firearms in home or vehicles,"Drawer, nightstand, or other UNLOCKED area in home",,,,,,,,,,,,No,,Yes,No/don't recall,Urban/city,> 60,Android Phone / Tablet,Male,"$25,000-$49,999",East North Central
118440125774,453292315,10/10/2023 05:10:17 PM,10/10/2023 05:11:01 PM,,,,,7be0c9ce5f3442feb042744b09,smc,Female,55+,"North East (Chicago, Suburbs of Chicago, Joliet, Aurora, Waukegan, Evanston, etc.)",No firearms in home or vehicles,Locked safe or case (not biometric),,,,,,,,,,,,No,,Yes,No/don't recall,Urban/city,> 60,Android Phone / Tablet,Female,"$200,000+",East North Central
118440124888,453292315,10/10/2023 05:07:51 PM,10/10/2023 05:09:16 PM,,,,,a1f800919120ca9b106e336479,smc,Female,35-54,"North East (Chicago, Suburbs of Chicago, Joliet, Aurora, Waukegan, Evanston, etc.)",No firearms in home or vehicles,Trigger lock,,,,,,,,,,,,No,,No,Yes,Suburban,45-60,iOS Phone / Tablet,Female,"$10,000-$24,999",East North Central
118440123861,453292315,10/10/2023 05:03:08 PM,10/10/2023 05:07:51 PM,,,,,7800875c0c5102cf2a767220cd,smc,Female,55+,"North East (Chicago, Suburbs of Chicago, Joliet, Aurora, Waukegan, Evanston, etc.)",All locked,,,,,,Other type of lock or safe (including locked cabinet or other locked area),,,,,,No firearms in any household vehicles,No,,Yes,Yes,Suburban,45-60,iOS Phone / Tablet,Female,"$75,000-$99,999",East North Central
118440122712,453292315,10/10/2023 05:01:50 PM,10/10/2023 05:06:20 PM,,,,,aa1025834c5bce39241a89d84d,smc,Female,55+,"North East (Chicago, Suburbs of Chicago, Joliet, Aurora, Waukegan, Evanston, etc.)",No firearms in home or vehicles,Locked safe or case (not biometric),,,,,,,,,,,,No,,Yes,Yes,Urban/city,> 60,iOS Phone / Tablet,Female,"$10,000-$24,999",East North Central
118440120998,453292315,10/10/2023 05:03:24 PM,10/10/2023 05:04:09 PM,,,,,2b1e1fa4b75fe99313d2c21bb9,smc,Male,21-34,"Southern (Carbondale, Mount Vernon, East St. Louis, etc.)",No firearms in home or vehicles,Locked safe or case (not biometric),,,,,,,,,,,,Yes,Children not old enough/don't visit other homes,,No/don't recall,Rural,30-44,Android Phone / Tablet,Male,"$75,000-$99,999",East North Central
118440117115,453292315,10/10/2023 04:57:56 PM,10/10/2023 04:59:23 PM,,,,,b8e9a4eeed228b40b83a582986,smc,Female,55+,"North East (Chicago, Suburbs of Chicago, Joliet, Aurora, Waukegan, Evanston, etc.)",No firearms in home or vehicles,"Biometric (fingerprint, etc.) safe",,,,,,,,,,,,No,,No,Yes,Suburban,> 60,Android Phone / Tablet,Female,"$175,000-$199,999",East North Central
118440114687,453292315,10/10/2023 04:53:55 PM,10/10/2023 04:54:47 PM,,,,,3accd1934dac283a5ad4937714,smc,Female,35-54,"Southern (Carbondale, Mount Vernon, East St. Louis, etc.)",All locked,,,"Biometric (Fingerprint, etc.) safe",,,,,,,,,No firearms in any household vehicles,No,,Yes,Yes,Suburban,45-60,iOS Phone / Tablet,Female,"$25,000-$49,999",East North Central
118440113944,453292315,10/10/2023 04:53:17 PM,10/10/2023 04:54:08 PM,,,,,ac02c133790f9357b82b1c8506,smc,Female,35-54,"Central (Peoria, Champaign, Springfield, etc.)","Some locked, some unlocked",,,,,Trigger Lock,,,,,,"Trunk, glovebox, under seat or other hidden but unsecured place",,Yes,No,,Yes,Rural,45-60,iOS Phone / Tablet,Female,"$150,000-$174,999",East North Central
118440114106,453292315,10/10/2023 04:52:42 PM,10/10/2023 04:53:51 PM,,,,,96ef2f5cdcd56e69e3b11cdab2,smc,Male,35-54,"Central (Peoria, Champaign, Springfield, etc.)",All locked,,,,Locked safe or case (not biometric),,,,,,,,No firearms in any household vehicles,Yes,No,,No/don't recall,Urban/city,30-44,Android Phone / Tablet,Male,"$75,000-$99,999",East North Central
118440113310,453292315,10/10/2023 04:51:37 PM,10/10/2023 04:52:46 PM,,,,,a3f68241b3198e08ddd0f8f728,smc,Female,55+,"North East (Chicago, Suburbs of Chicago, Joliet, Aurora, Waukegan, Evanston, etc.)",No firearms in home or vehicles,Locked safe or case (not biometric),,,,,,,,,,,,No,,No,No/don't recall,Suburban,45-60,iOS Phone / Tablet,Female,"$200,000+",East North Central
118440109390,453292315,10/10/2023 04:46:02 PM,10/10/2023 04:48:03 PM,,,,,07f8150a9cb6877f983a8888f8,smc,Male,55+,"North East (Chicago, Suburbs of Chicago, Joliet, Aurora, Waukegan, Evanston, etc.)",No firearms in home or vehicles,Trigger lock,,,,,,,,,,,,No,,No,Yes,Suburban,> 60,Android Phone / Tablet,Male,"$10,000-$24,999",East North Central
118440109268,453292315,10/10/2023 04:46:11 PM,10/10/2023 04:46:37 PM,,,,,811a90a84a3dc43b8997f70c26,smc,Female,55+,"North East (Chicago, Suburbs of Chicago, Joliet, Aurora, Waukegan, Evanston, etc.)",No firearms in home or vehicles,,,,,,,,,,,,,,,,,,,,,,
118440107318,453292315,10/10/2023 04:42:33 PM,10/10/2023 04:43:31 PM,,,,,af67b10b0e8020814cabd9de37,smc,Female,55+,"Central (Peoria, Champaign, Springfield, etc.)",No firearms in home or vehicles,Other type of lock or safe (including cabinet or other locked area),,,,,,,,,,,,No,,No,Yes,Suburban,45-60,Android Phone / Tablet,Female,"$25,000-$49,999",East North Central
118440107312,453292315,10/10/2023 04:41:19 PM,10/10/2023 04:43:30 PM,,,,,ab577ced3f1df212e9c752a972,smc,Female,21-34,"North West or North Central (Rockford, DeKalb, Moline, Rock Island, etc.)",No firearms in home or vehicles,Locked safe or case (not biometric),,,,,,,,,,,,No,,No,Yes,Rural,18-29,iOS Phone / Tablet,Female,Prefer not to answer,East North Central
118440106730,453292315,10/10/2023 04:41:51 PM,10/10/2023 04:43:20 PM,,,,,c7f15a8479756ce122b6da7c54,smc,Female,55+,"North East (Chicago, Suburbs of Chicago, Joliet, Aurora, Waukegan, Evanston, etc.)",No firearms in home or vehicles,Locked safe or case (not biometric),,,,,,,,,,,,No,,No,Yes,Urban/city,> 60,Other,Female,"$125,000-$149,999",East North Central
118440107101,453292315,10/10/2023 04:41:53 PM,10/10/2023 04:43:13 PM,,,,,317b32ba3da1b2a724af4ccc7e,smc,Male,21-34,"North East (Chicago, Suburbs of Chicago, Joliet, Aurora, Waukegan, Evanston, etc.)",No firearms in home or vehicles,Locked safe or case (not biometric),,,,,,,,,,,,No,,No,No/don't recall,Suburban,30-44,iOS Phone / Tablet,Male,"$100,000-$124,999",East North Central
118440106372,453292315,10/10/2023 04:41:21 PM,10/10/2023 04:42:07 PM,,,,,89aff39486012da127850d65ce,smc,Female,55+,"North East (Chicago, Suburbs of Chicago, Joliet, Aurora, Waukegan, Evanston, etc.)",No firearms in home or vehicles,Locked safe or case (not biometric),,,,,,,,,,,,No,,Yes,Yes,Suburban,45-60,Android Phone / Tablet,Female,"$75,000-$99,999",East North Central
118440105808,453292315,10/10/2023 04:40:33 PM,10/10/2023 04:41:49 PM,,,,,59dd3f52d4ad62f2abe94a3ac7,smc,Female,55+,"Central (Peoria, Champaign, Springfield, etc.)",No firearms in home or vehicles,Other type of lock or safe (including cabinet or other locked area),,,,,,,,,,,,No,,No,Yes,Suburban,> 60,Windows Desktop / Laptop,Male,"$50,000-$74,999",East North Central
118440105566,453292315,10/10/2023 04:39:59 PM,10/10/2023 04:41:40 PM,,,,,62982cf73d2d16aa1bfe092c42,smc,Female,55+,"Central (Peoria, Champaign, Springfield, etc.)",All Unlocked,,,,,,Other type of lock or safe (including locked cabinet or other locked area),,,,,,No firearms in any household vehicles,No,,Yes,Yes,Rural,> 60,Android Phone / Tablet,Female,"$25,000-$49,999",East North Central
118440104701,453292315,10/10/2023 04:38:44 PM,10/10/2023 04:39:35 PM,,,,,9945858a81c68a1c07b7ef00b9,smc,Female,35-54,"Southern (Carbondale, Mount Vernon, East St. Louis, etc.)",All locked,,,,,,,"Drawer, nightstand or other UNLOCKED area",,,,,No firearms in any household vehicles,Yes,No,,Yes,Rural,45-60,iOS Phone / Tablet,Female,"$150,000-$174,999",East North Central
118440102779,453292315,10/10/2023 04:36:12 PM,10/10/2023 04:36:36 PM,,,,,d711115c34c10adaec795a5509,smc,Male,21-34,"North East (Chicago, Suburbs of Chicago, Joliet, Aurora, Waukegan, Evanston, etc.)",All Unlocked,,Cable lock,"Biometric (Fingerprint, etc.) safe",Locked safe or case (not biometric),Trigger Lock,,,,"Biometric (fingerprint, etc.) safe secured to vehicle",,"Trunk, glovebox, under seat or other hidden but unsecured place",,Yes,Yes,,Yes,Urban/city,18-29,iOS Phone / Tablet,Male,"$50,000-$74,999",East North Central
118440102285,453292315,10/10/2023 04:33:34 PM,10/10/2023 04:35:54 PM,,,,,8168c19af27c38a5065d9c25b3,smc,Female,35-54,"North East (Chicago, Suburbs of Chicago, Joliet, Aurora, Waukegan, Evanston, etc.)",No firearms in home or vehicles,"Biometric (fingerprint, etc.) safe",,,,,,,,,,,,Yes,Children not old enough/don't visit other homes,,Yes,Suburban,30-44,iOS Phone / Tablet,Female,"$10,000-$24,999",East North Central
118440100304,453292315,10/10/2023 04:32:41 PM,10/10/2023 04:34:41 PM,,,,,72fada553ff354e677044f4fab,smc,Female,55+,"North West or North Central (Rockford, DeKalb, Moline, Rock Island, etc.)",No firearms in home or vehicles,Locked safe or case (not biometric),,,,,,,,,,,,No,,Yes,Yes,Urban/city,> 60,Android Phone / Tablet,Female,"$75,000-$99,999",East North Central
118440100006,453292315,10/10/2023 04:32:28 PM,10/10/2023 04:33:30 PM,,,,,5859dd551f1559bec0048587b8,smc,Female,55+,"North East (Chicago, Suburbs of Chicago, Joliet, Aurora, Waukegan, Evanston, etc.)",No firearms in home or vehicles,Cable Lock,,,,,,,,,,,,No,,No,No/don't recall,Urban/city,> 60,Windows Desktop / Laptop,Female,"$25,000-$49,999",East North Central
118440097908,453292315,10/10/2023 04:29:35 PM,10/10/2023 04:30:25 PM,,,,,b221a200f3ecc9420eb4227d79,smc,Male,55+,"North East (Chicago, Suburbs of Chicago, Joliet, Aurora, Waukegan, Evanston, etc.)",No firearms in home or vehicles,Other type of lock or safe (including cabinet or other locked area),,,,,,,,,,,,No,,Yes,Yes,Urban/city,> 60,MacOS Desktop / Laptop,Male,"$10,000-$24,999",East North Central
118440098172,453292315,10/10/2023 04:29:38 PM,10/10/2023 04:30:12 PM,,,,,d616e35b99df4ada301d1684c9,smc,Female,35-54,"North East (Chicago, Suburbs of Chicago, Joliet, Aurora, Waukegan, Evanston, etc.)",All locked,,Cable lock,"Biometric (Fingerprint, etc.) safe",Locked safe or case (not biometric),,,,,"Biometric (fingerprint, etc.) safe secured to vehicle",Locked safe or case (not biometric) secured to vehicle,"Trunk, glovebox, under seat or other hidden but unsecured place",,Yes,Yes,,Yes,Rural,45-60,Android Phone / Tablet,Female,"$75,000-$99,999",East North Central
118440096855,453292315,10/10/2023 04:27:23 PM,10/10/2023 04:28:19 PM,,,,,2db465909ddb4b1a5e9064016b,smc,Female,35-54,"North East (Chicago, Suburbs of Chicago, Joliet, Aurora, Waukegan, Evanston, etc.)",No firearms in home or vehicles,"Biometric (fingerprint, etc.) safe",,,,,,,,,,,,No,,No,No/don't recall,Suburban,45-60,iOS Phone / Tablet,Female,"$50,000-$74,999",East North Central
118440096078,453292315,10/10/2023 04:25:35 PM,10/10/2023 04:27:20 PM,,,,,4d0d50351a6cdf18757e8bce56,smc,Female,55+,"North East (Chicago, Suburbs of Chicago, Joliet, Aurora, Waukegan, Evanston, etc.)",No firearms in home or vehicles,Locked safe or case (not biometric),,,,,,,,,,,,Yes,Children not old enough/don't visit other homes,,No/don't recall,Suburban,> 60,iOS Phone / Tablet,Female,"$50,000-$74,999",East North Central
118440096061,453292315,10/10/2023 04:26:10 PM,10/10/2023 04:27:19 PM,,,,,0269a619f039914261f3ff8928,smc,Female,35-54,"North East (Chicago, Suburbs of Chicago, Joliet, Aurora, Waukegan, Evanston, etc.)",No firearms in home or vehicles,"Biometric (fingerprint, etc.) safe",,,,,,,,,,,,Yes,Children not old enough/don't visit other homes,,No/don't recall,Suburban,45-60,iOS Phone / Tablet,Female,"$75,000-$99,999",East North Central
118440094585,453292315,10/10/2023 04:23:27 PM,10/10/2023 04:25:25 PM,,,,,66a0358b5794567a975b2e43a5,smc,Female,55+,"North East (Chicago, Suburbs of Chicago, Joliet, Aurora, Waukegan, Evanston, etc.)",No firearms in home or vehicles,Locked safe or case (not biometric),,,,,,,,,,,,No,,No,Yes,Rural,> 60,Android Phone / Tablet,Female,"$25,000-$49,999",East North Central
118440092040,453292315,10/10/2023 04:20:50 PM,10/10/2023 04:21:58 PM,,,,,f8aa8bd4d19afad601f1ab144f,smc,Female,55+,"North West or North Central (Rockford, DeKalb, Moline, Rock Island, etc.)",No firearms in home or vehicles,Locked safe or case (not biometric),,,,,,,,,,,,No,,No,Yes,Rural,> 60,iOS Phone / Tablet,Female,"$75,000-$99,999",East North Central
118440088203,453292315,10/10/2023 04:16:40 PM,10/10/2023 04:17:31 PM,,,,,f681f0d955eae67217c1b4c1e1,smc,Male,55+,"North East (Chicago, Suburbs of Chicago, Joliet, Aurora, Waukegan, Evanston, etc.)",No firearms in home or vehicles,Locked safe or case (not biometric),,,,,,,,,,,,No,,No,No/don't recall,Suburban,> 60,Windows Desktop / Laptop,Male,"$50,000-$74,999",East North Central
118440087168,453292315,10/10/2023 04:14:52 PM,10/10/2023 04:15:33 PM,,,,,3979e679cef5d07f4a6a8b8909,smc,Male,35-54,"North East (Chicago, Suburbs of Chicago, Joliet, Aurora, Waukegan, Evanston, etc.)",No firearms in home or vehicles,Trigger lock,,,,,,,,,,,,Yes,No,,Yes,Urban/city,30-44,iOS Phone / Tablet,Male,"$200,000+",East North Central
118440086614,453292315,10/10/2023 04:11:42 PM,10/10/2023 04:14:50 PM,,,,,13149e299d131b4efaa496d86a,smc,Female,35-54,"Southern (Carbondale, Mount Vernon, East St. Louis, etc.)","Some locked, some unlocked",,,,,,Other type of lock or safe (including locked cabinet or other locked area),,,,,"Trunk, glovebox, under seat or other hidden but unsecured place",,Yes,No,,Yes,Suburban,45-60,iOS Phone / Tablet,Female,"$10,000-$24,999",East North Central
118440081697,453292315,10/10/2023 04:07:40 PM,10/10/2023 04:08:24 PM,,,,,041af998b89c394b303e8e00f2,smc,Female,35-54,"North East (Chicago, Suburbs of Chicago, Joliet, Aurora, Waukegan, Evanston, etc.)",No firearms in home or vehicles,Locked safe or case (not biometric),,,,,,,,,,,,Yes,No,,No/don't recall,Suburban,30-44,iOS Phone / Tablet,Female,"$75,000-$99,999",East North Central
118440081558,453292315,10/10/2023 04:07:16 PM,10/10/2023 04:08:12 PM,,,,,5aa5a2e046ee6b6a83dba46f96,smc,Female,35-54,"Southern (Carbondale, Mount Vernon, East St. Louis, etc.)",All Unlocked,,,,,,,"Drawer, nightstand or other UNLOCKED area",,,,,No firearms in any household vehicles,No,,No,Yes,Rural,45-60,iOS Phone / Tablet,Female,"$150,000-$174,999",East North Central
118440075786,453292315,10/10/2023 03:59:55 PM,10/10/2023 04:01:04 PM,,,,,5ef3e3fa42f248a80529abb29d,smc,Female,55+,"North East (Chicago, Suburbs of Chicago, Joliet, Aurora, Waukegan, Evanston, etc.)",All locked,,,,Locked safe or case (not biometric),,,,,,Locked safe or case (not biometric) secured to vehicle,,,Yes,Yes,,Yes,Suburban,> 60,iOS Phone / Tablet,Female,"$0-$9,999",East North Central
118440074758,453292315,10/10/2023 03:58:23 PM,10/10/2023 03:59:49 PM,,,,,56c1e88fb2c70b1ee582a05afc,smc,Male,35-54,"North East (Chicago, Suburbs of Chicago, Joliet, Aurora, Waukegan, Evanston, etc.)","Some locked, some unlocked",,,,Locked safe or case (not biometric),,,,,,Locked safe or case (not biometric) secured to vehicle,,,Yes,No,,Yes,Suburban,30-44,Android Phone / Tablet,Male,"$75,000-$99,999",East North Central
118440074682,453292315,10/10/2023 03:58:33 PM,10/10/2023 03:59:44 PM,,,,,83fe82fc3c6b24224dcb417876,smc,Female,55+,"North East (Chicago, Suburbs of Chicago, Joliet, Aurora, Waukegan, Evanston, etc.)",All locked,,,,Locked safe or case (not biometric),Trigger Lock,,,,,Locked safe or case (not biometric) secured to vehicle,,,Yes,No,,Yes,Suburban,45-60,Android Phone / Tablet,Female,"$25,000-$49,999",East North Central
118440074164,453292315,10/10/2023 03:57:27 PM,10/10/2023 03:59:03 PM,,,,,c9b2d92ec918b0c1155b7b6990,smc,Male,35-54,"North West or North Central (Rockford, DeKalb, Moline, Rock Island, etc.)",No firearms in home or vehicles,"Biometric (fingerprint, etc.) safe",,,,,,,,,,,,Yes,No,,Yes,Suburban,45-60,iOS Phone / Tablet,Female,"$75,000-$99,999",East North Central
118440074127,453292315,10/10/2023 03:58:06 PM,10/10/2023 03:59:00 PM,,,,,5236efc54595f66d4297d4df99,smc,Female,55+,"North East (Chicago, Suburbs of Chicago, Joliet, Aurora, Waukegan, Evanston, etc.)",No firearms in home or vehicles,"Biometric (fingerprint, etc.) safe",,,,,,,,,,,,No,,Yes,Yes,Suburban,> 60,Android Phone / Tablet,Female,"$200,000+",East North Central
118440072948,453292315,10/10/2023 03:56:52 PM,10/10/2023 03:58:07 PM,,,,,7691dfed9104ab811f17bb52b6,smc,Female,55+,"North East (Chicago, Suburbs of Chicago, Joliet, Aurora, Waukegan, Evanston, etc.)",No firearms in home or vehicles,"Biometric (fingerprint, etc.) safe",,,,,,,,,,,,No,,No,No/don't recall,Suburban,> 60,iOS Phone / Tablet,Female,"$200,000+",East North Central
118440072050,453292315,10/10/2023 03:55:53 PM,10/10/2023 03:56:12 PM,,,,,aff5175cf03bba258fcb347bed,smc,Female,35-54,"Central (Peoria, Champaign, Springfield, etc.)",All locked,,,,,Trigger Lock,,,,"Biometric (fingerprint, etc.) safe secured to vehicle",,,,Yes,Yes,,No/don't recall,Rural,45-60,iOS Phone / Tablet,Female,"$25,000-$49,999",East North Central
118440071184,453292315,10/10/2023 03:54:10 PM,10/10/2023 03:55:06 PM,,,,,ba10c281ef39f1259c1646b6dd,smc,Female,55+,"North East (Chicago, Suburbs of Chicago, Joliet, Aurora, Waukegan, Evanston, etc.)",No firearms in home or vehicles,Other type of lock or safe (including cabinet or other locked area),,,,,,,,,,,,No,,Yes,Yes,Suburban,45-60,iOS Phone / Tablet,Female,"$75,000-$99,999",East North Central
118440069851,453292315,10/10/2023 03:52:58 PM,10/10/2023 03:54:14 PM,,,,,96c697e2e7e82900ea1456c49a,smc,Male,55+,"North East (Chicago, Suburbs of Chicago, Joliet, Aurora, Waukegan, Evanston, etc.)",No firearms in home or vehicles,"Biometric (fingerprint, etc.) safe",,,,,,,,,,,,No,,Yes,Yes,Urban/city,> 60,iOS Phone / Tablet,Male,"$175,000-$199,999",East North Central
118440069024,453292315,10/10/2023 03:51:40 PM,10/10/2023 03:53:22 PM,,,,,71ae39c5f1d11b1168821bf54f,smc,Female,55+,"North East (Chicago, Suburbs of Chicago, Joliet, Aurora, Waukegan, Evanston, etc.)",No firearms in home or vehicles,Locked safe or case (not biometric),,,,,,,,,,,,No,,No,Yes,Urban/city,> 60,Android Phone / Tablet,Female,Prefer not to answer,East North Central
118440069603,453292315,10/10/2023 03:49:32 PM,10/10/2023 03:53:01 PM,,,,,b63b2b857973c7c4fc091851be,smc,Male,55+,"North East (Chicago, Suburbs of Chicago, Joliet, Aurora, Waukegan, Evanston, etc.)",No firearms in home or vehicles,Locked safe or case (not biometric),,,,,,,,,,,,No,,Yes,No/don't recall,Suburban,> 60,iOS Phone / Tablet,Female,"$10,000-$24,999",East North Central
118440068460,453292315,10/10/2023 03:51:21 PM,10/10/2023 03:51:45 PM,,,,,6a647b28a9ed54f07f215bb8d6,smc,Female,35-54,"North East (Chicago, Suburbs of Chicago, Joliet, Aurora, Waukegan, Evanston, etc.)",No firearms in home or vehicles,Other type of lock or safe (including cabinet or other locked area),,,,,,,,,,,,No,,No,No/don't recall,Suburban,30-44,Windows Desktop / Laptop,Female,"$50,000-$74,999",East North Central
118440064559,453292315,10/10/2023 03:45:47 PM,10/10/2023 03:47:45 PM,,,,,8d1323f7bfbb3dba1b2445bc09,smc,Male,35-54,"North East (Chicago, Suburbs of Chicago, Joliet, Aurora, Waukegan, Evanston, etc.)",No firearms in home or vehicles,Locked safe or case (not biometric),,,,,,,,,,,,Yes,No,,No/don't recall,Urban/city,45-60,iOS Phone / Tablet,Male,Prefer not to answer,East North Central
118440063863,453292315,10/10/2023 03:45:15 PM,10/10/2023 03:45:38 PM,,,,,f512c15d2e0071ce2b799ad54d,smc,Female,21-34,"North East (Chicago, Suburbs of Chicago, Joliet, Aurora, Waukegan, Evanston, etc.)","Some locked, some unlocked",,,,,Trigger Lock,,,,,Locked safe or case (not biometric) secured to vehicle,,,Yes,Yes,,Yes,Rural,> 60,iOS Phone / Tablet,Female,"$0-$9,999",East North Central
118440062693,453292315,10/10/2023 03:42:45 PM,10/10/2023 03:44:15 PM,,,,,3f7d143b3b9b50c6ef2e41fc09,smc,Male,35-54,"North East (Chicago, Suburbs of Chicago, Joliet, Aurora, Waukegan, Evanston, etc.)",All locked,,,"Biometric (Fingerprint, etc.) safe",,,,,,"Biometric (fingerprint, etc.) safe secured to vehicle",,,,Yes,No,,Yes,Suburban,30-44,Android Phone / Tablet,Male,"$25,000-$49,999",East North Central
118440060691,453292315,10/10/2023 03:40:23 PM,10/10/2023 03:41:40 PM,,,,,5f1751966f724307c8de1075ef,smc,Female,55+,"North West or North Central (Rockford, DeKalb, Moline, Rock Island, etc.)",No firearms in home or vehicles,Locked safe or case (not biometric),,,,,,,,,,,,No,,Yes,Yes,Suburban,> 60,iOS Phone / Tablet,Female,Prefer not to answer,East North Central
118440056393,453292315,10/10/2023 03:35:13 PM,10/10/2023 03:36:14 PM,,,,,59045482bc1f5e76d6b6165104,smc,Female,55+,"North East (Chicago, Suburbs of Chicago, Joliet, Aurora, Waukegan, Evanston, etc.)",No firearms in home or vehicles,"Biometric (fingerprint, etc.) safe",,,,,,,,,,,,No,,Yes,Yes,Urban/city,45-60,iOS Phone / Tablet,Female,"$10,000-$24,999",East North Central
118440054480,453292315,10/10/2023 03:30:57 PM,10/10/2023 03:34:02 PM,,,,,578e0019b6ca58add34681708d,smc,Female,55+,"North East (Chicago, Suburbs of Chicago, Joliet, Aurora, Waukegan, Evanston, etc.)",All Unlocked,,,"Biometric (Fingerprint, etc.) safe",Locked safe or case (not biometric),,,"Drawer, nightstand or other UNLOCKED area",,"Biometric (fingerprint, etc.) safe secured to vehicle",,"Trunk, glovebox, under seat or other hidden but unsecured place",,No,,Yes,Yes,Suburban,> 60,iOS Phone / Tablet,Female,"$10,000-$24,999",East North Central
118440052233,453292315,10/10/2023 03:30:51 PM,10/10/2023 03:31:20 PM,,,,,60b34aba9c5965047641cd1e86,smc,Male,35-54,"North East (Chicago, Suburbs of Chicago, Joliet, Aurora, Waukegan, Evanston, etc.)",No firearms in home or vehicles,Locked safe or case (not biometric),,,,,,,,,,,,No,,No,Yes,Suburban,30-44,Android Phone / Tablet,Male,"$25,000-$49,999",East North Central
118440051210,453292315,10/10/2023 03:27:33 PM,10/10/2023 03:30:08 PM,,,,,0f644176626c2e5346d3757a46,smc,Female,35-54,"North East (Chicago, Suburbs of Chicago, Joliet, Aurora, Waukegan, Evanston, etc.)",No firearms in home or vehicles,Cable Lock,,,,,,,,,,,,No,,Yes,Yes,Urban/city,45-60,iOS Phone / Tablet,Female,"$25,000-$49,999",East North Central
118440050654,453292315,10/10/2023 03:27:37 PM,10/10/2023 03:29:30 PM,,,,,2ed47f09c3845e086518d34178,smc,Female,35-54,"North East (Chicago, Suburbs of Chicago, Joliet, Aurora, Waukegan, Evanston, etc.)",All locked,,,,,,Other type of lock or safe (including locked cabinet or other locked area),,,,,,No firearms in any household vehicles,No,,No,Yes,Urban/city,45-60,iOS Phone / Tablet,Female,"$25,000-$49,999",East North Central
118440050317,453292315,10/10/2023 03:27:46 PM,10/10/2023 03:29:06 PM,,,,,bed25ce19e3e97d086ce313bf9,smc,Male,21-34,"North East (Chicago, Suburbs of Chicago, Joliet, Aurora, Waukegan, Evanston, etc.)",No firearms in home or vehicles,Locked safe or case (not biometric),,,,,,,,,,,,No,,Yes,Yes,Suburban,30-44,Android Phone / Tablet,Male,"$175,000-$199,999",East North Central
118440049235,453292315,10/10/2023 03:27:18 PM,10/10/2023 03:27:47 PM,,,,,e0353a1758c80edc92eefd67bf,smc,Male,35-54,"North East (Chicago, Suburbs of Chicago, Joliet, Aurora, Waukegan, Evanston, etc.)",All locked,,,"Biometric (Fingerprint, etc.) safe",,,,,,"Biometric (fingerprint, etc.) safe secured to vehicle",Locked safe or case (not biometric) secured to vehicle,,,Yes,Yes,,Yes,Suburban,> 60,iOS Phone / Tablet,Male,"$75,000-$99,999",East North Central
118440048456,453292315,10/10/2023 03:25:54 PM,10/10/2023 03:26:49 PM,,,,,4642cf4a13c966e310b37221e8,smc,Female,55+,"North West or North Central (Rockford, DeKalb, Moline, Rock Island, etc.)",All locked,,,,Locked safe or case (not biometric),,,,,,,,No firearms in any household vehicles,No,,No,No/don't recall,Urban/city,45-60,iOS Phone / Tablet,Female,"$10,000-$24,999",East North Central
118440044719,453292315,10/10/2023 03:20:36 PM,10/10/2023 03:22:16 PM,,,,,d03eb743745d81f4410dbed740,smc,Female,35-54,"North East (Chicago, Suburbs of Chicago, Joliet, Aurora, Waukegan, Evanston, etc.)",No firearms in home or vehicles,Locked safe or case (not biometric),,,,,,,,,,,,Yes,No,,Yes,Urban/city,30-44,iOS Phone / Tablet,Female,"$25,000-$49,999",East North Central
118440037392,453292315,10/10/2023 03:13:05 PM,10/10/2023 03:13:55 PM,,,,,1a9beb26074f135c2e8c62c9cb,smc,Male,21-34,"North East (Chicago, Suburbs of Chicago, Joliet, Aurora, Waukegan, Evanston, etc.)",No firearms in home or vehicles,Trigger lock,,,,,,,,,,,,No,,Yes,No/don't recall,Suburban,18-29,Android Phone / Tablet,Male,Prefer not to answer,East North Central
118440036323,453292315,10/10/2023 03:11:33 PM,10/10/2023 03:12:43 PM,,,,,bb00a9ca87d642f6fcf1d5dab1,smc,Male,55+,"North East (Chicago, Suburbs of Chicago, Joliet, Aurora, Waukegan, Evanston, etc.)",No firearms in home or vehicles,Locked safe or case (not biometric),,,,,,,,,,,,No,,No,Yes,Suburban,> 60,Android Phone / Tablet,Male,"$25,000-$49,999",East North Central
118440033785,453292315,10/10/2023 03:09:17 PM,10/10/2023 03:09:53 PM,,,,,f46f8c225e427f8598aa52c754,smc,Female,35-54,"Central (Peoria, Champaign, Springfield, etc.)",No firearms in home or vehicles,Other type of lock or safe (including cabinet or other locked area),,,,,,,,,,,,No,,No,Yes,Rural,45-60,Android Phone / Tablet,Female,Prefer not to answer,East North Central
118440029046,453292315,10/10/2023 03:01:06 PM,10/10/2023 03:05:03 PM,,,,,5bf3962e51dd30b6af10914771,smc,Female,55+,"North East (Chicago, Suburbs of Chicago, Joliet, Aurora, Waukegan, Evanston, etc.)",No firearms in home or vehicles,Locked safe or case (not biometric),,,,,,,,,,,,Yes,No,,Yes,Suburban,> 60,iOS Phone / Tablet,Female,"$10,000-$24,999",East North Central
118440025416,453292315,10/10/2023 03:00:29 PM,10/10/2023 03:01:26 PM,,,,,d9959fdbbe340756c75ebc4470,smc,Female,35-54,"Central (Peoria, Champaign, Springfield, etc.)",All locked,,,,,,Other type of lock or safe (including locked cabinet or other locked area),,,,,,No firearms in any household vehicles,Yes,Children not old enough/don't visit other homes,,Yes,Suburban,30-44,iOS Phone / Tablet,Female,"$25,000-$49,999",East North Central
118440009670,453292315,10/10/2023 02:42:59 PM,10/10/2023 02:43:55 PM,,,,,ee87166c0b3e09c7b4349a6087,smc,Female,21-34,"North East (Chicago, Suburbs of Chicago, Joliet, Aurora, Waukegan, Evanston, etc.)",All locked,,,,,,Other type of lock or safe (including locked cabinet or other locked area),,,,,"Trunk, glovebox, under seat or other hidden but unsecured place",,Yes,No,,Yes,Suburban,30-44,Android Phone / Tablet,Female,"$75,000-$99,999",East North Central
118440006432,453292315,10/10/2023 02:39:40 PM,10/10/2023 02:40:11 PM,,,,,29ea5fc2e06f025ff45d252060,smc,Male,35-54,"North East (Chicago, Suburbs of Chicago, Joliet, Aurora, Waukegan, Evanston, etc.)",No firearms in home or vehicles,"Biometric (fingerprint, etc.) safe",,,,,,,,,,,,Yes,No,,No/don't recall,Urban/city,30-44,Android Phone / Tablet,Male,"$150,000-$174,999",East North Central
118440005951,453292315,10/10/2023 02:38:36 PM,10/10/2023 02:39:42 PM,,,,,0b646fc236974475c49c0be8e3,smc,Female,35-54,"North East (Chicago, Suburbs of Chicago, Joliet, Aurora, Waukegan, Evanston, etc.)",No firearms in home or vehicles,"Drawer, nightstand, or other UNLOCKED area in home",,,,,,,,,,,,No,,No,Yes,Suburban,45-60,iOS Phone / Tablet,Female,"$50,000-$74,999",East North Central
118439993996,453292315,10/10/2023 02:24:52 PM,10/10/2023 02:27:04 PM,,,,,23488d6cb043722171f516fe8b,smc,Female,55+,"North East (Chicago, Suburbs of Chicago, Joliet, Aurora, Waukegan, Evanston, etc.)",No firearms in home or vehicles,Other type of lock or safe (including cabinet or other locked area),,,,,,,,,,,,No,,No,Yes,Suburban,> 60,iOS Phone / Tablet,Female,"$25,000-$49,999",East North Central
118439988055,453292315,10/10/2023 02:19:36 PM,10/10/2023 02:20:56 PM,,,,,af41763f610a6c1c97b446b224,smc,Female,55+,"North East (Chicago, Suburbs of Chicago, Joliet, Aurora, Waukegan, Evanston, etc.)",No firearms in home or vehicles,Locked safe or case (not biometric),,,,,,,,,,,,No,,No,Yes,Suburban,45-60,Android Phone / Tablet,Female,"$25,000-$49,999",East North Central
118439984192,453292315,10/10/2023 02:16:18 PM,10/10/2023 02:16:48 PM,,,,,c3d1533842bda36dd120466ab5,smc,Female,55+,"Central (Peoria, Champaign, Springfield, etc.)",No firearms in home or vehicles,"Biometric (fingerprint, etc.) safe",,,,,,,,,,,,No,,No,Yes,Rural,45-60,Android Phone / Tablet,Female,"$50,000-$74,999",East North Central
118439983304,453292315,10/10/2023 02:15:15 PM,10/10/2023 02:15:54 PM,,,,,bd474748bf58fd4ed72b79155a,smc,Male,35-54,"Southern (Carbondale, Mount Vernon, East St. Louis, etc.)","Some locked, some unlocked",,,"Biometric (Fingerprint, etc.) safe",,,,,,"Biometric (fingerprint, etc.) safe secured to vehicle",,,,Yes,Yes,,Yes,Urban/city,30-44,Android Phone / Tablet,Male,"$100,000-$124,999",East North Central
118439982513,453292315,10/10/2023 02:14:49 PM,10/10/2023 02:15:05 PM,,,,,f2c163131db356fd73999cd06b,smc,Male,35-54,"North East (Chicago, Suburbs of Chicago, Joliet, Aurora, Waukegan, Evanston, etc.)",All locked,,,"Biometric (Fingerprint, etc.) safe",,,,,,"Biometric (fingerprint, etc.) safe secured to vehicle",,,,Yes,No,,Yes,Suburban,45-60,iOS Phone / Tablet,Male,"$50,000-$74,999",East North Central
118439981921,453292315,10/10/2023 02:13:46 PM,10/10/2023 02:14:30 PM,,,,,c8e0eab9f9eb9403f355e6bda1,smc,Female,35-54,"North East (Chicago, Suburbs of Chicago, Joliet, Aurora, Waukegan, Evanston, etc.)",All locked,,,"Biometric (Fingerprint, etc.) safe",,,,,,,,,No firearms in any household vehicles,Yes,No,,Yes,Suburban,30-44,Android Phone / Tablet,Female,"$75,000-$99,999",East North Central
118439978289,453292315,10/10/2023 02:10:17 PM,10/10/2023 02:10:44 PM,,,,,7cb65e5a6f9fed86d9286892c5,smc,Male,21-34,"North East (Chicago, Suburbs of Chicago, Joliet, Aurora, Waukegan, Evanston, etc.)",All locked,,,,,,,,No firearms in home,,,,No firearms in any household vehicles,No,,No,No/don't recall,Suburban,18-29,iOS Phone / Tablet,Male,"$0-$9,999",East North Central
118439971917,453292315,10/10/2023 02:03:26 PM,10/10/2023 02:06:53 PM,,,,,f64c28690f13303aaac062ae56,smc,Female,55+,"North East (Chicago, Suburbs of Chicago, Joliet, Aurora, Waukegan, Evanston, etc.)",No firearms in home or vehicles,Trigger lock,,,,,,,,,,,,No,,Yes,Yes,Suburban,> 60,Windows Desktop / Laptop,Female,"$100,000-$124,999",East North Central
118439967773,453292315,10/10/2023 01:58:29 PM,10/10/2023 02:01:44 PM,,,,,f4ecc9d37c85301b2d380b4867,smc,Female,55+,"North East (Chicago, Suburbs of Chicago, Joliet, Aurora, Waukegan, Evanston, etc.)",No firearms in home or vehicles,Other type of lock or safe (including cabinet or other locked area),,,,,,,,,,,,No,,Yes,No/don't recall,Suburban,> 60,iOS Phone / Tablet,Female,"$25,000-$49,999",East North Central
118439959118,453292315,10/10/2023 01:50:17 PM,10/10/2023 01:51:08 PM,,,,,79cbb3e5e8ec4f23021b713448,smc,Female,35-54,"North East (Chicago, Suburbs of Chicago, Joliet, Aurora, Waukegan, Evanston, etc.)",No firearms in home or vehicles,Locked safe or case (not biometric),,,,,,,,,,,,No,,No,Yes,Suburban,30-44,iOS Phone / Tablet,Female,"$50,000-$74,999",East North Central
118439951871,453292315,10/10/2023 01:42:29 PM,10/10/2023 01:43:58 PM,,,,,c10f1baed2e715c3540a1eef1c,smc,Female,55+,"North East (Chicago, Suburbs of Chicago, Joliet, Aurora, Waukegan, Evanston, etc.)",All Unlocked,,,,,,,"Drawer, nightstand or other UNLOCKED area",,,,,No firearms in any household vehicles,No,,No,No/don't recall,Rural,45-60,iOS Phone / Tablet,Female,"$25,000-$49,999",East North Central
118439945283,453292315,10/10/2023 01:35:04 PM,10/10/2023 01:37:21 PM,,,,,3d1cd7454d54b3add5b1efb89a,smc,Female,21-34,"North East (Chicago, Suburbs of Chicago, Joliet, Aurora, Waukegan, Evanston, etc.)",No firearms in home or vehicles,Other type of lock or safe (including cabinet or other locked area),,,,,,,,,,,,Yes,No,,No/don't recall,Suburban,18-29,iOS Phone / Tablet,Female,"$10,000-$24,999",East North Central
118439944260,453292315,10/10/2023 01:35:09 PM,10/10/2023 01:36:24 PM,,,,,fa6ec048704044a1422dfa3ddf,smc,Female,55+,"Central (Peoria, Champaign, Springfield, etc.)",No firearms in home or vehicles,Cable Lock,,,,,,,,,,,,No,,No,Yes,Suburban,> 60,Android Phone / Tablet,Female,"$0-$9,999",East North Central
118439939470,453292315,10/10/2023 01:30:25 PM,10/10/2023 01:31:54 PM,,,,,2320db6cd03cdce67e6e45b9d3,smc,Female,55+,"North East (Chicago, Suburbs of Chicago, Joliet, Aurora, Waukegan, Evanston, etc.)",All locked,,,,,Trigger Lock,Other type of lock or safe (including locked cabinet or other locked area),,,,,"Trunk, glovebox, under seat or other hidden but unsecured place",,No,,Yes,Yes,Suburban,> 60,iOS Phone / Tablet,Female,Prefer not to answer,East North Central
118439938117,453292315,10/10/2023 01:29:14 PM,10/10/2023 01:30:37 PM,,,,,13d6f981e394c16a7ed58d50c3,smc,Male,55+,"North East (Chicago, Suburbs of Chicago, Joliet, Aurora, Waukegan, Evanston, etc.)",No firearms in home or vehicles,"Drawer, nightstand, or other UNLOCKED area in home",,,,,,,,,,,,No,,No,Yes,Suburban,> 60,Android Phone / Tablet,Male,"$50,000-$74,999",East North Central
118439931383,453292315,10/10/2023 01:22:34 PM,10/10/2023 01:24:02 PM,,,,,13779b6a8aa8d43e71e80638bb,smc,Female,55+,"North East (Chicago, Suburbs of Chicago, Joliet, Aurora, Waukegan, Evanston, etc.)",All locked,,,,Locked safe or case (not biometric),,,,,,,,No firearms in any household vehicles,No,,No,Yes,Suburban,45-60,Android Phone / Tablet,Female,"$25,000-$49,999",East North Central
118439926631,453292315,10/10/2023 01:19:08 PM,10/10/2023 01:20:02 PM,,,,,bdaaf24b1f36142171c2e977b8,smc,Male,55+,"North East (Chicago, Suburbs of Chicago, Joliet, Aurora, Waukegan, Evanston, etc.)",No firearms in home or vehicles,"Drawer, nightstand, or other UNLOCKED area in home",,,,,,,,,,,,No,,No,Yes,Urban/city,45-60,MacOS Desktop / Laptop,Male,"$100,000-$124,999",East North Central
118439923461,453292315,10/10/2023 01:15:17 PM,10/10/2023 01:17:36 PM,,,,,22e4d61642d42bbdaeebaa1ad5,smc,Female,55+,"North East (Chicago, Suburbs of Chicago, Joliet, Aurora, Waukegan, Evanston, etc.)",All Unlocked,,,,Locked safe or case (not biometric),,,,,,,"Trunk, glovebox, under seat or other hidden but unsecured place",,No,,No,Yes,Suburban,45-60,MacOS Desktop / Laptop,Female,"$75,000-$99,999",East North Central
118439923559,453292315,10/10/2023 01:15:35 PM,10/10/2023 01:16:29 PM,,,,,d1f6bf86b381ee5fc35fc9a3b8,smc,Female,55+,"Central (Peoria, Champaign, Springfield, etc.)",All locked,,Cable lock,,Locked safe or case (not biometric),,,,,,Locked safe or case (not biometric) secured to vehicle,,,No,,No,Yes,Urban/city,> 60,iOS Phone / Tablet,Female,"$50,000-$74,999",East North Central
118439916745,453292315,10/10/2023 01:08:08 PM,10/10/2023 01:09:38 PM,,,,,3481199f86db53662b9a29b9af,smc,Female,55+,"Central (Peoria, Champaign, Springfield, etc.)",No firearms in home or vehicles,"Biometric (fingerprint, etc.) safe",,,,,,,,,,,,No,,Yes,Yes,Urban/city,> 60,iOS Phone / Tablet,Female,"$50,000-$74,999",East North Central
118439912598,453292315,10/10/2023 01:05:16 PM,10/10/2023 01:05:36 PM,,,,,5f8a734dbe8030802c82cee148,smc,Female,21-34,"North East (Chicago, Suburbs of Chicago, Joliet, Aurora, Waukegan, Evanston, etc.)",All locked,,,,,,Other type of lock or safe (including locked cabinet or other locked area),,,"Biometric (fingerprint, etc.) safe secured to vehicle",,,,No,,No,No/don't recall,Urban/city,18-29,iOS Phone / Tablet,Female,"$10,000-$24,999",East North Central
118439910035,453292315,10/10/2023 01:02:52 PM,10/10/2023 01:03:32 PM,,,,,98858a53534f4179365ed20628,smc,Male,55+,"North East (Chicago, Suburbs of Chicago, Joliet, Aurora, Waukegan, Evanston, etc.)",No firearms in home or vehicles,Locked safe or case (not biometric),,,,,,,,,,,,No,,No,No/don't recall,Suburban,> 60,MacOS Desktop / Laptop,Male,Prefer not to answer,East North Central
118439910411,453292315,10/10/2023 01:02:53 PM,10/10/2023 01:03:27 PM,,,,,63aac200d67d2664a4beea6d7c,smc,Female,35-54,"North East (Chicago, Suburbs of Chicago, Joliet, Aurora, Waukegan, Evanston, etc.)",No firearms in home or vehicles,Locked safe or case (not biometric),,,,,,,,,,,,Yes,Children not old enough/don't visit other homes,,No/don't recall,Urban/city,45-60,iOS Phone / Tablet,Female,"$50,000-$74,999",East North Central
118439906978,453292315,10/10/2023 12:59:02 PM,10/10/2023 01:00:23 PM,,,,,f0cd7304b076d6d825a1252a61,smc,Female,55+,"North East (Chicago, Suburbs of Chicago, Joliet, Aurora, Waukegan, Evanston, etc.)",No firearms in home or vehicles,Other type of lock or safe (including cabinet or other locked area),,,,,,,,,,,,No,,Yes,No/don't recall,Suburban,> 60,Android Phone / Tablet,Female,"$50,000-$74,999",East North Central
118439903874,453292315,10/10/2023 12:55:46 PM,10/10/2023 12:57:26 PM,,,,,caa6c42c3df1a27f5dd846e79b,smc,Female,55+,"North West or North Central (Rockford, DeKalb, Moline, Rock Island, etc.)",No firearms in home or vehicles,Other type of lock or safe (including cabinet or other locked area),,,,,,,,,,,,No,,Yes,No/don't recall,Rural,> 60,iOS Phone / Tablet,Female,"$10,000-$24,999",East North Central
118439895021,453292315,10/10/2023 12:47:56 PM,10/10/2023 12:48:54 PM,,,,,2bb83f43c5fc753bec26b3ed7a,smc,Female,35-54,"North East (Chicago, Suburbs of Chicago, Joliet, Aurora, Waukegan, Evanston, etc.)",No firearms in home or vehicles,"Biometric (fingerprint, etc.) safe",,,,,,,,,,,,Yes,Yes,,Yes,Suburban,45-60,iOS Phone / Tablet,Female,"$200,000+",East North Central
118439893565,453292315,10/10/2023 12:46:57 PM,10/10/2023 12:48:33 PM,,,,,d6f7651008e7a4a9ec304f7034,smc,Female,35-54,"Southern (Carbondale, Mount Vernon, East St. Louis, etc.)",All locked,,,,,Trigger Lock,,,,,,,No firearms in any household vehicles,Yes,No,,Yes,Suburban,45-60,Windows Desktop / Laptop,Female,"$150,000-$174,999",East North Central
118439893663,453292315,10/10/2023 12:46:44 PM,10/10/2023 12:47:34 PM,,,,,56ea87fd91c228174bd1628606,smc,Female,35-54,"North West or North Central (Rockford, DeKalb, Moline, Rock Island, etc.)",No firearms in home or vehicles,"Biometric (fingerprint, etc.) safe",,,,,,,,,,,,Yes,Children not old enough/don't visit other homes,,Yes,Suburban,30-44,iOS Phone / Tablet,Female,"$25,000-$49,999",East North Central
118439889340,453292315,10/10/2023 12:42:30 PM,10/10/2023 12:43:25 PM,,,,,43f54c7c0741e697550357371b,smc,Female,55+,"North East (Chicago, Suburbs of Chicago, Joliet, Aurora, Waukegan, Evanston, etc.)",All locked,,,,,,Other type of lock or safe (including locked cabinet or other locked area),,,,,,No firearms in any household vehicles,No,,Yes,Yes,Suburban,45-60,iOS Phone / Tablet,Female,"$75,000-$99,999",East North Central
118439883686,453292315,10/10/2023 12:35:27 PM,10/10/2023 12:38:17 PM,,,,,0cc999fec4b530c4f1ba2adae4,smc,Male,21-34,"North West or North Central (Rockford, DeKalb, Moline, Rock Island, etc.)",All locked,,,,Locked safe or case (not biometric),,,,,,,,No firearms in any household vehicles,No,,No,Yes,Rural,18-29,Android Phone / Tablet,Male,"$10,000-$24,999",East North Central
118439883662,453292315,10/10/2023 12:35:47 PM,10/10/2023 12:38:17 PM,,,,,4edcb928c65a34f0f5df6d64e1,smc,Female,55+,"Southern (Carbondale, Mount Vernon, East St. Louis, etc.)",No firearms in home or vehicles,Other type of lock or safe (including cabinet or other locked area),,,,,,,,,,,,No,,No,No/don't recall,Suburban,> 60,Android Phone / Tablet,Female,"$25,000-$49,999",East North Central
118439881412,453292315,10/10/2023 12:35:50 PM,10/10/2023 12:37:02 PM,,,,,cfc393fe4b051f49d338a0cfa1,smc,Female,55+,"North East (Chicago, Suburbs of Chicago, Joliet, Aurora, Waukegan, Evanston, etc.)",No firearms in home or vehicles,Trigger lock,,,,,,,,,,,,No,,Yes,Yes,Suburban,> 60,Windows Desktop / Laptop,Female,"$25,000-$49,999",East North Central
118439879213,453292315,10/10/2023 12:32:40 PM,10/10/2023 12:34:12 PM,,,,,5dfabbad51fec81e1cd25e9a0b,smc,Female,35-54,"Southern (Carbondale, Mount Vernon, East St. Louis, etc.)",All locked,,,,Locked safe or case (not biometric),,,,,,Locked safe or case (not biometric) secured to vehicle,,,No,,Yes,Yes,Rural,45-60,Android Phone / Tablet,Female,"$10,000-$24,999",East North Central
118439878937,453292315,10/10/2023 12:32:37 PM,10/10/2023 12:33:54 PM,,,,,f7c8945df11326a2c630ce1eb7,smc,Female,55+,"North East (Chicago, Suburbs of Chicago, Joliet, Aurora, Waukegan, Evanston, etc.)",No firearms in home or vehicles,"Biometric (fingerprint, etc.) safe",,,,,,,,,,,,No,,Yes,Yes,Suburban,> 60,iOS Phone / Tablet,Female,"$75,000-$99,999",East North Central
118439878101,453292315,10/10/2023 12:32:34 PM,10/10/2023 12:33:07 PM,,,,,6d91743414669d418c5ce13b74,smc,Female,55+,"North West or North Central (Rockford, DeKalb, Moline, Rock Island, etc.)",All locked,,Cable lock,,,,,,,,Locked safe or case (not biometric) secured to vehicle,,,Yes,Yes,,Yes,Suburban,> 60,iOS Phone / Tablet,Female,"$25,000-$49,999",East North Central
118439875035,453292315,10/10/2023 12:29:10 PM,10/10/2023 12:30:13 PM,,,,,20109ceca2ff12732589b391c5,smc,Female,35-54,"Southern (Carbondale, Mount Vernon, East St. Louis, etc.)",All locked,,Cable lock,,Locked safe or case (not biometric),Trigger Lock,Other type of lock or safe (including locked cabinet or other locked area),,,,,,No firearms in any household vehicles,Yes,Yes,,Yes,Rural,45-60,iOS Phone / Tablet,Female,"$50,000-$74,999",East North Central
118439870883,453292315,10/10/2023 12:25:39 PM,10/10/2023 12:25:57 PM,,,,,ab378f9ce8a4c1bd6e39dac22e,smc,Female,21-34,"North East (Chicago, Suburbs of Chicago, Joliet, Aurora, Waukegan, Evanston, etc.)",All Unlocked,,Cable lock,,,,,"Drawer, nightstand or other UNLOCKED area",,,,"Trunk, glovebox, under seat or other hidden but unsecured place",,Yes,No,,No/don't recall,Suburban,30-44,Android Phone / Tablet,Female,"$100,000-$124,999",East North Central
118439869670,453292315,10/10/2023 12:23:26 PM,10/10/2023 12:24:43 PM,,,,,c27ede0e3997a124bf6fea47ef,smc,Female,35-54,"North East (Chicago, Suburbs of Chicago, Joliet, Aurora, Waukegan, Evanston, etc.)","Some locked, some unlocked",,Cable lock,"Biometric (Fingerprint, etc.) safe",Locked safe or case (not biometric),Trigger Lock,Other type of lock or safe (including locked cabinet or other locked area),"Drawer, nightstand or other UNLOCKED area",,"Biometric (fingerprint, etc.) safe secured to vehicle",Locked safe or case (not biometric) secured to vehicle,"Trunk, glovebox, under seat or other hidden but unsecured place",No firearms in any household vehicles,Yes,Yes,,Yes,Suburban,45-60,iOS Phone / Tablet,Female,"$25,000-$49,999",East North Central
118439866322,453292315,10/10/2023 12:19:46 PM,10/10/2023 12:21:21 PM,,,,,1bcd0d5de3733a4ad4c33fcc40,smc,Female,35-54,"Southern (Carbondale, Mount Vernon, East St. Louis, etc.)",No firearms in home or vehicles,"Biometric (fingerprint, etc.) safe",,,,,,,,,,,,No,,Yes,No/don't recall,Urban/city,45-60,Android Phone / Tablet,Female,"$25,000-$49,999",East North Central
118439858947,453292315,10/10/2023 12:13:24 PM,10/10/2023 12:14:19 PM,,,,,b92dbf8de23f8d6eda37d9f80b,smc,Female,55+,"Southern (Carbondale, Mount Vernon, East St. Louis, etc.)",No firearms in home or vehicles,Locked safe or case (not biometric),,,,,,,,,,,,No,,Yes,Yes,Suburban,45-60,iOS Phone / Tablet,Female,"$50,000-$74,999",East North Central
118439854093,453292315,10/10/2023 12:08:46 PM,10/10/2023 12:11:19 PM,,,,,c8886638ca2fdd780b7c9fd2c5,smc,Male,55+,"North East (Chicago, Suburbs of Chicago, Joliet, Aurora, Waukegan, Evanston, etc.)",No firearms in home or vehicles,Other type of lock or safe (including cabinet or other locked area),,,,,,,,,,,,No,,Yes,Yes,Suburban,> 60,Windows Desktop / Laptop,Male,"$10,000-$24,999",East North Central
118439854151,453292315,10/10/2023 12:08:32 PM,10/10/2023 12:09:21 PM,,,,,69dcfc016319755e3bb7210233,smc,Female,35-54,"Central (Peoria, Champaign, Springfield, etc.)","Some locked, some unlocked",,,"Biometric (Fingerprint, etc.) safe",,,,"Drawer, nightstand or other UNLOCKED area",,"Biometric (fingerprint, etc.) safe secured to vehicle",,"Trunk, glovebox, under seat or other hidden but unsecured place",,Yes,Yes,,Yes,Rural,45-60,Android Phone / Tablet,Female,"$100,000-$124,999",East North Central
118439847096,453292315,10/10/2023 12:01:47 PM,10/10/2023 12:02:37 PM,,,,,d76fc8dfc6cb63913bc6f97541,smc,Male,55+,"North East (Chicago, Suburbs of Chicago, Joliet, Aurora, Waukegan, Evanston, etc.)",No firearms in home or vehicles,Locked safe or case (not biometric),,,,,,,,,,,,No,,Yes,Yes,Suburban,> 60,MacOS Desktop / Laptop,Male,"$75,000-$99,999",East North Central
118439847306,453292315,10/10/2023 12:00:52 PM,10/10/2023 12:02:19 PM,,,,,4d70d9cd13bfb04b17dbd97832,smc,Female,35-54,"Central (Peoria, Champaign, Springfield, etc.)",All Unlocked,,,,,Trigger Lock,,,,,Locked safe or case (not biometric) secured to vehicle,,,Yes,Yes,,Yes,Suburban,30-44,Android Phone / Tablet,Female,"$75,000-$99,999",East North Central
118439843497,453292315,10/10/2023 11:57:13 AM,10/10/2023 11:58:30 AM,,,,,a6248e461aa0bafd5f9ef1e108,smc,Female,35-54,"Central (Peoria, Champaign, Springfield, etc.)","Some locked, some unlocked",,,"Biometric (Fingerprint, etc.) safe",,,Other type of lock or safe (including locked cabinet or other locked area),,,"Biometric (fingerprint, etc.) safe secured to vehicle",Locked safe or case (not biometric) secured to vehicle,,,Yes,Yes,,Yes,Rural,45-60,Android Phone / Tablet,Female,"$10,000-$24,999",East North Central
118439837667,453292315,10/10/2023 11:52:09 AM,10/10/2023 11:52:33 AM,,,,,8dcc9057874d52bb37837c35ae,smc,Female,55+,"Southern (Carbondale, Mount Vernon, East St. Louis, etc.)",All Unlocked,,,,,,,,,,,,,,,,,,,,,,
118439832667,453292315,10/10/2023 11:46:21 AM,10/10/2023 11:47:22 AM,,,,,a44c9cc7f7d0b51f86aed20713,smc,Female,35-54,"North East (Chicago, Suburbs of Chicago, Joliet, Aurora, Waukegan, Evanston, etc.)",No firearms in home or vehicles,Locked safe or case (not biometric),,,,,,,,,,,,No,,Yes,No/don't recall,Urban/city,30-44,iOS Phone / Tablet,Female,"$100,000-$124,999",East North Central
118439830682,453292315,10/10/2023 11:43:49 AM,10/10/2023 11:45:25 AM,,,,,ed2f7c4f4033b9af6806362908,smc,Female,55+,"North West or North Central (Rockford, DeKalb, Moline, Rock Island, etc.)",All Unlocked,,,,,,,"Drawer, nightstand or other UNLOCKED area",,,,,No firearms in any household vehicles,No,,No,No/don't recall,Urban/city,45-60,iOS Phone / Tablet,Female,"$75,000-$99,999",East North Central
118439821888,453292315,10/10/2023 11:35:49 AM,10/10/2023 11:37:10 AM,,,,,72bc9d5b88420bb40552e7e53d,smc,Male,35-54,"Southern (Carbondale, Mount Vernon, East St. Louis, etc.)",All locked,,Cable lock,,,,,,,,,,No firearms in any household vehicles,Yes,No,,Yes,Suburban,45-60,Android Phone / Tablet,Male,Prefer not to answer,East North Central
118439820380,453292315,10/10/2023 11:34:57 AM,10/10/2023 11:35:47 AM,,,,,a658fc0ad8326ee2d4b025ce4f,smc,Female,35-54,"North East (Chicago, Suburbs of Chicago, Joliet, Aurora, Waukegan, Evanston, etc.)",No firearms in home or vehicles,Locked safe or case (not biometric),,,,,,,,,,,,No,,Yes,No/don't recall,Suburban,45-60,iOS Phone / Tablet,Female,"$0-$9,999",East North Central
118439813526,453292315,10/10/2023 11:30:02 AM,10/10/2023 11:30:16 AM,,,,,37c997d98a94fec471cfae9023,smc,Female,55+,"Southern (Carbondale, Mount Vernon, East St. Louis, etc.)",All Unlocked,,,,Locked safe or case (not biometric),,,,,,,"Trunk, glovebox, under seat or other hidden but unsecured place",,Yes,No,,No/don't recall,Suburban,45-60,Android Phone / Tablet,Female,"$25,000-$49,999",East North Central
118439812815,453292315,10/10/2023 11:29:19 AM,10/10/2023 11:30:06 AM,,,,,59736dcca2330523f5cbf6df91,smc,Female,55+,"North East (Chicago, Suburbs of Chicago, Joliet, Aurora, Waukegan, Evanston, etc.)",No firearms in home or vehicles,Locked safe or case (not biometric),,,,,,,,,,,,No,,Yes,No/don't recall,Suburban,> 60,Windows Desktop / Laptop,Female,"$100,000-$124,999",East North Central
118439810094,453292315,10/10/2023 11:25:21 AM,10/10/2023 11:27:01 AM,,,,,2cd1d756966bb6a8c12cbf76a4,smc,Female,55+,"North East (Chicago, Suburbs of Chicago, Joliet, Aurora, Waukegan, Evanston, etc.)",No firearms in home or vehicles,"Biometric (fingerprint, etc.) safe",,,,,,,,,,,,No,,Yes,Yes,Suburban,> 60,Android Phone / Tablet,Female,"$25,000-$49,999",East North Central
118439806786,453292315,10/10/2023 11:23:27 AM,10/10/2023 11:25:22 AM,,,,,aad9db1f2869931a8ad90b4b5c,smc,Male,35-54,"North East (Chicago, Suburbs of Chicago, Joliet, Aurora, Waukegan, Evanston, etc.)",No firearms in home or vehicles,Locked safe or case (not biometric),,,,,,,,,,,,No,,Yes,Yes,Suburban,30-44,Windows Desktop / Laptop,Male,"$175,000-$199,999",East North Central
118439805226,453292315,10/10/2023 11:19:41 AM,10/10/2023 11:22:17 AM,,,,,1f3a8a7758e2adc42934575102,smc,Female,55+,"Central (Peoria, Champaign, Springfield, etc.)",No firearms in home or vehicles,Locked safe or case (not biometric),,,,,,,,,,,,No,,No,Yes,Urban/city,> 60,iOS Phone / Tablet,Female,"$50,000-$74,999",East North Central
118439801522,453292315,10/10/2023 11:18:20 AM,10/10/2023 11:18:42 AM,,,,,416bbdb076c2a663268d7a4c63,smc,Female,21-34,"North East (Chicago, Suburbs of Chicago, Joliet, Aurora, Waukegan, Evanston, etc.)",All locked,,Cable lock,,Locked safe or case (not biometric),,,,,,Locked safe or case (not biometric) secured to vehicle,,,Yes,Yes,,Yes,Urban/city,18-29,iOS Phone / Tablet,Female,"$0-$9,999",East North Central
118439795782,453292315,10/10/2023 11:12:25 AM,10/10/2023 11:13:22 AM,,,,,54a000dc7f4e3fea46451bd204,smc,Female,55+,"North East (Chicago, Suburbs of Chicago, Joliet, Aurora, Waukegan, Evanston, etc.)",No firearms in home or vehicles,Locked safe or case (not biometric),,,,,,,,,,,,No,,Yes,Yes,Rural,> 60,iOS Phone / Tablet,Female,"$200,000+",East North Central
